#-----------------------------------------------------------
# Vivado v2024.1 (64-bit)
# SW Build 5076996 on Wed May 22 18:37:14 MDT 2024
# IP Build 5075265 on Wed May 22 21:45:21 MDT 2024
# SharedData Build 5076995 on Wed May 22 18:29:18 MDT 2024
# Start of session at: Fri Apr 11 10:54:56 2025
# Process ID: 23964
# Current directory: D:/Minh_Hung/L05_Group_2_BTL_TKVM
# Command line: vivado.exe -gui_launcher_event rodinguilauncherevent2680 D:\Minh_Hung\L05_Group_2_BTL_TKVM\L05_Group_2_BTL_TKVM.xpr
# Log file: D:/Minh_Hung/L05_Group_2_BTL_TKVM/vivado.log
# Journal file: D:/Minh_Hung/L05_Group_2_BTL_TKVM\vivado.jou
# Running On        :MINH-HUNG
# Platform          :Windows Server 2016 or Windows 10
# Operating System  :26100
# Processor Detail  :AMD Ryzen 7 8745H w/ Radeon 780M Graphics
# CPU Frequency     :3793 MHz
# CPU Physical cores:8
# CPU Logical cores :16
# Host memory       :25028 MB
# Swap memory       :1610 MB
# Total Virtual     :26638 MB
# Available Virtual :9016 MB
#-----------------------------------------------------------
start_gui
open_project D:/Minh_Hung/L05_Group_2_BTL_TKVM/L05_Group_2_BTL_TKVM.xpr
WARNING: [Board 49-26] cannot add Board Part xilinx.com:kc705:part0:1.6 available at D:/Vivado/2024.1/data/xhub/boards/XilinxBoardStore/boards/Xilinx/kc705/1.6/board.xml as part xc7k325tffg900-2 specified in board_part file is either invalid or not available
WARNING: [Board 49-26] cannot add Board Part xilinx.com:kcu105:part0:1.6 available at D:/Vivado/2024.1/data/xhub/boards/XilinxBoardStore/boards/Xilinx/kcu105/1.6/board.xml as part xcku040-ffva1156-2-e specified in board_part file is either invalid or not available
WARNING: [Board 49-26] cannot add Board Part xilinx.com:kcu105:part0:1.7 available at D:/Vivado/2024.1/data/xhub/boards/XilinxBoardStore/boards/Xilinx/kcu105/1.7/board.xml as part xcku040-ffva1156-2-e specified in board_part file is either invalid or not available
WARNING: [Board 49-26] cannot add Board Part xilinx.com:kcu1500:part0:1.2 available at D:/Vivado/2024.1/data/xhub/boards/XilinxBoardStore/boards/Xilinx/kcu1500/1.2/board.xml as part xcku115-flvb2104-2-e specified in board_part file is either invalid or not available
WARNING: [Board 49-26] cannot add Board Part xilinx.com:vc707:part0:1.4 available at D:/Vivado/2024.1/data/xhub/boards/XilinxBoardStore/boards/Xilinx/vc707/1.4/board.xml as part xc7vx485tffg1761-2 specified in board_part file is either invalid or not available
WARNING: [Board 49-26] cannot add Board Part xilinx.com:vc709:part0:1.8 available at D:/Vivado/2024.1/data/xhub/boards/XilinxBoardStore/boards/Xilinx/vc709/1.8/board.xml as part xc7vx690tffg1761-2 specified in board_part file is either invalid or not available
WARNING: [Board 49-26] cannot add Board Part xilinx.com:vck190:part0:2.2 available at D:/Vivado/2024.1/data/xhub/boards/XilinxBoardStore/boards/Xilinx/vck190/production/2.2/board.xml as part xcvc1902-vsva2197-2mp-e-s specified in board_part file is either invalid or not available
WARNING: [Board 49-26] cannot add Board Part xilinx.com:vck190:part0:3.0 available at D:/Vivado/2024.1/data/xhub/boards/XilinxBoardStore/boards/Xilinx/vck190/production/3.0/board.xml as part xcvc1902-vsva2197-2mp-e-s specified in board_part file is either invalid or not available
WARNING: [Board 49-26] cannot add Board Part xilinx.com:vck190:part0:3.1 available at D:/Vivado/2024.1/data/xhub/boards/XilinxBoardStore/boards/Xilinx/vck190/production/3.1/board.xml as part xcvc1902-vsva2197-2mp-e-s specified in board_part file is either invalid or not available
WARNING: [Board 49-26] cannot add Board Part xilinx.com:vck190:part0:3.2 available at D:/Vivado/2024.1/data/xhub/boards/XilinxBoardStore/boards/Xilinx/vck190/production/3.2/board.xml as part xcvc1902-vsva2197-2mp-e-s specified in board_part file is either invalid or not available
WARNING: [Board 49-26] cannot add Board Part xilinx.com:vck190:part0:3.3 available at D:/Vivado/2024.1/data/xhub/boards/XilinxBoardStore/boards/Xilinx/vck190/production/3.3/board.xml as part xcvc1902-vsva2197-2mp-e-s specified in board_part file is either invalid or not available
WARNING: [Board 49-26] cannot add Board Part xilinx.com:vck190_newl:part0:1.0 available at D:/Vivado/2024.1/data/xhub/boards/XilinxBoardStore/boards/Xilinx/vck190_newl/production/1.0/board.xml as part xcvc1902-vsva2197-2mp-e-s specified in board_part file is either invalid or not available
WARNING: [Board 49-26] cannot add Board Part xilinx.com:vck190_newl:part0:1.1 available at D:/Vivado/2024.1/data/xhub/boards/XilinxBoardStore/boards/Xilinx/vck190_newl/production/1.1/board.xml as part xcvc1902-vsva2197-2mp-e-s specified in board_part file is either invalid or not available
WARNING: [Board 49-26] cannot add Board Part xilinx.com:vck190_newl:part0:1.2 available at D:/Vivado/2024.1/data/xhub/boards/XilinxBoardStore/boards/Xilinx/vck190_newl/production/1.2/board.xml as part xcvc1902-vsva2197-2mp-e-s specified in board_part file is either invalid or not available
WARNING: [Board 49-26] cannot add Board Part xilinx.com:vcu108:part0:1.6 available at D:/Vivado/2024.1/data/xhub/boards/XilinxBoardStore/boards/Xilinx/vcu108/1.6/board.xml as part xcvu095-ffva2104-2-e specified in board_part file is either invalid or not available
WARNING: [Board 49-26] cannot add Board Part xilinx.com:vcu108:part0:1.7 available at D:/Vivado/2024.1/data/xhub/boards/XilinxBoardStore/boards/Xilinx/vcu108/1.7/board.xml as part xcvu095-ffva2104-2-e specified in board_part file is either invalid or not available
WARNING: [Board 49-26] cannot add Board Part xilinx.com:vcu110:part0:1.4 available at D:/Vivado/2024.1/data/xhub/boards/XilinxBoardStore/boards/Xilinx/vcu110/1.4/board.xml as part xcvu190-flgc2104-2-e specified in board_part file is either invalid or not available
WARNING: [Board 49-26] cannot add Board Part xilinx.com:vcu118:part0:2.0 available at D:/Vivado/2024.1/data/xhub/boards/XilinxBoardStore/boards/Xilinx/vcu118/2.0/board.xml as part xcvu9p-flga2104-2l-e specified in board_part file is either invalid or not available
WARNING: [Board 49-26] cannot add Board Part xilinx.com:vcu118:part0:2.3 available at D:/Vivado/2024.1/data/xhub/boards/XilinxBoardStore/boards/Xilinx/vcu118/2.3/board.xml as part xcvu9p-flga2104-2l-e specified in board_part file is either invalid or not available
WARNING: [Board 49-26] cannot add Board Part xilinx.com:vcu118:part0:2.4 available at D:/Vivado/2024.1/data/xhub/boards/XilinxBoardStore/boards/Xilinx/vcu118/2.4/board.xml as part xcvu9p-flga2104-2l-e specified in board_part file is either invalid or not available
WARNING: [Board 49-26] cannot add Board Part xilinx.com:vcu129:part0:1.0 available at D:/Vivado/2024.1/data/xhub/boards/XilinxBoardStore/boards/Xilinx/vcu129/production/1.0/board.xml as part xcvu29p-fsga2577-2l-e specified in board_part file is either invalid or not available
WARNING: [Board 49-26] cannot add Board Part xilinx.com:vcu1525:part0:1.3 available at D:/Vivado/2024.1/data/xhub/boards/XilinxBoardStore/boards/Xilinx/vcu1525/1.3/board.xml as part xcvu9p-fsgd2104-2l-e specified in board_part file is either invalid or not available
WARNING: [Board 49-26] cannot add Board Part xilinx.com:vek280:part0:1.0 available at D:/Vivado/2024.1/data/xhub/boards/XilinxBoardStore/boards/Xilinx/vek280/production/1.0/board.xml as part xcve2802-vsvh1760-2mp-e-s specified in board_part file is either invalid or not available
WARNING: [Board 49-26] cannot add Board Part xilinx.com:vek280:part0:1.1 available at D:/Vivado/2024.1/data/xhub/boards/XilinxBoardStore/boards/Xilinx/vek280/production/1.1/board.xml as part xcve2802-vsvh1760-2mp-e-s specified in board_part file is either invalid or not available
WARNING: [Board 49-26] cannot add Board Part xilinx.com:vek280:part0:1.2 available at D:/Vivado/2024.1/data/xhub/boards/XilinxBoardStore/boards/Xilinx/vek280/production/1.2/board.xml as part xcve2802-vsvh1760-2mp-e-s specified in board_part file is either invalid or not available
WARNING: [Board 49-26] cannot add Board Part xilinx.com:vek280_es:part0:1.0 available at D:/Vivado/2024.1/data/xhub/boards/XilinxBoardStore/boards/Xilinx/vek280/es/rev_a/1.0/board.xml as part xcve2802-vsvh1760-2lp-e-s-es1 specified in board_part file is either invalid or not available
WARNING: [Board 49-26] cannot add Board Part xilinx.com:vek280_es:part0:1.1 available at D:/Vivado/2024.1/data/xhub/boards/XilinxBoardStore/boards/Xilinx/vek280/es/rev_a/1.1/board.xml as part xcve2802-vsvh1760-2lp-e-s-es1 specified in board_part file is either invalid or not available
WARNING: [Board 49-26] cannot add Board Part xilinx.com:vek280_es_revb:part0:1.0 available at D:/Vivado/2024.1/data/xhub/boards/XilinxBoardStore/boards/Xilinx/vek280/es/rev_b/1.0/board.xml as part xcve2802-vsvh1760-2mp-e-s-es1 specified in board_part file is either invalid or not available
WARNING: [Board 49-26] cannot add Board Part xilinx.com:vek280_es_revb:part0:1.1 available at D:/Vivado/2024.1/data/xhub/boards/XilinxBoardStore/boards/Xilinx/vek280/es/rev_b/1.1/board.xml as part xcve2802-vsvh1760-2mp-e-s-es1 specified in board_part file is either invalid or not available
WARNING: [Board 49-26] cannot add Board Part xilinx.com:vermeo_t1_mpsoc:part0:1.0 available at D:/Vivado/2024.1/data/xhub/boards/XilinxBoardStore/boards/Xilinx/vermeo_t1_mpsoc/1.0/board.xml as part xczu19eg-ffvd1760-2l-e specified in board_part file is either invalid or not available
WARNING: [Board 49-26] cannot add Board Part xilinx.com:vermeo_t1_rfsoc:part0:1.0 available at D:/Vivado/2024.1/data/xhub/boards/XilinxBoardStore/boards/Xilinx/vermeo_t1_rfsoc/1.0/board.xml as part xczu21dr-ffvd1156-2l-e specified in board_part file is either invalid or not available
WARNING: [Board 49-26] cannot add Board Part xilinx.com:vhk158:part0:1.0 available at D:/Vivado/2024.1/data/xhub/boards/XilinxBoardStore/boards/Xilinx/vhk158/production/1.0/board.xml as part xcvh1582-vsva3697-2mp-e-s specified in board_part file is either invalid or not available
WARNING: [Board 49-26] cannot add Board Part xilinx.com:vhk158:part0:1.1 available at D:/Vivado/2024.1/data/xhub/boards/XilinxBoardStore/boards/Xilinx/vhk158/production/1.1/board.xml as part xcvh1582-vsva3697-2mp-e-s specified in board_part file is either invalid or not available
WARNING: [Board 49-26] cannot add Board Part xilinx.com:vhk158_es:part0:1.0 available at D:/Vivado/2024.1/data/xhub/boards/XilinxBoardStore/boards/Xilinx/vhk158/es/1.0/board.xml as part xcvh1582-vsva3697-2mp-e-s-es1 specified in board_part file is either invalid or not available
WARNING: [Board 49-26] cannot add Board Part xilinx.com:vhk158_es:part0:1.1 available at D:/Vivado/2024.1/data/xhub/boards/XilinxBoardStore/boards/Xilinx/vhk158/es/1.1/board.xml as part xcvh1582-vsva3697-2mp-e-s-es1 specified in board_part file is either invalid or not available
WARNING: [Board 49-26] cannot add Board Part xilinx.com:vmk180:part0:2.2 available at D:/Vivado/2024.1/data/xhub/boards/XilinxBoardStore/boards/Xilinx/vmk180/production/2.2/board.xml as part xcvm1802-vsva2197-2mp-e-s specified in board_part file is either invalid or not available
WARNING: [Board 49-26] cannot add Board Part xilinx.com:vmk180:part0:3.0 available at D:/Vivado/2024.1/data/xhub/boards/XilinxBoardStore/boards/Xilinx/vmk180/production/3.0/board.xml as part xcvm1802-vsva2197-2mp-e-s specified in board_part file is either invalid or not available
WARNING: [Board 49-26] cannot add Board Part xilinx.com:vmk180:part0:3.1 available at D:/Vivado/2024.1/data/xhub/boards/XilinxBoardStore/boards/Xilinx/vmk180/production/3.1/board.xml as part xcvm1802-vsva2197-2mp-e-s specified in board_part file is either invalid or not available
WARNING: [Board 49-26] cannot add Board Part xilinx.com:vmk180:part0:3.2 available at D:/Vivado/2024.1/data/xhub/boards/XilinxBoardStore/boards/Xilinx/vmk180/production/3.2/board.xml as part xcvm1802-vsva2197-2mp-e-s specified in board_part file is either invalid or not available
WARNING: [Board 49-26] cannot add Board Part xilinx.com:vmk180_newl:part0:1.0 available at D:/Vivado/2024.1/data/xhub/boards/XilinxBoardStore/boards/Xilinx/vmk180_newl/production/1.0/board.xml as part xcvm1802-vsva2197-2mp-e-s specified in board_part file is either invalid or not available
WARNING: [Board 49-26] cannot add Board Part xilinx.com:vmk180_newl:part0:1.1 available at D:/Vivado/2024.1/data/xhub/boards/XilinxBoardStore/boards/Xilinx/vmk180_newl/production/1.1/board.xml as part xcvm1802-vsva2197-2mp-e-s specified in board_part file is either invalid or not available
WARNING: [Board 49-26] cannot add Board Part xilinx.com:vpk120:part0:1.0 available at D:/Vivado/2024.1/data/xhub/boards/XilinxBoardStore/boards/Xilinx/vpk120/production/1.0/board.xml as part xcvp1202-vsva2785-2mp-e-s specified in board_part file is either invalid or not available
WARNING: [Board 49-26] cannot add Board Part xilinx.com:vpk120:part0:1.1 available at D:/Vivado/2024.1/data/xhub/boards/XilinxBoardStore/boards/Xilinx/vpk120/production/1.1/board.xml as part xcvp1202-vsva2785-2mp-e-s specified in board_part file is either invalid or not available
WARNING: [Board 49-26] cannot add Board Part xilinx.com:vpk120:part0:1.2 available at D:/Vivado/2024.1/data/xhub/boards/XilinxBoardStore/boards/Xilinx/vpk120/production/1.2/board.xml as part xcvp1202-vsva2785-2mp-e-s specified in board_part file is either invalid or not available
WARNING: [Board 49-26] cannot add Board Part xilinx.com:vpk180:part0:1.0 available at D:/Vivado/2024.1/data/xhub/boards/XilinxBoardStore/boards/Xilinx/vpk180/production/1.0/board.xml as part xcvp1802-lsvc4072-2mp-e-s specified in board_part file is either invalid or not available
WARNING: [Board 49-26] cannot add Board Part xilinx.com:vpk180:part0:1.1 available at D:/Vivado/2024.1/data/xhub/boards/XilinxBoardStore/boards/Xilinx/vpk180/production/1.1/board.xml as part xcvp1802-lsvc4072-2mp-e-s specified in board_part file is either invalid or not available
WARNING: [Board 49-26] cannot add Board Part xilinx.com:vpk180:part0:1.2 available at D:/Vivado/2024.1/data/xhub/boards/XilinxBoardStore/boards/Xilinx/vpk180/production/1.2/board.xml as part xcvp1802-lsvc4072-2mp-e-s specified in board_part file is either invalid or not available
WARNING: [Board 49-26] cannot add Board Part xilinx.com:zc706:part0:1.4 available at D:/Vivado/2024.1/data/xhub/boards/XilinxBoardStore/boards/Xilinx/zc706/1.4/board.xml as part xc7z045ffg900-2 specified in board_part file is either invalid or not available
WARNING: [Board 49-26] cannot add Board Part xilinx.com:zcu102:part0:3.3 available at D:/Vivado/2024.1/data/xhub/boards/XilinxBoardStore/boards/Xilinx/zcu102/3.3/board.xml as part xczu9eg-ffvb1156-2-e specified in board_part file is either invalid or not available
WARNING: [Board 49-26] cannot add Board Part xilinx.com:zcu102:part0:3.4 available at D:/Vivado/2024.1/data/xhub/boards/XilinxBoardStore/boards/Xilinx/zcu102/3.4/board.xml as part xczu9eg-ffvb1156-2-e specified in board_part file is either invalid or not available
WARNING: [Board 49-26] cannot add Board Part xilinx.com:zcu111:part0:1.2 available at D:/Vivado/2024.1/data/xhub/boards/XilinxBoardStore/boards/Xilinx/zcu111/1.2/board.xml as part xczu28dr-ffvg1517-2-e specified in board_part file is either invalid or not available
WARNING: [Board 49-26] cannot add Board Part xilinx.com:zcu111:part0:1.3 available at D:/Vivado/2024.1/data/xhub/boards/XilinxBoardStore/boards/Xilinx/zcu111/1.3/board.xml as part xczu28dr-ffvg1517-2-e specified in board_part file is either invalid or not available
WARNING: [Board 49-26] cannot add Board Part xilinx.com:zcu111:part0:1.4 available at D:/Vivado/2024.1/data/xhub/boards/XilinxBoardStore/boards/Xilinx/zcu111/1.4/board.xml as part xczu28dr-ffvg1517-2-e specified in board_part file is either invalid or not available
WARNING: [Board 49-26] cannot add Board Part xilinx.com:zcu1275:part0:1.0 available at D:/Vivado/2024.1/data/xhub/boards/XilinxBoardStore/boards/Xilinx/zcu1275/1.0/board.xml as part xczu29dr-ffvf1760-2-e specified in board_part file is either invalid or not available
WARNING: [Board 49-26] cannot add Board Part xilinx.com:zcu1285:part0:1.0 available at D:/Vivado/2024.1/data/xhub/boards/XilinxBoardStore/boards/Xilinx/zcu1285/1.0/board.xml as part xczu39dr-ffvf1760-2-i specified in board_part file is either invalid or not available
WARNING: [Board 49-26] cannot add Board Part xilinx.com:zcu208:part0:2.0 available at D:/Vivado/2024.1/data/xhub/boards/XilinxBoardStore/boards/Xilinx/zcu208/production/2.0/board.xml as part xczu48dr-fsvg1517-2-e specified in board_part file is either invalid or not available
WARNING: [Board 49-26] cannot add Board Part xilinx.com:zcu208ld:part0:2.0 available at D:/Vivado/2024.1/data/xhub/boards/XilinxBoardStore/boards/Xilinx/zcu208ld/production/2.0/board.xml as part xczu58dr-fsvg1517-2-i specified in board_part file is either invalid or not available
WARNING: [Board 49-26] cannot add Board Part xilinx.com:zcu216:part0:2.0 available at D:/Vivado/2024.1/data/xhub/boards/XilinxBoardStore/boards/Xilinx/zcu216/production/2.0/board.xml as part xczu49dr-ffvf1760-2-e specified in board_part file is either invalid or not available
WARNING: [Board 49-26] cannot add Board Part xilinx.com:zcu216ld:part0:2.0 available at D:/Vivado/2024.1/data/xhub/boards/XilinxBoardStore/boards/Xilinx/zcu216ld/production/2.0/board.xml as part xczu59dr-ffvf1760-2-i specified in board_part file is either invalid or not available
WARNING: [Board 49-26] cannot add Board Part xilinx.com:zcu670:part0:2.0 available at D:/Vivado/2024.1/data/xhub/boards/XilinxBoardStore/boards/Xilinx/zcu670/2.0/board.xml as part xczu67dr-fsve1156-2-i specified in board_part file is either invalid or not available
WARNING: [Board 49-26] cannot add Board Part xilinx.com:zcu670ld:part0:1.0 available at D:/Vivado/2024.1/data/xhub/boards/XilinxBoardStore/boards/Xilinx/zcu670ld/1.0/board.xml as part xczu57dr-fsve1156-2-i specified in board_part file is either invalid or not available
INFO: [filemgmt 56-3] Default IP Output Path : Could not find the directory 'D:/Minh_Hung/L05_Group_2_BTL_TKVM/L05_Group_2_BTL_TKVM.gen/sources_1'.
Scanning sources...
Finished scanning sources
INFO: [IP_Flow 19-234] Refreshing IP repositories
INFO: [IP_Flow 19-1704] No user IP repositories specified
INFO: [IP_Flow 19-2313] Loaded Vivado IP repository 'D:/Vivado/2024.1/data/ip'.
open_project: Time (s): cpu = 00:00:18 ; elapsed = 00:00:10 . Memory (MB): peak = 1557.500 ; gain = 454.328
update_compile_order -fileset sources_1
launch_simulation
Command: launch_simulation 
INFO: [Vivado 12-12493] Simulation top is 'RISC_CPU_tb'
WARNING: [Vivado 12-13340] Unable to auto find GCC executables from simulator install path! (path not set)
INFO: [Vivado 12-5682] Launching behavioral simulation in 'D:/Minh_Hung/L05_Group_2_BTL_TKVM/L05_Group_2_BTL_TKVM.sim/sim_1/behav/xsim'
INFO: [SIM-utils-51] Simulation object is 'sim_1'
INFO: [SIM-utils-72] Using boost library from 'D:/Vivado/2024.1/tps/boost_1_72_0'
INFO: [SIM-utils-54] Inspecting design source files for 'RISC_CPU_tb' in fileset 'sim_1'...
INFO: [SIM-utils-43] Exported 'D:/Minh_Hung/L05_Group_2_BTL_TKVM/L05_Group_2_BTL_TKVM.sim/sim_1/behav/xsim/data_init.mem'
INFO: [SIM-utils-43] Exported 'D:/Minh_Hung/L05_Group_2_BTL_TKVM/L05_Group_2_BTL_TKVM.sim/sim_1/behav/xsim/instruction_file.mem'
INFO: [USF-XSim-97] Finding global include files...
INFO: [USF-XSim-98] Fetching design files from 'sim_1'...
INFO: [USF-XSim-2] XSim::Compile design
INFO: [USF-XSim-61] Executing 'COMPILE and ANALYZE' step in 'D:/Minh_Hung/L05_Group_2_BTL_TKVM/L05_Group_2_BTL_TKVM.sim/sim_1/behav/xsim'
"xvlog --incr --relax -prj RISC_CPU_tb_vlog.prj"
INFO: [VRFC 10-2263] Analyzing Verilog file "D:/Minh_Hung/L05_Group_2_BTL_TKVM/L05_Group_2_BTL_TKVM.srcs/sources_1/new/ALU.v" into library xil_defaultlib
INFO: [VRFC 10-311] analyzing module ALU
INFO: [VRFC 10-2263] Analyzing Verilog file "D:/Minh_Hung/L05_Group_2_BTL_TKVM/L05_Group_2_BTL_TKVM.srcs/sources_1/new/Accumulator.v" into library xil_defaultlib
INFO: [VRFC 10-311] analyzing module Accumulator
INFO: [VRFC 10-2263] Analyzing Verilog file "D:/Minh_Hung/L05_Group_2_BTL_TKVM/L05_Group_2_BTL_TKVM.srcs/sources_1/new/Controller.v" into library xil_defaultlib
INFO: [VRFC 10-311] analyzing module Controller
ERROR: [VRFC 10-2989] 'SKZ' is not declared [D:/Minh_Hung/L05_Group_2_BTL_TKVM/L05_Group_2_BTL_TKVM.srcs/sources_1/new/Controller.v:37]
ERROR: [VRFC 10-2989] 'SKZ' is not declared [D:/Minh_Hung/L05_Group_2_BTL_TKVM/L05_Group_2_BTL_TKVM.srcs/sources_1/new/Controller.v:59]
ERROR: [VRFC 10-2989] 'SKZ' is not declared [D:/Minh_Hung/L05_Group_2_BTL_TKVM/L05_Group_2_BTL_TKVM.srcs/sources_1/new/Controller.v:160]
ERROR: [VRFC 10-8530] module 'Controller' is ignored due to previous errors [D:/Minh_Hung/L05_Group_2_BTL_TKVM/L05_Group_2_BTL_TKVM.srcs/sources_1/new/Controller.v:1]
INFO: [USF-XSim-69] 'compile' step finished in '1' seconds
INFO: [USF-XSim-99] Step results log file:'D:/Minh_Hung/L05_Group_2_BTL_TKVM/L05_Group_2_BTL_TKVM.sim/sim_1/behav/xsim/xvlog.log'
ERROR: [USF-XSim-62] 'compile' step failed with error(s). Please check the Tcl console output or 'D:/Minh_Hung/L05_Group_2_BTL_TKVM/L05_Group_2_BTL_TKVM.sim/sim_1/behav/xsim/xvlog.log' file for more information.
ERROR: [Vivado 12-4473] Detected error while running simulation. Please correct the issue and retry this operation.
ERROR: [Common 17-39] 'launch_simulation' failed due to earlier errors.
launch_simulation
Command: launch_simulation 
INFO: [Vivado 12-12493] Simulation top is 'RISC_CPU_tb'
WARNING: [Vivado 12-13340] Unable to auto find GCC executables from simulator install path! (path not set)
INFO: [Vivado 12-5682] Launching behavioral simulation in 'D:/Minh_Hung/L05_Group_2_BTL_TKVM/L05_Group_2_BTL_TKVM.sim/sim_1/behav/xsim'
INFO: [SIM-utils-51] Simulation object is 'sim_1'
INFO: [SIM-utils-72] Using boost library from 'D:/Vivado/2024.1/tps/boost_1_72_0'
INFO: [SIM-utils-54] Inspecting design source files for 'RISC_CPU_tb' in fileset 'sim_1'...
INFO: [SIM-utils-43] Exported 'D:/Minh_Hung/L05_Group_2_BTL_TKVM/L05_Group_2_BTL_TKVM.sim/sim_1/behav/xsim/data_init.mem'
INFO: [SIM-utils-43] Exported 'D:/Minh_Hung/L05_Group_2_BTL_TKVM/L05_Group_2_BTL_TKVM.sim/sim_1/behav/xsim/instruction_file.mem'
INFO: [USF-XSim-97] Finding global include files...
INFO: [USF-XSim-98] Fetching design files from 'sim_1'...
INFO: [USF-XSim-2] XSim::Compile design
INFO: [USF-XSim-61] Executing 'COMPILE and ANALYZE' step in 'D:/Minh_Hung/L05_Group_2_BTL_TKVM/L05_Group_2_BTL_TKVM.sim/sim_1/behav/xsim'
"xvlog --incr --relax -prj RISC_CPU_tb_vlog.prj"
INFO: [VRFC 10-2263] Analyzing Verilog file "D:/Minh_Hung/L05_Group_2_BTL_TKVM/L05_Group_2_BTL_TKVM.srcs/sources_1/new/ALU.v" into library xil_defaultlib
INFO: [VRFC 10-311] analyzing module ALU
INFO: [VRFC 10-2263] Analyzing Verilog file "D:/Minh_Hung/L05_Group_2_BTL_TKVM/L05_Group_2_BTL_TKVM.srcs/sources_1/new/Accumulator.v" into library xil_defaultlib
INFO: [VRFC 10-311] analyzing module Accumulator
INFO: [VRFC 10-2263] Analyzing Verilog file "D:/Minh_Hung/L05_Group_2_BTL_TKVM/L05_Group_2_BTL_TKVM.srcs/sources_1/new/Controller.v" into library xil_defaultlib
INFO: [VRFC 10-311] analyzing module Controller
ERROR: [VRFC 10-2989] 'SKZ' is not declared [D:/Minh_Hung/L05_Group_2_BTL_TKVM/L05_Group_2_BTL_TKVM.srcs/sources_1/new/Controller.v:37]
ERROR: [VRFC 10-2989] 'SKZ' is not declared [D:/Minh_Hung/L05_Group_2_BTL_TKVM/L05_Group_2_BTL_TKVM.srcs/sources_1/new/Controller.v:59]
ERROR: [VRFC 10-2989] 'SKZ' is not declared [D:/Minh_Hung/L05_Group_2_BTL_TKVM/L05_Group_2_BTL_TKVM.srcs/sources_1/new/Controller.v:160]
ERROR: [VRFC 10-8530] module 'Controller' is ignored due to previous errors [D:/Minh_Hung/L05_Group_2_BTL_TKVM/L05_Group_2_BTL_TKVM.srcs/sources_1/new/Controller.v:1]
INFO: [USF-XSim-69] 'compile' step finished in '1' seconds
INFO: [USF-XSim-99] Step results log file:'D:/Minh_Hung/L05_Group_2_BTL_TKVM/L05_Group_2_BTL_TKVM.sim/sim_1/behav/xsim/xvlog.log'
ERROR: [USF-XSim-62] 'compile' step failed with error(s). Please check the Tcl console output or 'D:/Minh_Hung/L05_Group_2_BTL_TKVM/L05_Group_2_BTL_TKVM.sim/sim_1/behav/xsim/xvlog.log' file for more information.
ERROR: [Vivado 12-4473] Detected error while running simulation. Please correct the issue and retry this operation.
ERROR: [Common 17-39] 'launch_simulation' failed due to earlier errors.
launch_simulation
Command: launch_simulation 
INFO: [Vivado 12-12493] Simulation top is 'RISC_CPU_tb'
WARNING: [Vivado 12-13340] Unable to auto find GCC executables from simulator install path! (path not set)
INFO: [Vivado 12-5682] Launching behavioral simulation in 'D:/Minh_Hung/L05_Group_2_BTL_TKVM/L05_Group_2_BTL_TKVM.sim/sim_1/behav/xsim'
INFO: [SIM-utils-51] Simulation object is 'sim_1'
INFO: [SIM-utils-72] Using boost library from 'D:/Vivado/2024.1/tps/boost_1_72_0'
INFO: [SIM-utils-54] Inspecting design source files for 'RISC_CPU_tb' in fileset 'sim_1'...
INFO: [SIM-utils-43] Exported 'D:/Minh_Hung/L05_Group_2_BTL_TKVM/L05_Group_2_BTL_TKVM.sim/sim_1/behav/xsim/data_init.mem'
INFO: [SIM-utils-43] Exported 'D:/Minh_Hung/L05_Group_2_BTL_TKVM/L05_Group_2_BTL_TKVM.sim/sim_1/behav/xsim/instruction_file.mem'
INFO: [USF-XSim-97] Finding global include files...
INFO: [USF-XSim-98] Fetching design files from 'sim_1'...
INFO: [USF-XSim-2] XSim::Compile design
INFO: [USF-XSim-61] Executing 'COMPILE and ANALYZE' step in 'D:/Minh_Hung/L05_Group_2_BTL_TKVM/L05_Group_2_BTL_TKVM.sim/sim_1/behav/xsim'
"xvlog --incr --relax -prj RISC_CPU_tb_vlog.prj"
INFO: [VRFC 10-2263] Analyzing Verilog file "D:/Minh_Hung/L05_Group_2_BTL_TKVM/L05_Group_2_BTL_TKVM.srcs/sources_1/new/ALU.v" into library xil_defaultlib
INFO: [VRFC 10-311] analyzing module ALU
INFO: [VRFC 10-2263] Analyzing Verilog file "D:/Minh_Hung/L05_Group_2_BTL_TKVM/L05_Group_2_BTL_TKVM.srcs/sources_1/new/Accumulator.v" into library xil_defaultlib
INFO: [VRFC 10-311] analyzing module Accumulator
INFO: [VRFC 10-2263] Analyzing Verilog file "D:/Minh_Hung/L05_Group_2_BTL_TKVM/L05_Group_2_BTL_TKVM.srcs/sources_1/new/Controller.v" into library xil_defaultlib
INFO: [VRFC 10-311] analyzing module Controller
ERROR: [VRFC 10-2989] 'SKZ' is not declared [D:/Minh_Hung/L05_Group_2_BTL_TKVM/L05_Group_2_BTL_TKVM.srcs/sources_1/new/Controller.v:37]
ERROR: [VRFC 10-2989] 'SKZ' is not declared [D:/Minh_Hung/L05_Group_2_BTL_TKVM/L05_Group_2_BTL_TKVM.srcs/sources_1/new/Controller.v:59]
ERROR: [VRFC 10-2989] 'SKZ' is not declared [D:/Minh_Hung/L05_Group_2_BTL_TKVM/L05_Group_2_BTL_TKVM.srcs/sources_1/new/Controller.v:160]
ERROR: [VRFC 10-8530] module 'Controller' is ignored due to previous errors [D:/Minh_Hung/L05_Group_2_BTL_TKVM/L05_Group_2_BTL_TKVM.srcs/sources_1/new/Controller.v:1]
INFO: [USF-XSim-69] 'compile' step finished in '1' seconds
INFO: [USF-XSim-99] Step results log file:'D:/Minh_Hung/L05_Group_2_BTL_TKVM/L05_Group_2_BTL_TKVM.sim/sim_1/behav/xsim/xvlog.log'
ERROR: [USF-XSim-62] 'compile' step failed with error(s). Please check the Tcl console output or 'D:/Minh_Hung/L05_Group_2_BTL_TKVM/L05_Group_2_BTL_TKVM.sim/sim_1/behav/xsim/xvlog.log' file for more information.
ERROR: [Vivado 12-4473] Detected error while running simulation. Please correct the issue and retry this operation.
ERROR: [Common 17-39] 'launch_simulation' failed due to earlier errors.
launch_simulation
Command: launch_simulation 
INFO: [Vivado 12-12493] Simulation top is 'RISC_CPU_tb'
WARNING: [Vivado 12-13340] Unable to auto find GCC executables from simulator install path! (path not set)
INFO: [Vivado 12-5682] Launching behavioral simulation in 'D:/Minh_Hung/L05_Group_2_BTL_TKVM/L05_Group_2_BTL_TKVM.sim/sim_1/behav/xsim'
INFO: [SIM-utils-51] Simulation object is 'sim_1'
INFO: [SIM-utils-72] Using boost library from 'D:/Vivado/2024.1/tps/boost_1_72_0'
INFO: [SIM-utils-54] Inspecting design source files for 'RISC_CPU_tb' in fileset 'sim_1'...
INFO: [SIM-utils-43] Exported 'D:/Minh_Hung/L05_Group_2_BTL_TKVM/L05_Group_2_BTL_TKVM.sim/sim_1/behav/xsim/data_init.mem'
INFO: [SIM-utils-43] Exported 'D:/Minh_Hung/L05_Group_2_BTL_TKVM/L05_Group_2_BTL_TKVM.sim/sim_1/behav/xsim/instruction_file.mem'
INFO: [USF-XSim-97] Finding global include files...
INFO: [USF-XSim-98] Fetching design files from 'sim_1'...
INFO: [USF-XSim-2] XSim::Compile design
INFO: [USF-XSim-61] Executing 'COMPILE and ANALYZE' step in 'D:/Minh_Hung/L05_Group_2_BTL_TKVM/L05_Group_2_BTL_TKVM.sim/sim_1/behav/xsim'
"xvlog --incr --relax -prj RISC_CPU_tb_vlog.prj"
INFO: [VRFC 10-2263] Analyzing Verilog file "D:/Minh_Hung/L05_Group_2_BTL_TKVM/L05_Group_2_BTL_TKVM.srcs/sources_1/new/ALU.v" into library xil_defaultlib
INFO: [VRFC 10-311] analyzing module ALU
INFO: [VRFC 10-2263] Analyzing Verilog file "D:/Minh_Hung/L05_Group_2_BTL_TKVM/L05_Group_2_BTL_TKVM.srcs/sources_1/new/Accumulator.v" into library xil_defaultlib
INFO: [VRFC 10-311] analyzing module Accumulator
INFO: [VRFC 10-2263] Analyzing Verilog file "D:/Minh_Hung/L05_Group_2_BTL_TKVM/L05_Group_2_BTL_TKVM.srcs/sources_1/new/Controller.v" into library xil_defaultlib
INFO: [VRFC 10-311] analyzing module Controller
INFO: [VRFC 10-2263] Analyzing Verilog file "D:/Minh_Hung/L05_Group_2_BTL_TKVM/L05_Group_2_BTL_TKVM.srcs/sources_1/new/DataMemory.v" into library xil_defaultlib
INFO: [VRFC 10-311] analyzing module dataMemory
INFO: [VRFC 10-2263] Analyzing Verilog file "D:/Minh_Hung/L05_Group_2_BTL_TKVM/L05_Group_2_BTL_TKVM.srcs/sources_1/new/Instruction_Memory.v" into library xil_defaultlib
INFO: [VRFC 10-311] analyzing module instructionMemory
INFO: [VRFC 10-2263] Analyzing Verilog file "D:/Minh_Hung/L05_Group_2_BTL_TKVM/L05_Group_2_BTL_TKVM.srcs/sources_1/new/Instruction_register.v" into library xil_defaultlib
INFO: [VRFC 10-311] analyzing module Instruction_Register
INFO: [VRFC 10-2263] Analyzing Verilog file "D:/Minh_Hung/L05_Group_2_BTL_TKVM/L05_Group_2_BTL_TKVM.srcs/sources_1/new/RISC_CPU.v" into library xil_defaultlib
INFO: [VRFC 10-311] analyzing module RISC_CPU
INFO: [VRFC 10-2263] Analyzing Verilog file "D:/Minh_Hung/L05_Group_2_BTL_TKVM/L05_Group_2_BTL_TKVM.srcs/sources_1/new/addr_mux.v" into library xil_defaultlib
INFO: [VRFC 10-311] analyzing module addr_mux
INFO: [VRFC 10-2263] Analyzing Verilog file "D:/Minh_Hung/L05_Group_2_BTL_TKVM/L05_Group_2_BTL_TKVM.srcs/sim_1/new/RISC_CPU_tb.v" into library xil_defaultlib
INFO: [VRFC 10-311] analyzing module RISC_CPU_tb
INFO: [USF-XSim-69] 'compile' step finished in '2' seconds
INFO: [USF-XSim-3] XSim::Elaborate design
INFO: [USF-XSim-61] Executing 'ELABORATE' step in 'D:/Minh_Hung/L05_Group_2_BTL_TKVM/L05_Group_2_BTL_TKVM.sim/sim_1/behav/xsim'
"xelab --incr --debug typical --relax --mt 2 -L xil_defaultlib -L unisims_ver -L unimacro_ver -L secureip --snapshot RISC_CPU_tb_behav xil_defaultlib.RISC_CPU_tb xil_defaultlib.glbl -log elaborate.log"
Vivado Simulator v2024.1
Copyright 1986-2022 Xilinx, Inc. All Rights Reserved.
Copyright 2022-2024 Advanced Micro Devices, Inc. All Rights Reserved.
Running: D:/Vivado/2024.1/bin/unwrapped/win64.o/xelab.exe --incr --debug typical --relax --mt 2 -L xil_defaultlib -L unisims_ver -L unimacro_ver -L secureip --snapshot RISC_CPU_tb_behav xil_defaultlib.RISC_CPU_tb xil_defaultlib.glbl -log elaborate.log 
Using 2 slave threads.
Starting static elaboration
Pass Through NonSizing Optimizer
Completed static elaboration
Starting simulation data flow analysis
WARNING: [XSIM 43-4099] "D:/Minh_Hung/L05_Group_2_BTL_TKVM/L05_Group_2_BTL_TKVM.srcs/sources_1/new/ALU.v" Line 1. Module ALU doesn't have a timescale but at least one module in design has a timescale.
WARNING: [XSIM 43-4099] "D:/Minh_Hung/L05_Group_2_BTL_TKVM/L05_Group_2_BTL_TKVM.srcs/sources_1/new/ALU.v" Line 1. Module ALU doesn't have a timescale but at least one module in design has a timescale.
Completed simulation data flow analysis
Time Resolution for simulation is 1ps
Compiling module xil_defaultlib.Controller
Compiling module xil_defaultlib.Program_counter
Compiling module xil_defaultlib.addr_mux
Compiling module xil_defaultlib.instructionMemory
Compiling module xil_defaultlib.Instruction_Register
Compiling module xil_defaultlib.dataMemory
Compiling module xil_defaultlib.ALU
Compiling module xil_defaultlib.Accumulator
Compiling module xil_defaultlib.RISC_CPU
Compiling module xil_defaultlib.RISC_CPU_tb
Compiling module xil_defaultlib.glbl
Built simulation snapshot RISC_CPU_tb_behav
INFO: [USF-XSim-69] 'elaborate' step finished in '3' seconds
INFO: [USF-XSim-4] XSim::Simulate design
INFO: [USF-XSim-61] Executing 'SIMULATE' step in 'D:/Minh_Hung/L05_Group_2_BTL_TKVM/L05_Group_2_BTL_TKVM.sim/sim_1/behav/xsim'
INFO: [USF-XSim-98] *** Running xsim
   with args "RISC_CPU_tb_behav -key {Behavioral:sim_1:Functional:RISC_CPU_tb} -tclbatch {RISC_CPU_tb.tcl} -log {simulate.log}"
INFO: [USF-XSim-8] Loading simulator feature
Time resolution is 1 ps
source RISC_CPU_tb.tcl
# set curr_wave [current_wave_config]
# if { [string length $curr_wave] == 0 } {
#   if { [llength [get_objects]] > 0} {
#     add_wave /
#     set_property needs_save false [current_wave_config]
#   } else {
#      send_msg_id Add_Wave-1 WARNING "No top level signals found. Simulator will start without a wave window. If you want to open a wave window go to 'File->New Waveform Configuration' or type 'create_wave_config' in the TCL console."
#   }
# }
# run 1000ns
Time: 0 | PC_out: 0 | Opcode: zzz | Operand: zzzzz | Accumulator: 0 | ALU_Result: x | Instr: xx | Data_Mem: xx | Wr_En: 0 | Mux_Sel: 0 | PC_En: 0 | SKZ: 0 | JMP: 0 | LDA: 0 | ld_ac: 0
Time: 15000 | PC_out: 0 | Opcode: zzz | Operand: zzzzz | Accumulator: 0 | ALU_Result: x | Instr: xx | Data_Mem: xx | Wr_En: 0 | Mux_Sel: 1 | PC_En: 0 | SKZ: 0 | JMP: 0 | LDA: 0 | ld_ac: 0
Time: 35000 | PC_out: 0 | Opcode: zzz | Operand: zzzzz | Accumulator: 0 | ALU_Result: x | Instr: fe | Data_Mem: xx | Wr_En: 0 | Mux_Sel: 1 | PC_En: 0 | SKZ: 0 | JMP: 0 | LDA: 0 | ld_ac: 0
Time: 45000 | PC_out: 0 | Opcode: 111 | Operand: 11110 | Accumulator: 0 | ALU_Result: x | Instr: fe | Data_Mem: xx | Wr_En: 0 | Mux_Sel: 1 | PC_En: 0 | SKZ: 0 | JMP: 0 | LDA: 0 | ld_ac: 0
Time: 55000 | PC_out: 0 | Opcode: 111 | Operand: 11110 | Accumulator: 0 | ALU_Result: x | Instr: fe | Data_Mem: xx | Wr_En: 0 | Mux_Sel: 0 | PC_En: 0 | SKZ: 0 | JMP: 0 | LDA: 0 | ld_ac: 0
Time: 75000 | PC_out: 0 | Opcode: 111 | Operand: 11110 | Accumulator: 0 | ALU_Result: x | Instr: fe | Data_Mem: xx | Wr_En: 0 | Mux_Sel: 0 | PC_En: 0 | SKZ: 0 | JMP: 1 | LDA: 0 | ld_ac: 0
Time: 85000 | PC_out: 0 | Opcode: 111 | Operand: 11110 | Accumulator: 0 | ALU_Result: x | Instr: fe | Data_Mem: xx | Wr_En: 0 | Mux_Sel: 0 | PC_En: 1 | SKZ: 0 | JMP: 1 | LDA: 0 | ld_ac: 0
Time: 95000 | PC_out: 30 | Opcode: 111 | Operand: 11110 | Accumulator: 0 | ALU_Result: x | Instr: fe | Data_Mem: xx | Wr_En: 0 | Mux_Sel: 1 | PC_En: 0 | SKZ: 0 | JMP: 0 | LDA: 0 | ld_ac: 0
Time: 115000 | PC_out: 30 | Opcode: 111 | Operand: 11110 | Accumulator: 0 | ALU_Result: x | Instr: e3 | Data_Mem: xx | Wr_En: 0 | Mux_Sel: 1 | PC_En: 0 | SKZ: 0 | JMP: 0 | LDA: 0 | ld_ac: 0
Time: 125000 | PC_out: 30 | Opcode: 111 | Operand: 00011 | Accumulator: 0 | ALU_Result: x | Instr: e3 | Data_Mem: xx | Wr_En: 0 | Mux_Sel: 1 | PC_En: 0 | SKZ: 0 | JMP: 0 | LDA: 0 | ld_ac: 0
Time: 135000 | PC_out: 30 | Opcode: 111 | Operand: 00011 | Accumulator: 0 | ALU_Result: x | Instr: e3 | Data_Mem: xx | Wr_En: 0 | Mux_Sel: 0 | PC_En: 0 | SKZ: 0 | JMP: 0 | LDA: 0 | ld_ac: 0
Time: 155000 | PC_out: 30 | Opcode: 111 | Operand: 00011 | Accumulator: 0 | ALU_Result: x | Instr: e3 | Data_Mem: 00 | Wr_En: 0 | Mux_Sel: 0 | PC_En: 0 | SKZ: 0 | JMP: 1 | LDA: 0 | ld_ac: 0
Time: 165000 | PC_out: 30 | Opcode: 111 | Operand: 00011 | Accumulator: 0 | ALU_Result: x | Instr: e3 | Data_Mem: 00 | Wr_En: 0 | Mux_Sel: 0 | PC_En: 1 | SKZ: 0 | JMP: 1 | LDA: 0 | ld_ac: 0
Time: 175000 | PC_out: 3 | Opcode: 111 | Operand: 00011 | Accumulator: 0 | ALU_Result: x | Instr: e3 | Data_Mem: 00 | Wr_En: 0 | Mux_Sel: 1 | PC_En: 0 | SKZ: 0 | JMP: 0 | LDA: 0 | ld_ac: 0
Time: 195000 | PC_out: 3 | Opcode: 111 | Operand: 00011 | Accumulator: 0 | ALU_Result: x | Instr: ba | Data_Mem: 00 | Wr_En: 0 | Mux_Sel: 1 | PC_En: 0 | SKZ: 0 | JMP: 0 | LDA: 0 | ld_ac: 0
Time: 205000 | PC_out: 3 | Opcode: 101 | Operand: 11010 | Accumulator: 0 | ALU_Result: x | Instr: ba | Data_Mem: 00 | Wr_En: 0 | Mux_Sel: 1 | PC_En: 0 | SKZ: 0 | JMP: 0 | LDA: 0 | ld_ac: 0
Time: 215000 | PC_out: 3 | Opcode: 101 | Operand: 11010 | Accumulator: 0 | ALU_Result: x | Instr: ba | Data_Mem: 00 | Wr_En: 0 | Mux_Sel: 0 | PC_En: 0 | SKZ: 0 | JMP: 0 | LDA: 0 | ld_ac: 0
Time: 245000 | PC_out: 3 | Opcode: 101 | Operand: 11010 | Accumulator: 0 | ALU_Result: x | Instr: ba | Data_Mem: 00 | Wr_En: 0 | Mux_Sel: 0 | PC_En: 1 | SKZ: 0 | JMP: 0 | LDA: 0 | ld_ac: 1
Time: 255000 | PC_out: 4 | Opcode: 101 | Operand: 11010 | Accumulator: x | ALU_Result: x | Instr: ba | Data_Mem: 00 | Wr_En: 0 | Mux_Sel: 1 | PC_En: 0 | SKZ: 0 | JMP: 0 | LDA: 0 | ld_ac: 0
Time: 275000 | PC_out: 4 | Opcode: 101 | Operand: 11010 | Accumulator: x | ALU_Result: x | Instr: 20 | Data_Mem: 00 | Wr_En: 0 | Mux_Sel: 1 | PC_En: 0 | SKZ: 0 | JMP: 0 | LDA: 0 | ld_ac: 0
Time: 285000 | PC_out: 4 | Opcode: 001 | Operand: 00000 | Accumulator: x | ALU_Result: x | Instr: 20 | Data_Mem: 00 | Wr_En: 0 | Mux_Sel: 1 | PC_En: 0 | SKZ: 0 | JMP: 0 | LDA: 0 | ld_ac: 0
Time: 295000 | PC_out: 4 | Opcode: 001 | Operand: 00000 | Accumulator: x | ALU_Result: x | Instr: 20 | Data_Mem: 00 | Wr_En: 0 | Mux_Sel: 0 | PC_En: 0 | SKZ: 1 | JMP: 0 | LDA: 0 | ld_ac: 0
Time: 325000 | PC_out: 4 | Opcode: 001 | Operand: 00000 | Accumulator: x | ALU_Result: x | Instr: 20 | Data_Mem: 00 | Wr_En: 0 | Mux_Sel: 0 | PC_En: 1 | SKZ: 0 | JMP: 0 | LDA: 0 | ld_ac: 0
Time: 335000 | PC_out: 5 | Opcode: 001 | Operand: 00000 | Accumulator: x | ALU_Result: x | Instr: 20 | Data_Mem: 00 | Wr_En: 0 | Mux_Sel: 1 | PC_En: 0 | SKZ: 0 | JMP: 0 | LDA: 0 | ld_ac: 0
Time: 355000 | PC_out: 5 | Opcode: 001 | Operand: 00000 | Accumulator: x | ALU_Result: x | Instr: 00 | Data_Mem: 00 | Wr_En: 0 | Mux_Sel: 1 | PC_En: 0 | SKZ: 0 | JMP: 0 | LDA: 0 | ld_ac: 0
Time: 365000 | PC_out: 5 | Opcode: 000 | Operand: 00000 | Accumulator: x | ALU_Result: x | Instr: 00 | Data_Mem: 00 | Wr_En: 0 | Mux_Sel: 1 | PC_En: 0 | SKZ: 0 | JMP: 0 | LDA: 0 | ld_ac: 0
Time: 375000 | PC_out: 5 | Opcode: 000 | Operand: 00000 | Accumulator: x | ALU_Result: x | Instr: 00 | Data_Mem: 00 | Wr_En: 0 | Mux_Sel: 0 | PC_En: 0 | SKZ: 0 | JMP: 0 | LDA: 0 | ld_ac: 0
INFO: [USF-XSim-96] XSim completed. Design snapshot 'RISC_CPU_tb_behav' loaded.
INFO: [USF-XSim-97] XSim simulation ran for 1000ns
launch_simulation: Time (s): cpu = 00:00:03 ; elapsed = 00:00:08 . Memory (MB): peak = 1641.395 ; gain = 15.227
close_sim
INFO: [Simtcl 6-16] Simulation closed
launch_simulation
Command: launch_simulation 
INFO: [Vivado 12-12493] Simulation top is 'RISC_CPU_tb'
WARNING: [Vivado 12-13340] Unable to auto find GCC executables from simulator install path! (path not set)
INFO: [Vivado 12-5682] Launching behavioral simulation in 'D:/Minh_Hung/L05_Group_2_BTL_TKVM/L05_Group_2_BTL_TKVM.sim/sim_1/behav/xsim'
INFO: [SIM-utils-51] Simulation object is 'sim_1'
INFO: [SIM-utils-72] Using boost library from 'D:/Vivado/2024.1/tps/boost_1_72_0'
INFO: [SIM-utils-54] Inspecting design source files for 'RISC_CPU_tb' in fileset 'sim_1'...
INFO: [SIM-utils-43] Exported 'D:/Minh_Hung/L05_Group_2_BTL_TKVM/L05_Group_2_BTL_TKVM.sim/sim_1/behav/xsim/data_init.mem'
INFO: [SIM-utils-43] Exported 'D:/Minh_Hung/L05_Group_2_BTL_TKVM/L05_Group_2_BTL_TKVM.sim/sim_1/behav/xsim/instruction_file.mem'
INFO: [USF-XSim-97] Finding global include files...
INFO: [USF-XSim-98] Fetching design files from 'sim_1'...
INFO: [USF-XSim-2] XSim::Compile design
INFO: [USF-XSim-61] Executing 'COMPILE and ANALYZE' step in 'D:/Minh_Hung/L05_Group_2_BTL_TKVM/L05_Group_2_BTL_TKVM.sim/sim_1/behav/xsim'
"xvlog --incr --relax -prj RISC_CPU_tb_vlog.prj"
INFO: [VRFC 10-2263] Analyzing Verilog file "D:/Minh_Hung/L05_Group_2_BTL_TKVM/L05_Group_2_BTL_TKVM.srcs/sources_1/new/ALU.v" into library xil_defaultlib
INFO: [VRFC 10-311] analyzing module ALU
INFO: [VRFC 10-2263] Analyzing Verilog file "D:/Minh_Hung/L05_Group_2_BTL_TKVM/L05_Group_2_BTL_TKVM.srcs/sources_1/new/Accumulator.v" into library xil_defaultlib
INFO: [VRFC 10-311] analyzing module Accumulator
INFO: [VRFC 10-2263] Analyzing Verilog file "D:/Minh_Hung/L05_Group_2_BTL_TKVM/L05_Group_2_BTL_TKVM.srcs/sources_1/new/Controller.v" into library xil_defaultlib
INFO: [VRFC 10-311] analyzing module Controller
INFO: [VRFC 10-2263] Analyzing Verilog file "D:/Minh_Hung/L05_Group_2_BTL_TKVM/L05_Group_2_BTL_TKVM.srcs/sources_1/new/DataMemory.v" into library xil_defaultlib
INFO: [VRFC 10-311] analyzing module dataMemory
INFO: [VRFC 10-2263] Analyzing Verilog file "D:/Minh_Hung/L05_Group_2_BTL_TKVM/L05_Group_2_BTL_TKVM.srcs/sources_1/new/Instruction_Memory.v" into library xil_defaultlib
INFO: [VRFC 10-311] analyzing module instructionMemory
INFO: [VRFC 10-2263] Analyzing Verilog file "D:/Minh_Hung/L05_Group_2_BTL_TKVM/L05_Group_2_BTL_TKVM.srcs/sources_1/new/Instruction_register.v" into library xil_defaultlib
INFO: [VRFC 10-311] analyzing module Instruction_Register
INFO: [VRFC 10-2263] Analyzing Verilog file "D:/Minh_Hung/L05_Group_2_BTL_TKVM/L05_Group_2_BTL_TKVM.srcs/sources_1/new/Program_counter.v" into library xil_defaultlib
INFO: [VRFC 10-311] analyzing module Program_counter
INFO: [VRFC 10-2263] Analyzing Verilog file "D:/Minh_Hung/L05_Group_2_BTL_TKVM/L05_Group_2_BTL_TKVM.srcs/sources_1/new/RISC_CPU.v" into library xil_defaultlib
INFO: [VRFC 10-311] analyzing module RISC_CPU
INFO: [VRFC 10-2263] Analyzing Verilog file "D:/Minh_Hung/L05_Group_2_BTL_TKVM/L05_Group_2_BTL_TKVM.srcs/sources_1/new/addr_mux.v" into library xil_defaultlib
INFO: [VRFC 10-311] analyzing module addr_mux
INFO: [VRFC 10-2263] Analyzing Verilog file "D:/Minh_Hung/L05_Group_2_BTL_TKVM/L05_Group_2_BTL_TKVM.srcs/sim_1/new/RISC_CPU_tb.v" into library xil_defaultlib
INFO: [VRFC 10-311] analyzing module RISC_CPU_tb
INFO: [USF-XSim-69] 'compile' step finished in '1' seconds
INFO: [USF-XSim-3] XSim::Elaborate design
INFO: [USF-XSim-61] Executing 'ELABORATE' step in 'D:/Minh_Hung/L05_Group_2_BTL_TKVM/L05_Group_2_BTL_TKVM.sim/sim_1/behav/xsim'
"xelab --incr --debug typical --relax --mt 2 -L xil_defaultlib -L unisims_ver -L unimacro_ver -L secureip --snapshot RISC_CPU_tb_behav xil_defaultlib.RISC_CPU_tb xil_defaultlib.glbl -log elaborate.log"
Vivado Simulator v2024.1
Copyright 1986-2022 Xilinx, Inc. All Rights Reserved.
Copyright 2022-2024 Advanced Micro Devices, Inc. All Rights Reserved.
Running: D:/Vivado/2024.1/bin/unwrapped/win64.o/xelab.exe --incr --debug typical --relax --mt 2 -L xil_defaultlib -L unisims_ver -L unimacro_ver -L secureip --snapshot RISC_CPU_tb_behav xil_defaultlib.RISC_CPU_tb xil_defaultlib.glbl -log elaborate.log 
Using 2 slave threads.
Starting static elaboration
Pass Through NonSizing Optimizer
Completed static elaboration
Starting simulation data flow analysis
WARNING: [XSIM 43-4099] "D:/Minh_Hung/L05_Group_2_BTL_TKVM/L05_Group_2_BTL_TKVM.srcs/sources_1/new/ALU.v" Line 1. Module ALU doesn't have a timescale but at least one module in design has a timescale.
WARNING: [XSIM 43-4099] "D:/Minh_Hung/L05_Group_2_BTL_TKVM/L05_Group_2_BTL_TKVM.srcs/sources_1/new/ALU.v" Line 1. Module ALU doesn't have a timescale but at least one module in design has a timescale.
Completed simulation data flow analysis
Time Resolution for simulation is 1ps
Compiling module xil_defaultlib.Controller
Compiling module xil_defaultlib.Program_counter
Compiling module xil_defaultlib.addr_mux
Compiling module xil_defaultlib.instructionMemory
Compiling module xil_defaultlib.Instruction_Register
Compiling module xil_defaultlib.dataMemory
Compiling module xil_defaultlib.ALU
Compiling module xil_defaultlib.Accumulator
Compiling module xil_defaultlib.RISC_CPU
Compiling module xil_defaultlib.RISC_CPU_tb
Compiling module xil_defaultlib.glbl
Built simulation snapshot RISC_CPU_tb_behav
INFO: [USF-XSim-69] 'elaborate' step finished in '2' seconds
INFO: [USF-XSim-4] XSim::Simulate design
INFO: [USF-XSim-61] Executing 'SIMULATE' step in 'D:/Minh_Hung/L05_Group_2_BTL_TKVM/L05_Group_2_BTL_TKVM.sim/sim_1/behav/xsim'
INFO: [USF-XSim-98] *** Running xsim
   with args "RISC_CPU_tb_behav -key {Behavioral:sim_1:Functional:RISC_CPU_tb} -tclbatch {RISC_CPU_tb.tcl} -log {simulate.log}"
INFO: [USF-XSim-8] Loading simulator feature
Time resolution is 1 ps
source RISC_CPU_tb.tcl
# set curr_wave [current_wave_config]
# if { [string length $curr_wave] == 0 } {
#   if { [llength [get_objects]] > 0} {
#     add_wave /
#     set_property needs_save false [current_wave_config]
#   } else {
#      send_msg_id Add_Wave-1 WARNING "No top level signals found. Simulator will start without a wave window. If you want to open a wave window go to 'File->New Waveform Configuration' or type 'create_wave_config' in the TCL console."
#   }
# }
# run 1000ns
Time: 0 | PC_out: 0 | Opcode: zzz | Operand: zzzzz | Accumulator: 0 | ALU_Result: x | Instr: xx | Data_Mem: xx | Wr_En: 0 | Mux_Sel: 0 | PC_En: 0 | SKZ: 0 | JMP: 0 | LDA: 0 | ld_ac: 0
Time: 15000 | PC_out: 0 | Opcode: zzz | Operand: zzzzz | Accumulator: 0 | ALU_Result: x | Instr: xx | Data_Mem: xx | Wr_En: 0 | Mux_Sel: 1 | PC_En: 0 | SKZ: 0 | JMP: 0 | LDA: 0 | ld_ac: 0
Time: 35000 | PC_out: 0 | Opcode: zzz | Operand: zzzzz | Accumulator: 0 | ALU_Result: x | Instr: fe | Data_Mem: xx | Wr_En: 0 | Mux_Sel: 1 | PC_En: 0 | SKZ: 0 | JMP: 0 | LDA: 0 | ld_ac: 0
Time: 45000 | PC_out: 0 | Opcode: 111 | Operand: 11110 | Accumulator: 0 | ALU_Result: x | Instr: fe | Data_Mem: xx | Wr_En: 0 | Mux_Sel: 1 | PC_En: 0 | SKZ: 0 | JMP: 0 | LDA: 0 | ld_ac: 0
Time: 55000 | PC_out: 0 | Opcode: 111 | Operand: 11110 | Accumulator: 0 | ALU_Result: x | Instr: fe | Data_Mem: xx | Wr_En: 0 | Mux_Sel: 0 | PC_En: 0 | SKZ: 0 | JMP: 0 | LDA: 0 | ld_ac: 0
Time: 75000 | PC_out: 0 | Opcode: 111 | Operand: 11110 | Accumulator: 0 | ALU_Result: x | Instr: fe | Data_Mem: xx | Wr_En: 0 | Mux_Sel: 0 | PC_En: 0 | SKZ: 0 | JMP: 1 | LDA: 0 | ld_ac: 0
Time: 85000 | PC_out: 0 | Opcode: 111 | Operand: 11110 | Accumulator: 0 | ALU_Result: x | Instr: fe | Data_Mem: xx | Wr_En: 0 | Mux_Sel: 0 | PC_En: 1 | SKZ: 0 | JMP: 1 | LDA: 0 | ld_ac: 0
Time: 95000 | PC_out: 30 | Opcode: 111 | Operand: 11110 | Accumulator: 0 | ALU_Result: x | Instr: fe | Data_Mem: xx | Wr_En: 0 | Mux_Sel: 1 | PC_En: 0 | SKZ: 0 | JMP: 0 | LDA: 0 | ld_ac: 0
Time: 115000 | PC_out: 30 | Opcode: 111 | Operand: 11110 | Accumulator: 0 | ALU_Result: x | Instr: e3 | Data_Mem: xx | Wr_En: 0 | Mux_Sel: 1 | PC_En: 0 | SKZ: 0 | JMP: 0 | LDA: 0 | ld_ac: 0
Time: 125000 | PC_out: 30 | Opcode: 111 | Operand: 00011 | Accumulator: 0 | ALU_Result: x | Instr: e3 | Data_Mem: xx | Wr_En: 0 | Mux_Sel: 1 | PC_En: 0 | SKZ: 0 | JMP: 0 | LDA: 0 | ld_ac: 0
Time: 135000 | PC_out: 30 | Opcode: 111 | Operand: 00011 | Accumulator: 0 | ALU_Result: x | Instr: e3 | Data_Mem: xx | Wr_En: 0 | Mux_Sel: 0 | PC_En: 0 | SKZ: 0 | JMP: 0 | LDA: 0 | ld_ac: 0
Time: 155000 | PC_out: 30 | Opcode: 111 | Operand: 00011 | Accumulator: 0 | ALU_Result: x | Instr: e3 | Data_Mem: 00 | Wr_En: 0 | Mux_Sel: 0 | PC_En: 0 | SKZ: 0 | JMP: 1 | LDA: 0 | ld_ac: 0
Time: 165000 | PC_out: 30 | Opcode: 111 | Operand: 00011 | Accumulator: 0 | ALU_Result: x | Instr: e3 | Data_Mem: 00 | Wr_En: 0 | Mux_Sel: 0 | PC_En: 1 | SKZ: 0 | JMP: 1 | LDA: 0 | ld_ac: 0
Time: 175000 | PC_out: 3 | Opcode: 111 | Operand: 00011 | Accumulator: 0 | ALU_Result: x | Instr: e3 | Data_Mem: 00 | Wr_En: 0 | Mux_Sel: 1 | PC_En: 0 | SKZ: 0 | JMP: 0 | LDA: 0 | ld_ac: 0
Time: 195000 | PC_out: 3 | Opcode: 111 | Operand: 00011 | Accumulator: 0 | ALU_Result: x | Instr: ba | Data_Mem: 00 | Wr_En: 0 | Mux_Sel: 1 | PC_En: 0 | SKZ: 0 | JMP: 0 | LDA: 0 | ld_ac: 0
Time: 205000 | PC_out: 3 | Opcode: 101 | Operand: 11010 | Accumulator: 0 | ALU_Result: x | Instr: ba | Data_Mem: 00 | Wr_En: 0 | Mux_Sel: 1 | PC_En: 0 | SKZ: 0 | JMP: 0 | LDA: 0 | ld_ac: 0
Time: 215000 | PC_out: 3 | Opcode: 101 | Operand: 11010 | Accumulator: 0 | ALU_Result: x | Instr: ba | Data_Mem: 00 | Wr_En: 0 | Mux_Sel: 0 | PC_En: 0 | SKZ: 0 | JMP: 0 | LDA: 0 | ld_ac: 0
Time: 245000 | PC_out: 3 | Opcode: 101 | Operand: 11010 | Accumulator: 0 | ALU_Result: x | Instr: ba | Data_Mem: 00 | Wr_En: 0 | Mux_Sel: 0 | PC_En: 1 | SKZ: 0 | JMP: 0 | LDA: 0 | ld_ac: 1
Time: 255000 | PC_out: 4 | Opcode: 101 | Operand: 11010 | Accumulator: x | ALU_Result: x | Instr: ba | Data_Mem: 00 | Wr_En: 0 | Mux_Sel: 1 | PC_En: 0 | SKZ: 0 | JMP: 0 | LDA: 0 | ld_ac: 0
Time: 275000 | PC_out: 4 | Opcode: 101 | Operand: 11010 | Accumulator: x | ALU_Result: x | Instr: 20 | Data_Mem: 00 | Wr_En: 0 | Mux_Sel: 1 | PC_En: 0 | SKZ: 0 | JMP: 0 | LDA: 0 | ld_ac: 0
Time: 285000 | PC_out: 4 | Opcode: 001 | Operand: 00000 | Accumulator: x | ALU_Result: x | Instr: 20 | Data_Mem: 00 | Wr_En: 0 | Mux_Sel: 1 | PC_En: 0 | SKZ: 0 | JMP: 0 | LDA: 0 | ld_ac: 0
Time: 295000 | PC_out: 4 | Opcode: 001 | Operand: 00000 | Accumulator: x | ALU_Result: x | Instr: 20 | Data_Mem: 00 | Wr_En: 0 | Mux_Sel: 0 | PC_En: 0 | SKZ: 1 | JMP: 0 | LDA: 0 | ld_ac: 0
Time: 325000 | PC_out: 4 | Opcode: 001 | Operand: 00000 | Accumulator: x | ALU_Result: x | Instr: 20 | Data_Mem: 00 | Wr_En: 0 | Mux_Sel: 0 | PC_En: 1 | SKZ: 0 | JMP: 0 | LDA: 0 | ld_ac: 0
Time: 335000 | PC_out: 5 | Opcode: 001 | Operand: 00000 | Accumulator: x | ALU_Result: x | Instr: 20 | Data_Mem: 00 | Wr_En: 0 | Mux_Sel: 1 | PC_En: 0 | SKZ: 0 | JMP: 0 | LDA: 0 | ld_ac: 0
Time: 355000 | PC_out: 5 | Opcode: 001 | Operand: 00000 | Accumulator: x | ALU_Result: x | Instr: 00 | Data_Mem: 00 | Wr_En: 0 | Mux_Sel: 1 | PC_En: 0 | SKZ: 0 | JMP: 0 | LDA: 0 | ld_ac: 0
Time: 365000 | PC_out: 5 | Opcode: 000 | Operand: 00000 | Accumulator: x | ALU_Result: x | Instr: 00 | Data_Mem: 00 | Wr_En: 0 | Mux_Sel: 1 | PC_En: 0 | SKZ: 0 | JMP: 0 | LDA: 0 | ld_ac: 0
Time: 375000 | PC_out: 5 | Opcode: 000 | Operand: 00000 | Accumulator: x | ALU_Result: x | Instr: 00 | Data_Mem: 00 | Wr_En: 0 | Mux_Sel: 0 | PC_En: 0 | SKZ: 0 | JMP: 0 | LDA: 0 | ld_ac: 0
INFO: [USF-XSim-96] XSim completed. Design snapshot 'RISC_CPU_tb_behav' loaded.
INFO: [USF-XSim-97] XSim simulation ran for 1000ns
launch_simulation: Time (s): cpu = 00:00:04 ; elapsed = 00:00:05 . Memory (MB): peak = 2703.211 ; gain = 0.000
close_sim
INFO: [Simtcl 6-16] Simulation closed
launch_simulation
Command: launch_simulation 
INFO: [Vivado 12-12493] Simulation top is 'RISC_CPU_tb'
WARNING: [Vivado 12-13340] Unable to auto find GCC executables from simulator install path! (path not set)
INFO: [Vivado 12-5682] Launching behavioral simulation in 'D:/Minh_Hung/L05_Group_2_BTL_TKVM/L05_Group_2_BTL_TKVM.sim/sim_1/behav/xsim'
INFO: [SIM-utils-51] Simulation object is 'sim_1'
INFO: [SIM-utils-72] Using boost library from 'D:/Vivado/2024.1/tps/boost_1_72_0'
INFO: [SIM-utils-54] Inspecting design source files for 'RISC_CPU_tb' in fileset 'sim_1'...
INFO: [SIM-utils-43] Exported 'D:/Minh_Hung/L05_Group_2_BTL_TKVM/L05_Group_2_BTL_TKVM.sim/sim_1/behav/xsim/data_init.mem'
INFO: [SIM-utils-43] Exported 'D:/Minh_Hung/L05_Group_2_BTL_TKVM/L05_Group_2_BTL_TKVM.sim/sim_1/behav/xsim/instruction_file.mem'
INFO: [USF-XSim-97] Finding global include files...
INFO: [USF-XSim-98] Fetching design files from 'sim_1'...
INFO: [USF-XSim-2] XSim::Compile design
INFO: [USF-XSim-61] Executing 'COMPILE and ANALYZE' step in 'D:/Minh_Hung/L05_Group_2_BTL_TKVM/L05_Group_2_BTL_TKVM.sim/sim_1/behav/xsim'
"xvlog --incr --relax -prj RISC_CPU_tb_vlog.prj"
INFO: [VRFC 10-2263] Analyzing Verilog file "D:/Minh_Hung/L05_Group_2_BTL_TKVM/L05_Group_2_BTL_TKVM.srcs/sources_1/new/ALU.v" into library xil_defaultlib
INFO: [VRFC 10-311] analyzing module ALU
INFO: [VRFC 10-2263] Analyzing Verilog file "D:/Minh_Hung/L05_Group_2_BTL_TKVM/L05_Group_2_BTL_TKVM.srcs/sources_1/new/Accumulator.v" into library xil_defaultlib
INFO: [VRFC 10-311] analyzing module Accumulator
INFO: [VRFC 10-2263] Analyzing Verilog file "D:/Minh_Hung/L05_Group_2_BTL_TKVM/L05_Group_2_BTL_TKVM.srcs/sources_1/new/Controller.v" into library xil_defaultlib
INFO: [VRFC 10-311] analyzing module Controller
INFO: [VRFC 10-2263] Analyzing Verilog file "D:/Minh_Hung/L05_Group_2_BTL_TKVM/L05_Group_2_BTL_TKVM.srcs/sources_1/new/DataMemory.v" into library xil_defaultlib
INFO: [VRFC 10-311] analyzing module dataMemory
INFO: [VRFC 10-2263] Analyzing Verilog file "D:/Minh_Hung/L05_Group_2_BTL_TKVM/L05_Group_2_BTL_TKVM.srcs/sources_1/new/Instruction_Memory.v" into library xil_defaultlib
INFO: [VRFC 10-311] analyzing module instructionMemory
INFO: [VRFC 10-2263] Analyzing Verilog file "D:/Minh_Hung/L05_Group_2_BTL_TKVM/L05_Group_2_BTL_TKVM.srcs/sources_1/new/Instruction_register.v" into library xil_defaultlib
INFO: [VRFC 10-311] analyzing module Instruction_Register
INFO: [VRFC 10-2263] Analyzing Verilog file "D:/Minh_Hung/L05_Group_2_BTL_TKVM/L05_Group_2_BTL_TKVM.srcs/sources_1/new/Program_counter.v" into library xil_defaultlib
INFO: [VRFC 10-311] analyzing module Program_counter
INFO: [VRFC 10-2263] Analyzing Verilog file "D:/Minh_Hung/L05_Group_2_BTL_TKVM/L05_Group_2_BTL_TKVM.srcs/sources_1/new/RISC_CPU.v" into library xil_defaultlib
INFO: [VRFC 10-311] analyzing module RISC_CPU
INFO: [VRFC 10-2263] Analyzing Verilog file "D:/Minh_Hung/L05_Group_2_BTL_TKVM/L05_Group_2_BTL_TKVM.srcs/sources_1/new/addr_mux.v" into library xil_defaultlib
INFO: [VRFC 10-311] analyzing module addr_mux
INFO: [VRFC 10-2263] Analyzing Verilog file "D:/Minh_Hung/L05_Group_2_BTL_TKVM/L05_Group_2_BTL_TKVM.srcs/sim_1/new/RISC_CPU_tb.v" into library xil_defaultlib
INFO: [VRFC 10-311] analyzing module RISC_CPU_tb
INFO: [USF-XSim-69] 'compile' step finished in '1' seconds
INFO: [USF-XSim-3] XSim::Elaborate design
INFO: [USF-XSim-61] Executing 'ELABORATE' step in 'D:/Minh_Hung/L05_Group_2_BTL_TKVM/L05_Group_2_BTL_TKVM.sim/sim_1/behav/xsim'
"xelab --incr --debug typical --relax --mt 2 -L xil_defaultlib -L unisims_ver -L unimacro_ver -L secureip --snapshot RISC_CPU_tb_behav xil_defaultlib.RISC_CPU_tb xil_defaultlib.glbl -log elaborate.log"
Vivado Simulator v2024.1
Copyright 1986-2022 Xilinx, Inc. All Rights Reserved.
Copyright 2022-2024 Advanced Micro Devices, Inc. All Rights Reserved.
Running: D:/Vivado/2024.1/bin/unwrapped/win64.o/xelab.exe --incr --debug typical --relax --mt 2 -L xil_defaultlib -L unisims_ver -L unimacro_ver -L secureip --snapshot RISC_CPU_tb_behav xil_defaultlib.RISC_CPU_tb xil_defaultlib.glbl -log elaborate.log 
Using 2 slave threads.
Starting static elaboration
Pass Through NonSizing Optimizer
Completed static elaboration
Starting simulation data flow analysis
WARNING: [XSIM 43-4099] "D:/Minh_Hung/L05_Group_2_BTL_TKVM/L05_Group_2_BTL_TKVM.srcs/sources_1/new/ALU.v" Line 1. Module ALU doesn't have a timescale but at least one module in design has a timescale.
WARNING: [XSIM 43-4099] "D:/Minh_Hung/L05_Group_2_BTL_TKVM/L05_Group_2_BTL_TKVM.srcs/sources_1/new/ALU.v" Line 1. Module ALU doesn't have a timescale but at least one module in design has a timescale.
Completed simulation data flow analysis
Time Resolution for simulation is 1ps
Compiling module xil_defaultlib.Controller
Compiling module xil_defaultlib.Program_counter
Compiling module xil_defaultlib.addr_mux
Compiling module xil_defaultlib.instructionMemory
Compiling module xil_defaultlib.Instruction_Register
Compiling module xil_defaultlib.dataMemory
Compiling module xil_defaultlib.ALU
Compiling module xil_defaultlib.Accumulator
Compiling module xil_defaultlib.RISC_CPU
Compiling module xil_defaultlib.RISC_CPU_tb
Compiling module xil_defaultlib.glbl
Built simulation snapshot RISC_CPU_tb_behav
INFO: [USF-XSim-69] 'elaborate' step finished in '2' seconds
INFO: [USF-XSim-4] XSim::Simulate design
INFO: [USF-XSim-61] Executing 'SIMULATE' step in 'D:/Minh_Hung/L05_Group_2_BTL_TKVM/L05_Group_2_BTL_TKVM.sim/sim_1/behav/xsim'
INFO: [USF-XSim-98] *** Running xsim
   with args "RISC_CPU_tb_behav -key {Behavioral:sim_1:Functional:RISC_CPU_tb} -tclbatch {RISC_CPU_tb.tcl} -log {simulate.log}"
INFO: [USF-XSim-8] Loading simulator feature
Time resolution is 1 ps
source RISC_CPU_tb.tcl
# set curr_wave [current_wave_config]
# if { [string length $curr_wave] == 0 } {
#   if { [llength [get_objects]] > 0} {
#     add_wave /
#     set_property needs_save false [current_wave_config]
#   } else {
#      send_msg_id Add_Wave-1 WARNING "No top level signals found. Simulator will start without a wave window. If you want to open a wave window go to 'File->New Waveform Configuration' or type 'create_wave_config' in the TCL console."
#   }
# }
# run 1000ns
Time: 0 | PC_out: 0 | Opcode: zzz | Operand: zzzzz | Accumulator: 0 | ALU_Result: x | Instr: xx | Data_Mem: xx | Wr_En: 0 | Mux_Sel: 0 | PC_En: 0 | SKZ: 0 | JMP: 0 | LDA: 0 | ld_ac: 0
Time: 15000 | PC_out: 0 | Opcode: zzz | Operand: zzzzz | Accumulator: 0 | ALU_Result: x | Instr: xx | Data_Mem: xx | Wr_En: 0 | Mux_Sel: 1 | PC_En: 0 | SKZ: 0 | JMP: 0 | LDA: 0 | ld_ac: 0
Time: 35000 | PC_out: 0 | Opcode: zzz | Operand: zzzzz | Accumulator: 0 | ALU_Result: x | Instr: fe | Data_Mem: xx | Wr_En: 0 | Mux_Sel: 1 | PC_En: 0 | SKZ: 0 | JMP: 0 | LDA: 0 | ld_ac: 0
Time: 45000 | PC_out: 0 | Opcode: 111 | Operand: 11110 | Accumulator: 0 | ALU_Result: x | Instr: fe | Data_Mem: xx | Wr_En: 0 | Mux_Sel: 1 | PC_En: 0 | SKZ: 0 | JMP: 0 | LDA: 0 | ld_ac: 0
Time: 55000 | PC_out: 0 | Opcode: 111 | Operand: 11110 | Accumulator: 0 | ALU_Result: x | Instr: fe | Data_Mem: xx | Wr_En: 0 | Mux_Sel: 0 | PC_En: 0 | SKZ: 0 | JMP: 0 | LDA: 0 | ld_ac: 0
Time: 75000 | PC_out: 0 | Opcode: 111 | Operand: 11110 | Accumulator: 0 | ALU_Result: x | Instr: fe | Data_Mem: xx | Wr_En: 0 | Mux_Sel: 0 | PC_En: 0 | SKZ: 0 | JMP: 1 | LDA: 0 | ld_ac: 0
Time: 85000 | PC_out: 0 | Opcode: 111 | Operand: 11110 | Accumulator: 0 | ALU_Result: x | Instr: fe | Data_Mem: xx | Wr_En: 0 | Mux_Sel: 0 | PC_En: 1 | SKZ: 0 | JMP: 1 | LDA: 0 | ld_ac: 0
Time: 95000 | PC_out: 30 | Opcode: 111 | Operand: 11110 | Accumulator: 0 | ALU_Result: x | Instr: fe | Data_Mem: xx | Wr_En: 0 | Mux_Sel: 1 | PC_En: 0 | SKZ: 0 | JMP: 0 | LDA: 0 | ld_ac: 0
Time: 115000 | PC_out: 30 | Opcode: 111 | Operand: 11110 | Accumulator: 0 | ALU_Result: x | Instr: e3 | Data_Mem: xx | Wr_En: 0 | Mux_Sel: 1 | PC_En: 0 | SKZ: 0 | JMP: 0 | LDA: 0 | ld_ac: 0
Time: 125000 | PC_out: 30 | Opcode: 111 | Operand: 00011 | Accumulator: 0 | ALU_Result: x | Instr: e3 | Data_Mem: xx | Wr_En: 0 | Mux_Sel: 1 | PC_En: 0 | SKZ: 0 | JMP: 0 | LDA: 0 | ld_ac: 0
Time: 135000 | PC_out: 30 | Opcode: 111 | Operand: 00011 | Accumulator: 0 | ALU_Result: x | Instr: e3 | Data_Mem: xx | Wr_En: 0 | Mux_Sel: 0 | PC_En: 0 | SKZ: 0 | JMP: 0 | LDA: 0 | ld_ac: 0
Time: 155000 | PC_out: 30 | Opcode: 111 | Operand: 00011 | Accumulator: 0 | ALU_Result: x | Instr: e3 | Data_Mem: 00 | Wr_En: 0 | Mux_Sel: 0 | PC_En: 0 | SKZ: 0 | JMP: 1 | LDA: 0 | ld_ac: 0
Time: 165000 | PC_out: 30 | Opcode: 111 | Operand: 00011 | Accumulator: 0 | ALU_Result: x | Instr: e3 | Data_Mem: 00 | Wr_En: 0 | Mux_Sel: 0 | PC_En: 1 | SKZ: 0 | JMP: 1 | LDA: 0 | ld_ac: 0
Time: 175000 | PC_out: 3 | Opcode: 111 | Operand: 00011 | Accumulator: 0 | ALU_Result: x | Instr: e3 | Data_Mem: 00 | Wr_En: 0 | Mux_Sel: 1 | PC_En: 0 | SKZ: 0 | JMP: 0 | LDA: 0 | ld_ac: 0
Time: 195000 | PC_out: 3 | Opcode: 111 | Operand: 00011 | Accumulator: 0 | ALU_Result: x | Instr: ba | Data_Mem: 00 | Wr_En: 0 | Mux_Sel: 1 | PC_En: 0 | SKZ: 0 | JMP: 0 | LDA: 0 | ld_ac: 0
Time: 205000 | PC_out: 3 | Opcode: 101 | Operand: 11010 | Accumulator: 0 | ALU_Result: x | Instr: ba | Data_Mem: 00 | Wr_En: 0 | Mux_Sel: 1 | PC_En: 0 | SKZ: 0 | JMP: 0 | LDA: 0 | ld_ac: 0
Time: 215000 | PC_out: 3 | Opcode: 101 | Operand: 11010 | Accumulator: 0 | ALU_Result: x | Instr: ba | Data_Mem: 00 | Wr_En: 0 | Mux_Sel: 0 | PC_En: 0 | SKZ: 0 | JMP: 0 | LDA: 0 | ld_ac: 0
Time: 245000 | PC_out: 3 | Opcode: 101 | Operand: 11010 | Accumulator: 0 | ALU_Result: x | Instr: ba | Data_Mem: 00 | Wr_En: 0 | Mux_Sel: 0 | PC_En: 1 | SKZ: 0 | JMP: 0 | LDA: 0 | ld_ac: 1
Time: 255000 | PC_out: 4 | Opcode: 101 | Operand: 11010 | Accumulator: x | ALU_Result: x | Instr: ba | Data_Mem: 00 | Wr_En: 0 | Mux_Sel: 1 | PC_En: 0 | SKZ: 0 | JMP: 0 | LDA: 0 | ld_ac: 0
Time: 275000 | PC_out: 4 | Opcode: 101 | Operand: 11010 | Accumulator: x | ALU_Result: x | Instr: 20 | Data_Mem: 00 | Wr_En: 0 | Mux_Sel: 1 | PC_En: 0 | SKZ: 0 | JMP: 0 | LDA: 0 | ld_ac: 0
Time: 285000 | PC_out: 4 | Opcode: 001 | Operand: 00000 | Accumulator: x | ALU_Result: x | Instr: 20 | Data_Mem: 00 | Wr_En: 0 | Mux_Sel: 1 | PC_En: 0 | SKZ: 0 | JMP: 0 | LDA: 0 | ld_ac: 0
Time: 295000 | PC_out: 4 | Opcode: 001 | Operand: 00000 | Accumulator: x | ALU_Result: x | Instr: 20 | Data_Mem: 00 | Wr_En: 0 | Mux_Sel: 0 | PC_En: 0 | SKZ: 1 | JMP: 0 | LDA: 0 | ld_ac: 0
Time: 325000 | PC_out: 4 | Opcode: 001 | Operand: 00000 | Accumulator: x | ALU_Result: x | Instr: 20 | Data_Mem: 00 | Wr_En: 0 | Mux_Sel: 0 | PC_En: 1 | SKZ: 0 | JMP: 0 | LDA: 0 | ld_ac: 0
Time: 335000 | PC_out: 5 | Opcode: 001 | Operand: 00000 | Accumulator: x | ALU_Result: x | Instr: 20 | Data_Mem: 00 | Wr_En: 0 | Mux_Sel: 1 | PC_En: 0 | SKZ: 0 | JMP: 0 | LDA: 0 | ld_ac: 0
Time: 355000 | PC_out: 5 | Opcode: 001 | Operand: 00000 | Accumulator: x | ALU_Result: x | Instr: 00 | Data_Mem: 00 | Wr_En: 0 | Mux_Sel: 1 | PC_En: 0 | SKZ: 0 | JMP: 0 | LDA: 0 | ld_ac: 0
Time: 365000 | PC_out: 5 | Opcode: 000 | Operand: 00000 | Accumulator: x | ALU_Result: x | Instr: 00 | Data_Mem: 00 | Wr_En: 0 | Mux_Sel: 1 | PC_En: 0 | SKZ: 0 | JMP: 0 | LDA: 0 | ld_ac: 0
Time: 375000 | PC_out: 5 | Opcode: 000 | Operand: 00000 | Accumulator: x | ALU_Result: x | Instr: 00 | Data_Mem: 00 | Wr_En: 0 | Mux_Sel: 0 | PC_En: 0 | SKZ: 0 | JMP: 0 | LDA: 0 | ld_ac: 0
INFO: [USF-XSim-96] XSim completed. Design snapshot 'RISC_CPU_tb_behav' loaded.
INFO: [USF-XSim-97] XSim simulation ran for 1000ns
launch_simulation: Time (s): cpu = 00:00:04 ; elapsed = 00:00:05 . Memory (MB): peak = 2707.707 ; gain = 0.000
close_sim
INFO: [Simtcl 6-16] Simulation closed
launch_simulation
Command: launch_simulation 
INFO: [Vivado 12-12493] Simulation top is 'RISC_CPU_tb'
WARNING: [Vivado 12-13340] Unable to auto find GCC executables from simulator install path! (path not set)
INFO: [Vivado 12-5682] Launching behavioral simulation in 'D:/Minh_Hung/L05_Group_2_BTL_TKVM/L05_Group_2_BTL_TKVM.sim/sim_1/behav/xsim'
INFO: [SIM-utils-51] Simulation object is 'sim_1'
INFO: [SIM-utils-72] Using boost library from 'D:/Vivado/2024.1/tps/boost_1_72_0'
INFO: [SIM-utils-54] Inspecting design source files for 'RISC_CPU_tb' in fileset 'sim_1'...
INFO: [SIM-utils-43] Exported 'D:/Minh_Hung/L05_Group_2_BTL_TKVM/L05_Group_2_BTL_TKVM.sim/sim_1/behav/xsim/data_init.mem'
INFO: [SIM-utils-43] Exported 'D:/Minh_Hung/L05_Group_2_BTL_TKVM/L05_Group_2_BTL_TKVM.sim/sim_1/behav/xsim/instruction_file.mem'
INFO: [USF-XSim-97] Finding global include files...
INFO: [USF-XSim-98] Fetching design files from 'sim_1'...
INFO: [USF-XSim-2] XSim::Compile design
INFO: [USF-XSim-61] Executing 'COMPILE and ANALYZE' step in 'D:/Minh_Hung/L05_Group_2_BTL_TKVM/L05_Group_2_BTL_TKVM.sim/sim_1/behav/xsim'
"xvlog --incr --relax -prj RISC_CPU_tb_vlog.prj"
INFO: [VRFC 10-2263] Analyzing Verilog file "D:/Minh_Hung/L05_Group_2_BTL_TKVM/L05_Group_2_BTL_TKVM.srcs/sources_1/new/ALU.v" into library xil_defaultlib
INFO: [VRFC 10-311] analyzing module ALU
INFO: [VRFC 10-2263] Analyzing Verilog file "D:/Minh_Hung/L05_Group_2_BTL_TKVM/L05_Group_2_BTL_TKVM.srcs/sources_1/new/Accumulator.v" into library xil_defaultlib
INFO: [VRFC 10-311] analyzing module Accumulator
INFO: [VRFC 10-2263] Analyzing Verilog file "D:/Minh_Hung/L05_Group_2_BTL_TKVM/L05_Group_2_BTL_TKVM.srcs/sources_1/new/Controller.v" into library xil_defaultlib
INFO: [VRFC 10-311] analyzing module Controller
INFO: [VRFC 10-2263] Analyzing Verilog file "D:/Minh_Hung/L05_Group_2_BTL_TKVM/L05_Group_2_BTL_TKVM.srcs/sources_1/new/DataMemory.v" into library xil_defaultlib
INFO: [VRFC 10-311] analyzing module dataMemory
INFO: [VRFC 10-2263] Analyzing Verilog file "D:/Minh_Hung/L05_Group_2_BTL_TKVM/L05_Group_2_BTL_TKVM.srcs/sources_1/new/Instruction_Memory.v" into library xil_defaultlib
INFO: [VRFC 10-311] analyzing module instructionMemory
INFO: [VRFC 10-2263] Analyzing Verilog file "D:/Minh_Hung/L05_Group_2_BTL_TKVM/L05_Group_2_BTL_TKVM.srcs/sources_1/new/Instruction_register.v" into library xil_defaultlib
INFO: [VRFC 10-311] analyzing module Instruction_Register
INFO: [VRFC 10-2263] Analyzing Verilog file "D:/Minh_Hung/L05_Group_2_BTL_TKVM/L05_Group_2_BTL_TKVM.srcs/sources_1/new/Program_counter.v" into library xil_defaultlib
INFO: [VRFC 10-311] analyzing module Program_counter
INFO: [VRFC 10-2263] Analyzing Verilog file "D:/Minh_Hung/L05_Group_2_BTL_TKVM/L05_Group_2_BTL_TKVM.srcs/sources_1/new/RISC_CPU.v" into library xil_defaultlib
INFO: [VRFC 10-311] analyzing module RISC_CPU
INFO: [VRFC 10-2263] Analyzing Verilog file "D:/Minh_Hung/L05_Group_2_BTL_TKVM/L05_Group_2_BTL_TKVM.srcs/sources_1/new/addr_mux.v" into library xil_defaultlib
INFO: [VRFC 10-311] analyzing module addr_mux
INFO: [VRFC 10-2263] Analyzing Verilog file "D:/Minh_Hung/L05_Group_2_BTL_TKVM/L05_Group_2_BTL_TKVM.srcs/sim_1/new/RISC_CPU_tb.v" into library xil_defaultlib
INFO: [VRFC 10-311] analyzing module RISC_CPU_tb
INFO: [USF-XSim-69] 'compile' step finished in '1' seconds
INFO: [USF-XSim-3] XSim::Elaborate design
INFO: [USF-XSim-61] Executing 'ELABORATE' step in 'D:/Minh_Hung/L05_Group_2_BTL_TKVM/L05_Group_2_BTL_TKVM.sim/sim_1/behav/xsim'
"xelab --incr --debug typical --relax --mt 2 -L xil_defaultlib -L unisims_ver -L unimacro_ver -L secureip --snapshot RISC_CPU_tb_behav xil_defaultlib.RISC_CPU_tb xil_defaultlib.glbl -log elaborate.log"
Vivado Simulator v2024.1
Copyright 1986-2022 Xilinx, Inc. All Rights Reserved.
Copyright 2022-2024 Advanced Micro Devices, Inc. All Rights Reserved.
Running: D:/Vivado/2024.1/bin/unwrapped/win64.o/xelab.exe --incr --debug typical --relax --mt 2 -L xil_defaultlib -L unisims_ver -L unimacro_ver -L secureip --snapshot RISC_CPU_tb_behav xil_defaultlib.RISC_CPU_tb xil_defaultlib.glbl -log elaborate.log 
Using 2 slave threads.
Starting static elaboration
Pass Through NonSizing Optimizer
Completed static elaboration
Starting simulation data flow analysis
WARNING: [XSIM 43-4099] "D:/Minh_Hung/L05_Group_2_BTL_TKVM/L05_Group_2_BTL_TKVM.srcs/sources_1/new/ALU.v" Line 1. Module ALU doesn't have a timescale but at least one module in design has a timescale.
WARNING: [XSIM 43-4099] "D:/Minh_Hung/L05_Group_2_BTL_TKVM/L05_Group_2_BTL_TKVM.srcs/sources_1/new/ALU.v" Line 1. Module ALU doesn't have a timescale but at least one module in design has a timescale.
Completed simulation data flow analysis
Time Resolution for simulation is 1ps
Compiling module xil_defaultlib.Controller
Compiling module xil_defaultlib.Program_counter
Compiling module xil_defaultlib.addr_mux
Compiling module xil_defaultlib.instructionMemory
Compiling module xil_defaultlib.Instruction_Register
Compiling module xil_defaultlib.dataMemory
Compiling module xil_defaultlib.ALU
Compiling module xil_defaultlib.Accumulator
Compiling module xil_defaultlib.RISC_CPU
Compiling module xil_defaultlib.RISC_CPU_tb
Compiling module xil_defaultlib.glbl
Built simulation snapshot RISC_CPU_tb_behav
INFO: [USF-XSim-69] 'elaborate' step finished in '2' seconds
INFO: [USF-XSim-4] XSim::Simulate design
INFO: [USF-XSim-61] Executing 'SIMULATE' step in 'D:/Minh_Hung/L05_Group_2_BTL_TKVM/L05_Group_2_BTL_TKVM.sim/sim_1/behav/xsim'
INFO: [USF-XSim-98] *** Running xsim
   with args "RISC_CPU_tb_behav -key {Behavioral:sim_1:Functional:RISC_CPU_tb} -tclbatch {RISC_CPU_tb.tcl} -log {simulate.log}"
INFO: [USF-XSim-8] Loading simulator feature
Time resolution is 1 ps
source RISC_CPU_tb.tcl
# set curr_wave [current_wave_config]
# if { [string length $curr_wave] == 0 } {
#   if { [llength [get_objects]] > 0} {
#     add_wave /
#     set_property needs_save false [current_wave_config]
#   } else {
#      send_msg_id Add_Wave-1 WARNING "No top level signals found. Simulator will start without a wave window. If you want to open a wave window go to 'File->New Waveform Configuration' or type 'create_wave_config' in the TCL console."
#   }
# }
# run 1000ns
Time: 0 | PC_out: 0 | Opcode: zzz | Operand: zzzzz | Accumulator: 0 | ALU_Result: x | Instr: xx | Data_Mem: xx | Wr_En: 0 | Mux_Sel: 0 | PC_En: 0 | SKZ: 0 | JMP: 0 | LDA: 0 | ld_ac: 0
Time: 15000 | PC_out: 0 | Opcode: zzz | Operand: zzzzz | Accumulator: 0 | ALU_Result: x | Instr: xx | Data_Mem: xx | Wr_En: 0 | Mux_Sel: 1 | PC_En: 0 | SKZ: 0 | JMP: 0 | LDA: 0 | ld_ac: 0
Time: 35000 | PC_out: 0 | Opcode: zzz | Operand: zzzzz | Accumulator: 0 | ALU_Result: x | Instr: fe | Data_Mem: xx | Wr_En: 0 | Mux_Sel: 1 | PC_En: 0 | SKZ: 0 | JMP: 0 | LDA: 0 | ld_ac: 0
Time: 45000 | PC_out: 0 | Opcode: 111 | Operand: 11110 | Accumulator: 0 | ALU_Result: x | Instr: fe | Data_Mem: xx | Wr_En: 0 | Mux_Sel: 1 | PC_En: 0 | SKZ: 0 | JMP: 0 | LDA: 0 | ld_ac: 0
Time: 55000 | PC_out: 0 | Opcode: 111 | Operand: 11110 | Accumulator: 0 | ALU_Result: x | Instr: fe | Data_Mem: xx | Wr_En: 0 | Mux_Sel: 0 | PC_En: 0 | SKZ: 0 | JMP: 0 | LDA: 0 | ld_ac: 0
Time: 75000 | PC_out: 0 | Opcode: 111 | Operand: 11110 | Accumulator: 0 | ALU_Result: x | Instr: fe | Data_Mem: xx | Wr_En: 0 | Mux_Sel: 0 | PC_En: 0 | SKZ: 0 | JMP: 1 | LDA: 0 | ld_ac: 0
Time: 85000 | PC_out: 0 | Opcode: 111 | Operand: 11110 | Accumulator: 0 | ALU_Result: x | Instr: fe | Data_Mem: xx | Wr_En: 0 | Mux_Sel: 0 | PC_En: 1 | SKZ: 0 | JMP: 1 | LDA: 0 | ld_ac: 0
Time: 95000 | PC_out: 30 | Opcode: 111 | Operand: 11110 | Accumulator: 0 | ALU_Result: x | Instr: fe | Data_Mem: xx | Wr_En: 0 | Mux_Sel: 1 | PC_En: 0 | SKZ: 0 | JMP: 0 | LDA: 0 | ld_ac: 0
Time: 115000 | PC_out: 30 | Opcode: 111 | Operand: 11110 | Accumulator: 0 | ALU_Result: x | Instr: e3 | Data_Mem: xx | Wr_En: 0 | Mux_Sel: 1 | PC_En: 0 | SKZ: 0 | JMP: 0 | LDA: 0 | ld_ac: 0
Time: 125000 | PC_out: 30 | Opcode: 111 | Operand: 00011 | Accumulator: 0 | ALU_Result: x | Instr: e3 | Data_Mem: xx | Wr_En: 0 | Mux_Sel: 1 | PC_En: 0 | SKZ: 0 | JMP: 0 | LDA: 0 | ld_ac: 0
Time: 135000 | PC_out: 30 | Opcode: 111 | Operand: 00011 | Accumulator: 0 | ALU_Result: x | Instr: e3 | Data_Mem: xx | Wr_En: 0 | Mux_Sel: 0 | PC_En: 0 | SKZ: 0 | JMP: 0 | LDA: 0 | ld_ac: 0
Time: 155000 | PC_out: 30 | Opcode: 111 | Operand: 00011 | Accumulator: 0 | ALU_Result: x | Instr: e3 | Data_Mem: 00 | Wr_En: 0 | Mux_Sel: 0 | PC_En: 0 | SKZ: 0 | JMP: 1 | LDA: 0 | ld_ac: 0
Time: 165000 | PC_out: 30 | Opcode: 111 | Operand: 00011 | Accumulator: 0 | ALU_Result: x | Instr: e3 | Data_Mem: 00 | Wr_En: 0 | Mux_Sel: 0 | PC_En: 1 | SKZ: 0 | JMP: 1 | LDA: 0 | ld_ac: 0
Time: 175000 | PC_out: 3 | Opcode: 111 | Operand: 00011 | Accumulator: 0 | ALU_Result: x | Instr: e3 | Data_Mem: 00 | Wr_En: 0 | Mux_Sel: 1 | PC_En: 0 | SKZ: 0 | JMP: 0 | LDA: 0 | ld_ac: 0
Time: 195000 | PC_out: 3 | Opcode: 111 | Operand: 00011 | Accumulator: 0 | ALU_Result: x | Instr: ba | Data_Mem: 00 | Wr_En: 0 | Mux_Sel: 1 | PC_En: 0 | SKZ: 0 | JMP: 0 | LDA: 0 | ld_ac: 0
Time: 205000 | PC_out: 3 | Opcode: 101 | Operand: 11010 | Accumulator: 0 | ALU_Result: x | Instr: ba | Data_Mem: 00 | Wr_En: 0 | Mux_Sel: 1 | PC_En: 0 | SKZ: 0 | JMP: 0 | LDA: 0 | ld_ac: 0
Time: 215000 | PC_out: 3 | Opcode: 101 | Operand: 11010 | Accumulator: 0 | ALU_Result: x | Instr: ba | Data_Mem: 00 | Wr_En: 0 | Mux_Sel: 0 | PC_En: 0 | SKZ: 0 | JMP: 0 | LDA: 0 | ld_ac: 0
Time: 245000 | PC_out: 3 | Opcode: 101 | Operand: 11010 | Accumulator: 0 | ALU_Result: x | Instr: ba | Data_Mem: 00 | Wr_En: 0 | Mux_Sel: 0 | PC_En: 1 | SKZ: 0 | JMP: 0 | LDA: 0 | ld_ac: 1
Time: 255000 | PC_out: 4 | Opcode: 101 | Operand: 11010 | Accumulator: x | ALU_Result: x | Instr: ba | Data_Mem: 00 | Wr_En: 0 | Mux_Sel: 1 | PC_En: 0 | SKZ: 0 | JMP: 0 | LDA: 0 | ld_ac: 0
Time: 275000 | PC_out: 4 | Opcode: 101 | Operand: 11010 | Accumulator: x | ALU_Result: x | Instr: 20 | Data_Mem: 00 | Wr_En: 0 | Mux_Sel: 1 | PC_En: 0 | SKZ: 0 | JMP: 0 | LDA: 0 | ld_ac: 0
Time: 285000 | PC_out: 4 | Opcode: 001 | Operand: 00000 | Accumulator: x | ALU_Result: x | Instr: 20 | Data_Mem: 00 | Wr_En: 0 | Mux_Sel: 1 | PC_En: 0 | SKZ: 0 | JMP: 0 | LDA: 0 | ld_ac: 0
Time: 295000 | PC_out: 4 | Opcode: 001 | Operand: 00000 | Accumulator: x | ALU_Result: x | Instr: 20 | Data_Mem: 00 | Wr_En: 0 | Mux_Sel: 0 | PC_En: 0 | SKZ: 1 | JMP: 0 | LDA: 0 | ld_ac: 0
Time: 325000 | PC_out: 4 | Opcode: 001 | Operand: 00000 | Accumulator: x | ALU_Result: x | Instr: 20 | Data_Mem: 00 | Wr_En: 0 | Mux_Sel: 0 | PC_En: 1 | SKZ: 0 | JMP: 0 | LDA: 0 | ld_ac: 0
Time: 335000 | PC_out: 5 | Opcode: 001 | Operand: 00000 | Accumulator: x | ALU_Result: x | Instr: 20 | Data_Mem: 00 | Wr_En: 0 | Mux_Sel: 1 | PC_En: 0 | SKZ: 0 | JMP: 0 | LDA: 0 | ld_ac: 0
Time: 355000 | PC_out: 5 | Opcode: 001 | Operand: 00000 | Accumulator: x | ALU_Result: x | Instr: 00 | Data_Mem: 00 | Wr_En: 0 | Mux_Sel: 1 | PC_En: 0 | SKZ: 0 | JMP: 0 | LDA: 0 | ld_ac: 0
Time: 365000 | PC_out: 5 | Opcode: 000 | Operand: 00000 | Accumulator: x | ALU_Result: x | Instr: 00 | Data_Mem: 00 | Wr_En: 0 | Mux_Sel: 1 | PC_En: 0 | SKZ: 0 | JMP: 0 | LDA: 0 | ld_ac: 0
Time: 375000 | PC_out: 5 | Opcode: 000 | Operand: 00000 | Accumulator: x | ALU_Result: x | Instr: 00 | Data_Mem: 00 | Wr_En: 0 | Mux_Sel: 0 | PC_En: 0 | SKZ: 0 | JMP: 0 | LDA: 0 | ld_ac: 0
INFO: [USF-XSim-96] XSim completed. Design snapshot 'RISC_CPU_tb_behav' loaded.
INFO: [USF-XSim-97] XSim simulation ran for 1000ns
launch_simulation: Time (s): cpu = 00:00:01 ; elapsed = 00:00:05 . Memory (MB): peak = 2722.543 ; gain = 0.000
close_sim
INFO: [Simtcl 6-16] Simulation closed
launch_simulation
Command: launch_simulation 
INFO: [Vivado 12-12493] Simulation top is 'RISC_CPU_tb'
WARNING: [Vivado 12-13340] Unable to auto find GCC executables from simulator install path! (path not set)
INFO: [Vivado 12-5682] Launching behavioral simulation in 'D:/Minh_Hung/L05_Group_2_BTL_TKVM/L05_Group_2_BTL_TKVM.sim/sim_1/behav/xsim'
INFO: [SIM-utils-51] Simulation object is 'sim_1'
INFO: [SIM-utils-72] Using boost library from 'D:/Vivado/2024.1/tps/boost_1_72_0'
INFO: [SIM-utils-54] Inspecting design source files for 'RISC_CPU_tb' in fileset 'sim_1'...
INFO: [SIM-utils-43] Exported 'D:/Minh_Hung/L05_Group_2_BTL_TKVM/L05_Group_2_BTL_TKVM.sim/sim_1/behav/xsim/data_init.mem'
INFO: [SIM-utils-43] Exported 'D:/Minh_Hung/L05_Group_2_BTL_TKVM/L05_Group_2_BTL_TKVM.sim/sim_1/behav/xsim/instruction_file.mem'
INFO: [USF-XSim-97] Finding global include files...
INFO: [USF-XSim-98] Fetching design files from 'sim_1'...
INFO: [USF-XSim-2] XSim::Compile design
INFO: [USF-XSim-61] Executing 'COMPILE and ANALYZE' step in 'D:/Minh_Hung/L05_Group_2_BTL_TKVM/L05_Group_2_BTL_TKVM.sim/sim_1/behav/xsim'
"xvlog --incr --relax -prj RISC_CPU_tb_vlog.prj"
INFO: [VRFC 10-2263] Analyzing Verilog file "D:/Minh_Hung/L05_Group_2_BTL_TKVM/L05_Group_2_BTL_TKVM.srcs/sources_1/new/ALU.v" into library xil_defaultlib
INFO: [VRFC 10-311] analyzing module ALU
INFO: [VRFC 10-2263] Analyzing Verilog file "D:/Minh_Hung/L05_Group_2_BTL_TKVM/L05_Group_2_BTL_TKVM.srcs/sources_1/new/Accumulator.v" into library xil_defaultlib
INFO: [VRFC 10-311] analyzing module Accumulator
INFO: [VRFC 10-2263] Analyzing Verilog file "D:/Minh_Hung/L05_Group_2_BTL_TKVM/L05_Group_2_BTL_TKVM.srcs/sources_1/new/Controller.v" into library xil_defaultlib
INFO: [VRFC 10-311] analyzing module Controller
INFO: [VRFC 10-2263] Analyzing Verilog file "D:/Minh_Hung/L05_Group_2_BTL_TKVM/L05_Group_2_BTL_TKVM.srcs/sources_1/new/DataMemory.v" into library xil_defaultlib
INFO: [VRFC 10-311] analyzing module dataMemory
INFO: [VRFC 10-2263] Analyzing Verilog file "D:/Minh_Hung/L05_Group_2_BTL_TKVM/L05_Group_2_BTL_TKVM.srcs/sources_1/new/Instruction_Memory.v" into library xil_defaultlib
INFO: [VRFC 10-311] analyzing module instructionMemory
INFO: [VRFC 10-2263] Analyzing Verilog file "D:/Minh_Hung/L05_Group_2_BTL_TKVM/L05_Group_2_BTL_TKVM.srcs/sources_1/new/Instruction_register.v" into library xil_defaultlib
INFO: [VRFC 10-311] analyzing module Instruction_Register
INFO: [VRFC 10-2263] Analyzing Verilog file "D:/Minh_Hung/L05_Group_2_BTL_TKVM/L05_Group_2_BTL_TKVM.srcs/sources_1/new/Program_counter.v" into library xil_defaultlib
INFO: [VRFC 10-311] analyzing module Program_counter
INFO: [VRFC 10-2263] Analyzing Verilog file "D:/Minh_Hung/L05_Group_2_BTL_TKVM/L05_Group_2_BTL_TKVM.srcs/sources_1/new/RISC_CPU.v" into library xil_defaultlib
INFO: [VRFC 10-311] analyzing module RISC_CPU
INFO: [VRFC 10-2263] Analyzing Verilog file "D:/Minh_Hung/L05_Group_2_BTL_TKVM/L05_Group_2_BTL_TKVM.srcs/sources_1/new/addr_mux.v" into library xil_defaultlib
INFO: [VRFC 10-311] analyzing module addr_mux
INFO: [VRFC 10-2263] Analyzing Verilog file "D:/Minh_Hung/L05_Group_2_BTL_TKVM/L05_Group_2_BTL_TKVM.srcs/sim_1/new/RISC_CPU_tb.v" into library xil_defaultlib
INFO: [VRFC 10-311] analyzing module RISC_CPU_tb
INFO: [USF-XSim-69] 'compile' step finished in '1' seconds
INFO: [USF-XSim-3] XSim::Elaborate design
INFO: [USF-XSim-61] Executing 'ELABORATE' step in 'D:/Minh_Hung/L05_Group_2_BTL_TKVM/L05_Group_2_BTL_TKVM.sim/sim_1/behav/xsim'
"xelab --incr --debug typical --relax --mt 2 -L xil_defaultlib -L unisims_ver -L unimacro_ver -L secureip --snapshot RISC_CPU_tb_behav xil_defaultlib.RISC_CPU_tb xil_defaultlib.glbl -log elaborate.log"
Vivado Simulator v2024.1
Copyright 1986-2022 Xilinx, Inc. All Rights Reserved.
Copyright 2022-2024 Advanced Micro Devices, Inc. All Rights Reserved.
Running: D:/Vivado/2024.1/bin/unwrapped/win64.o/xelab.exe --incr --debug typical --relax --mt 2 -L xil_defaultlib -L unisims_ver -L unimacro_ver -L secureip --snapshot RISC_CPU_tb_behav xil_defaultlib.RISC_CPU_tb xil_defaultlib.glbl -log elaborate.log 
Using 2 slave threads.
Starting static elaboration
Pass Through NonSizing Optimizer
Completed static elaboration
Starting simulation data flow analysis
WARNING: [XSIM 43-4099] "D:/Minh_Hung/L05_Group_2_BTL_TKVM/L05_Group_2_BTL_TKVM.srcs/sources_1/new/ALU.v" Line 1. Module ALU doesn't have a timescale but at least one module in design has a timescale.
WARNING: [XSIM 43-4099] "D:/Minh_Hung/L05_Group_2_BTL_TKVM/L05_Group_2_BTL_TKVM.srcs/sources_1/new/ALU.v" Line 1. Module ALU doesn't have a timescale but at least one module in design has a timescale.
Completed simulation data flow analysis
Time Resolution for simulation is 1ps
Compiling module xil_defaultlib.Controller
Compiling module xil_defaultlib.Program_counter
Compiling module xil_defaultlib.addr_mux
Compiling module xil_defaultlib.instructionMemory
Compiling module xil_defaultlib.Instruction_Register
Compiling module xil_defaultlib.dataMemory
Compiling module xil_defaultlib.ALU
Compiling module xil_defaultlib.Accumulator
Compiling module xil_defaultlib.RISC_CPU
Compiling module xil_defaultlib.RISC_CPU_tb
Compiling module xil_defaultlib.glbl
Built simulation snapshot RISC_CPU_tb_behav
INFO: [USF-XSim-69] 'elaborate' step finished in '3' seconds
INFO: [USF-XSim-4] XSim::Simulate design
INFO: [USF-XSim-61] Executing 'SIMULATE' step in 'D:/Minh_Hung/L05_Group_2_BTL_TKVM/L05_Group_2_BTL_TKVM.sim/sim_1/behav/xsim'
INFO: [USF-XSim-98] *** Running xsim
   with args "RISC_CPU_tb_behav -key {Behavioral:sim_1:Functional:RISC_CPU_tb} -tclbatch {RISC_CPU_tb.tcl} -log {simulate.log}"
INFO: [USF-XSim-8] Loading simulator feature
Time resolution is 1 ps
source RISC_CPU_tb.tcl
# set curr_wave [current_wave_config]
# if { [string length $curr_wave] == 0 } {
#   if { [llength [get_objects]] > 0} {
#     add_wave /
#     set_property needs_save false [current_wave_config]
#   } else {
#      send_msg_id Add_Wave-1 WARNING "No top level signals found. Simulator will start without a wave window. If you want to open a wave window go to 'File->New Waveform Configuration' or type 'create_wave_config' in the TCL console."
#   }
# }
# run 1000ns
Time: 0 | PC_out: 0 | Opcode: zzz | Operand: zzzzz | Accumulator: 0 | ALU_Result: x | Instr: xx | Data_Mem: xx | Wr_En: 0 | Mux_Sel: 0 | PC_En: 0 | SKZ: 0 | JMP: 0 | LDA: 0 | ld_ac: 0 | alu_enable: 0
Time: 15000 | PC_out: 0 | Opcode: zzz | Operand: zzzzz | Accumulator: 0 | ALU_Result: x | Instr: xx | Data_Mem: xx | Wr_En: 0 | Mux_Sel: 1 | PC_En: 0 | SKZ: 0 | JMP: 0 | LDA: 0 | ld_ac: 0 | alu_enable: 0
Time: 35000 | PC_out: 0 | Opcode: zzz | Operand: zzzzz | Accumulator: 0 | ALU_Result: x | Instr: fe | Data_Mem: xx | Wr_En: 0 | Mux_Sel: 1 | PC_En: 0 | SKZ: 0 | JMP: 0 | LDA: 0 | ld_ac: 0 | alu_enable: 0
Time: 45000 | PC_out: 0 | Opcode: 111 | Operand: 11110 | Accumulator: 0 | ALU_Result: x | Instr: fe | Data_Mem: xx | Wr_En: 0 | Mux_Sel: 1 | PC_En: 0 | SKZ: 0 | JMP: 0 | LDA: 0 | ld_ac: 0 | alu_enable: 0
Time: 55000 | PC_out: 0 | Opcode: 111 | Operand: 11110 | Accumulator: 0 | ALU_Result: x | Instr: fe | Data_Mem: xx | Wr_En: 0 | Mux_Sel: 0 | PC_En: 0 | SKZ: 0 | JMP: 0 | LDA: 0 | ld_ac: 0 | alu_enable: 0
Time: 75000 | PC_out: 0 | Opcode: 111 | Operand: 11110 | Accumulator: 0 | ALU_Result: x | Instr: fe | Data_Mem: xx | Wr_En: 0 | Mux_Sel: 0 | PC_En: 0 | SKZ: 0 | JMP: 1 | LDA: 0 | ld_ac: 0 | alu_enable: 0
Time: 85000 | PC_out: 0 | Opcode: 111 | Operand: 11110 | Accumulator: 0 | ALU_Result: x | Instr: fe | Data_Mem: xx | Wr_En: 0 | Mux_Sel: 0 | PC_En: 1 | SKZ: 0 | JMP: 1 | LDA: 0 | ld_ac: 0 | alu_enable: 0
Time: 95000 | PC_out: 30 | Opcode: 111 | Operand: 11110 | Accumulator: 0 | ALU_Result: x | Instr: fe | Data_Mem: xx | Wr_En: 0 | Mux_Sel: 1 | PC_En: 0 | SKZ: 0 | JMP: 0 | LDA: 0 | ld_ac: 0 | alu_enable: 0
Time: 115000 | PC_out: 30 | Opcode: 111 | Operand: 11110 | Accumulator: 0 | ALU_Result: x | Instr: e3 | Data_Mem: xx | Wr_En: 0 | Mux_Sel: 1 | PC_En: 0 | SKZ: 0 | JMP: 0 | LDA: 0 | ld_ac: 0 | alu_enable: 0
Time: 125000 | PC_out: 30 | Opcode: 111 | Operand: 00011 | Accumulator: 0 | ALU_Result: x | Instr: e3 | Data_Mem: xx | Wr_En: 0 | Mux_Sel: 1 | PC_En: 0 | SKZ: 0 | JMP: 0 | LDA: 0 | ld_ac: 0 | alu_enable: 0
Time: 135000 | PC_out: 30 | Opcode: 111 | Operand: 00011 | Accumulator: 0 | ALU_Result: x | Instr: e3 | Data_Mem: xx | Wr_En: 0 | Mux_Sel: 0 | PC_En: 0 | SKZ: 0 | JMP: 0 | LDA: 0 | ld_ac: 0 | alu_enable: 0
Time: 155000 | PC_out: 30 | Opcode: 111 | Operand: 00011 | Accumulator: 0 | ALU_Result: x | Instr: e3 | Data_Mem: 00 | Wr_En: 0 | Mux_Sel: 0 | PC_En: 0 | SKZ: 0 | JMP: 1 | LDA: 0 | ld_ac: 0 | alu_enable: 0
Time: 165000 | PC_out: 30 | Opcode: 111 | Operand: 00011 | Accumulator: 0 | ALU_Result: x | Instr: e3 | Data_Mem: 00 | Wr_En: 0 | Mux_Sel: 0 | PC_En: 1 | SKZ: 0 | JMP: 1 | LDA: 0 | ld_ac: 0 | alu_enable: 0
Time: 175000 | PC_out: 3 | Opcode: 111 | Operand: 00011 | Accumulator: 0 | ALU_Result: x | Instr: e3 | Data_Mem: 00 | Wr_En: 0 | Mux_Sel: 1 | PC_En: 0 | SKZ: 0 | JMP: 0 | LDA: 0 | ld_ac: 0 | alu_enable: 0
Time: 195000 | PC_out: 3 | Opcode: 111 | Operand: 00011 | Accumulator: 0 | ALU_Result: x | Instr: ba | Data_Mem: 00 | Wr_En: 0 | Mux_Sel: 1 | PC_En: 0 | SKZ: 0 | JMP: 0 | LDA: 0 | ld_ac: 0 | alu_enable: 0
Time: 205000 | PC_out: 3 | Opcode: 101 | Operand: 11010 | Accumulator: 0 | ALU_Result: x | Instr: ba | Data_Mem: 00 | Wr_En: 0 | Mux_Sel: 1 | PC_En: 0 | SKZ: 0 | JMP: 0 | LDA: 0 | ld_ac: 0 | alu_enable: 0
Time: 215000 | PC_out: 3 | Opcode: 101 | Operand: 11010 | Accumulator: 0 | ALU_Result: x | Instr: ba | Data_Mem: 00 | Wr_En: 0 | Mux_Sel: 0 | PC_En: 0 | SKZ: 0 | JMP: 0 | LDA: 0 | ld_ac: 0 | alu_enable: 0
Time: 245000 | PC_out: 3 | Opcode: 101 | Operand: 11010 | Accumulator: 0 | ALU_Result: x | Instr: ba | Data_Mem: 00 | Wr_En: 0 | Mux_Sel: 0 | PC_En: 1 | SKZ: 0 | JMP: 0 | LDA: 0 | ld_ac: 1 | alu_enable: 0
Time: 255000 | PC_out: 4 | Opcode: 101 | Operand: 11010 | Accumulator: x | ALU_Result: x | Instr: ba | Data_Mem: 00 | Wr_En: 0 | Mux_Sel: 1 | PC_En: 0 | SKZ: 0 | JMP: 0 | LDA: 0 | ld_ac: 0 | alu_enable: 0
Time: 275000 | PC_out: 4 | Opcode: 101 | Operand: 11010 | Accumulator: x | ALU_Result: x | Instr: 20 | Data_Mem: 00 | Wr_En: 0 | Mux_Sel: 1 | PC_En: 0 | SKZ: 0 | JMP: 0 | LDA: 0 | ld_ac: 0 | alu_enable: 0
Time: 285000 | PC_out: 4 | Opcode: 001 | Operand: 00000 | Accumulator: x | ALU_Result: x | Instr: 20 | Data_Mem: 00 | Wr_En: 0 | Mux_Sel: 1 | PC_En: 0 | SKZ: 0 | JMP: 0 | LDA: 0 | ld_ac: 0 | alu_enable: 0
Time: 295000 | PC_out: 4 | Opcode: 001 | Operand: 00000 | Accumulator: x | ALU_Result: x | Instr: 20 | Data_Mem: 00 | Wr_En: 0 | Mux_Sel: 0 | PC_En: 0 | SKZ: 1 | JMP: 0 | LDA: 0 | ld_ac: 0 | alu_enable: 0
Time: 325000 | PC_out: 4 | Opcode: 001 | Operand: 00000 | Accumulator: x | ALU_Result: x | Instr: 20 | Data_Mem: 00 | Wr_En: 0 | Mux_Sel: 0 | PC_En: 1 | SKZ: 0 | JMP: 0 | LDA: 0 | ld_ac: 0 | alu_enable: 0
Time: 335000 | PC_out: 5 | Opcode: 001 | Operand: 00000 | Accumulator: x | ALU_Result: x | Instr: 20 | Data_Mem: 00 | Wr_En: 0 | Mux_Sel: 1 | PC_En: 0 | SKZ: 0 | JMP: 0 | LDA: 0 | ld_ac: 0 | alu_enable: 0
Time: 355000 | PC_out: 5 | Opcode: 001 | Operand: 00000 | Accumulator: x | ALU_Result: x | Instr: 00 | Data_Mem: 00 | Wr_En: 0 | Mux_Sel: 1 | PC_En: 0 | SKZ: 0 | JMP: 0 | LDA: 0 | ld_ac: 0 | alu_enable: 0
Time: 365000 | PC_out: 5 | Opcode: 000 | Operand: 00000 | Accumulator: x | ALU_Result: x | Instr: 00 | Data_Mem: 00 | Wr_En: 0 | Mux_Sel: 1 | PC_En: 0 | SKZ: 0 | JMP: 0 | LDA: 0 | ld_ac: 0 | alu_enable: 0
Time: 375000 | PC_out: 5 | Opcode: 000 | Operand: 00000 | Accumulator: x | ALU_Result: x | Instr: 00 | Data_Mem: 00 | Wr_En: 0 | Mux_Sel: 0 | PC_En: 0 | SKZ: 0 | JMP: 0 | LDA: 0 | ld_ac: 0 | alu_enable: 0
INFO: [USF-XSim-96] XSim completed. Design snapshot 'RISC_CPU_tb_behav' loaded.
INFO: [USF-XSim-97] XSim simulation ran for 1000ns
launch_simulation: Time (s): cpu = 00:00:01 ; elapsed = 00:00:07 . Memory (MB): peak = 2722.543 ; gain = 0.000
close_sim
INFO: [Simtcl 6-16] Simulation closed
launch_simulation
Command: launch_simulation 
INFO: [Vivado 12-12493] Simulation top is 'RISC_CPU_tb'
WARNING: [Vivado 12-13340] Unable to auto find GCC executables from simulator install path! (path not set)
INFO: [Vivado 12-5682] Launching behavioral simulation in 'D:/Minh_Hung/L05_Group_2_BTL_TKVM/L05_Group_2_BTL_TKVM.sim/sim_1/behav/xsim'
INFO: [SIM-utils-51] Simulation object is 'sim_1'
INFO: [SIM-utils-72] Using boost library from 'D:/Vivado/2024.1/tps/boost_1_72_0'
INFO: [SIM-utils-54] Inspecting design source files for 'RISC_CPU_tb' in fileset 'sim_1'...
INFO: [SIM-utils-43] Exported 'D:/Minh_Hung/L05_Group_2_BTL_TKVM/L05_Group_2_BTL_TKVM.sim/sim_1/behav/xsim/data_init.mem'
INFO: [SIM-utils-43] Exported 'D:/Minh_Hung/L05_Group_2_BTL_TKVM/L05_Group_2_BTL_TKVM.sim/sim_1/behav/xsim/instruction_file.mem'
INFO: [USF-XSim-97] Finding global include files...
INFO: [USF-XSim-98] Fetching design files from 'sim_1'...
INFO: [USF-XSim-2] XSim::Compile design
INFO: [USF-XSim-61] Executing 'COMPILE and ANALYZE' step in 'D:/Minh_Hung/L05_Group_2_BTL_TKVM/L05_Group_2_BTL_TKVM.sim/sim_1/behav/xsim'
"xvlog --incr --relax -prj RISC_CPU_tb_vlog.prj"
INFO: [VRFC 10-2263] Analyzing Verilog file "D:/Minh_Hung/L05_Group_2_BTL_TKVM/L05_Group_2_BTL_TKVM.srcs/sources_1/new/ALU.v" into library xil_defaultlib
INFO: [VRFC 10-311] analyzing module ALU
INFO: [VRFC 10-2263] Analyzing Verilog file "D:/Minh_Hung/L05_Group_2_BTL_TKVM/L05_Group_2_BTL_TKVM.srcs/sources_1/new/Accumulator.v" into library xil_defaultlib
INFO: [VRFC 10-311] analyzing module Accumulator
INFO: [VRFC 10-2263] Analyzing Verilog file "D:/Minh_Hung/L05_Group_2_BTL_TKVM/L05_Group_2_BTL_TKVM.srcs/sources_1/new/Controller.v" into library xil_defaultlib
INFO: [VRFC 10-311] analyzing module Controller
INFO: [VRFC 10-2263] Analyzing Verilog file "D:/Minh_Hung/L05_Group_2_BTL_TKVM/L05_Group_2_BTL_TKVM.srcs/sources_1/new/DataMemory.v" into library xil_defaultlib
INFO: [VRFC 10-311] analyzing module dataMemory
INFO: [VRFC 10-2263] Analyzing Verilog file "D:/Minh_Hung/L05_Group_2_BTL_TKVM/L05_Group_2_BTL_TKVM.srcs/sources_1/new/Instruction_Memory.v" into library xil_defaultlib
INFO: [VRFC 10-311] analyzing module instructionMemory
INFO: [VRFC 10-2263] Analyzing Verilog file "D:/Minh_Hung/L05_Group_2_BTL_TKVM/L05_Group_2_BTL_TKVM.srcs/sources_1/new/Instruction_register.v" into library xil_defaultlib
INFO: [VRFC 10-311] analyzing module Instruction_Register
INFO: [VRFC 10-2263] Analyzing Verilog file "D:/Minh_Hung/L05_Group_2_BTL_TKVM/L05_Group_2_BTL_TKVM.srcs/sources_1/new/Program_counter.v" into library xil_defaultlib
INFO: [VRFC 10-311] analyzing module Program_counter
INFO: [VRFC 10-2263] Analyzing Verilog file "D:/Minh_Hung/L05_Group_2_BTL_TKVM/L05_Group_2_BTL_TKVM.srcs/sources_1/new/RISC_CPU.v" into library xil_defaultlib
INFO: [VRFC 10-311] analyzing module RISC_CPU
INFO: [VRFC 10-2263] Analyzing Verilog file "D:/Minh_Hung/L05_Group_2_BTL_TKVM/L05_Group_2_BTL_TKVM.srcs/sources_1/new/addr_mux.v" into library xil_defaultlib
INFO: [VRFC 10-311] analyzing module addr_mux
INFO: [VRFC 10-2263] Analyzing Verilog file "D:/Minh_Hung/L05_Group_2_BTL_TKVM/L05_Group_2_BTL_TKVM.srcs/sim_1/new/RISC_CPU_tb.v" into library xil_defaultlib
INFO: [VRFC 10-311] analyzing module RISC_CPU_tb
INFO: [USF-XSim-69] 'compile' step finished in '2' seconds
INFO: [USF-XSim-3] XSim::Elaborate design
INFO: [USF-XSim-61] Executing 'ELABORATE' step in 'D:/Minh_Hung/L05_Group_2_BTL_TKVM/L05_Group_2_BTL_TKVM.sim/sim_1/behav/xsim'
"xelab --incr --debug typical --relax --mt 2 -L xil_defaultlib -L unisims_ver -L unimacro_ver -L secureip --snapshot RISC_CPU_tb_behav xil_defaultlib.RISC_CPU_tb xil_defaultlib.glbl -log elaborate.log"
Vivado Simulator v2024.1
Copyright 1986-2022 Xilinx, Inc. All Rights Reserved.
Copyright 2022-2024 Advanced Micro Devices, Inc. All Rights Reserved.
Running: D:/Vivado/2024.1/bin/unwrapped/win64.o/xelab.exe --incr --debug typical --relax --mt 2 -L xil_defaultlib -L unisims_ver -L unimacro_ver -L secureip --snapshot RISC_CPU_tb_behav xil_defaultlib.RISC_CPU_tb xil_defaultlib.glbl -log elaborate.log 
Using 2 slave threads.
Starting static elaboration
Pass Through NonSizing Optimizer
Completed static elaboration
Starting simulation data flow analysis
WARNING: [XSIM 43-4099] "D:/Minh_Hung/L05_Group_2_BTL_TKVM/L05_Group_2_BTL_TKVM.srcs/sources_1/new/ALU.v" Line 1. Module ALU doesn't have a timescale but at least one module in design has a timescale.
WARNING: [XSIM 43-4099] "D:/Minh_Hung/L05_Group_2_BTL_TKVM/L05_Group_2_BTL_TKVM.srcs/sources_1/new/ALU.v" Line 1. Module ALU doesn't have a timescale but at least one module in design has a timescale.
Completed simulation data flow analysis
Time Resolution for simulation is 1ps
Compiling module xil_defaultlib.Controller
Compiling module xil_defaultlib.Program_counter
Compiling module xil_defaultlib.addr_mux
Compiling module xil_defaultlib.instructionMemory
Compiling module xil_defaultlib.Instruction_Register
Compiling module xil_defaultlib.dataMemory
Compiling module xil_defaultlib.ALU
Compiling module xil_defaultlib.Accumulator
Compiling module xil_defaultlib.RISC_CPU
Compiling module xil_defaultlib.RISC_CPU_tb
Compiling module xil_defaultlib.glbl
Built simulation snapshot RISC_CPU_tb_behav
INFO: [USF-XSim-69] 'elaborate' step finished in '1' seconds
INFO: [USF-XSim-4] XSim::Simulate design
INFO: [USF-XSim-61] Executing 'SIMULATE' step in 'D:/Minh_Hung/L05_Group_2_BTL_TKVM/L05_Group_2_BTL_TKVM.sim/sim_1/behav/xsim'
INFO: [USF-XSim-98] *** Running xsim
   with args "RISC_CPU_tb_behav -key {Behavioral:sim_1:Functional:RISC_CPU_tb} -tclbatch {RISC_CPU_tb.tcl} -log {simulate.log}"
INFO: [USF-XSim-8] Loading simulator feature
Time resolution is 1 ps
source RISC_CPU_tb.tcl
# set curr_wave [current_wave_config]
# if { [string length $curr_wave] == 0 } {
#   if { [llength [get_objects]] > 0} {
#     add_wave /
#     set_property needs_save false [current_wave_config]
#   } else {
#      send_msg_id Add_Wave-1 WARNING "No top level signals found. Simulator will start without a wave window. If you want to open a wave window go to 'File->New Waveform Configuration' or type 'create_wave_config' in the TCL console."
#   }
# }
# run 1000ns
Time: 0 | PC_out: 0 | Opcode: zzz | Operand: zzzzz | Accumulator: 0 | ALU_Result: x | Instr: xx | Data_Mem: xx | Wr_En: 0 | Mux_Sel: 0 | PC_En: 0 | SKZ: 0 | JMP: 0 | LDA: 0 | ld_ac: 0 | alu_enable: 0
Time: 15000 | PC_out: 0 | Opcode: zzz | Operand: zzzzz | Accumulator: 0 | ALU_Result: x | Instr: xx | Data_Mem: xx | Wr_En: 0 | Mux_Sel: 1 | PC_En: 0 | SKZ: 0 | JMP: 0 | LDA: 0 | ld_ac: 0 | alu_enable: 0
Time: 35000 | PC_out: 0 | Opcode: zzz | Operand: zzzzz | Accumulator: 0 | ALU_Result: x | Instr: fe | Data_Mem: xx | Wr_En: 0 | Mux_Sel: 1 | PC_En: 0 | SKZ: 0 | JMP: 0 | LDA: 0 | ld_ac: 0 | alu_enable: 0
Time: 45000 | PC_out: 0 | Opcode: 111 | Operand: 11110 | Accumulator: 0 | ALU_Result: x | Instr: fe | Data_Mem: xx | Wr_En: 0 | Mux_Sel: 1 | PC_En: 0 | SKZ: 0 | JMP: 0 | LDA: 0 | ld_ac: 0 | alu_enable: 0
Time: 55000 | PC_out: 0 | Opcode: 111 | Operand: 11110 | Accumulator: 0 | ALU_Result: x | Instr: fe | Data_Mem: xx | Wr_En: 0 | Mux_Sel: 0 | PC_En: 0 | SKZ: 0 | JMP: 0 | LDA: 0 | ld_ac: 0 | alu_enable: 0
Time: 75000 | PC_out: 0 | Opcode: 111 | Operand: 11110 | Accumulator: 0 | ALU_Result: x | Instr: fe | Data_Mem: xx | Wr_En: 0 | Mux_Sel: 0 | PC_En: 0 | SKZ: 0 | JMP: 1 | LDA: 0 | ld_ac: 0 | alu_enable: 0
Time: 85000 | PC_out: 0 | Opcode: 111 | Operand: 11110 | Accumulator: 0 | ALU_Result: x | Instr: fe | Data_Mem: xx | Wr_En: 0 | Mux_Sel: 0 | PC_En: 1 | SKZ: 0 | JMP: 1 | LDA: 0 | ld_ac: 0 | alu_enable: 0
Time: 95000 | PC_out: 30 | Opcode: 111 | Operand: 11110 | Accumulator: 0 | ALU_Result: x | Instr: fe | Data_Mem: xx | Wr_En: 0 | Mux_Sel: 1 | PC_En: 0 | SKZ: 0 | JMP: 0 | LDA: 0 | ld_ac: 0 | alu_enable: 0
Time: 115000 | PC_out: 30 | Opcode: 111 | Operand: 11110 | Accumulator: 0 | ALU_Result: x | Instr: e3 | Data_Mem: xx | Wr_En: 0 | Mux_Sel: 1 | PC_En: 0 | SKZ: 0 | JMP: 0 | LDA: 0 | ld_ac: 0 | alu_enable: 0
Time: 125000 | PC_out: 30 | Opcode: 111 | Operand: 00011 | Accumulator: 0 | ALU_Result: x | Instr: e3 | Data_Mem: xx | Wr_En: 0 | Mux_Sel: 1 | PC_En: 0 | SKZ: 0 | JMP: 0 | LDA: 0 | ld_ac: 0 | alu_enable: 0
Time: 135000 | PC_out: 30 | Opcode: 111 | Operand: 00011 | Accumulator: 0 | ALU_Result: x | Instr: e3 | Data_Mem: xx | Wr_En: 0 | Mux_Sel: 0 | PC_En: 0 | SKZ: 0 | JMP: 0 | LDA: 0 | ld_ac: 0 | alu_enable: 0
Time: 155000 | PC_out: 30 | Opcode: 111 | Operand: 00011 | Accumulator: 0 | ALU_Result: x | Instr: e3 | Data_Mem: 00 | Wr_En: 0 | Mux_Sel: 0 | PC_En: 0 | SKZ: 0 | JMP: 1 | LDA: 0 | ld_ac: 0 | alu_enable: 0
Time: 165000 | PC_out: 30 | Opcode: 111 | Operand: 00011 | Accumulator: 0 | ALU_Result: x | Instr: e3 | Data_Mem: 00 | Wr_En: 0 | Mux_Sel: 0 | PC_En: 1 | SKZ: 0 | JMP: 1 | LDA: 0 | ld_ac: 0 | alu_enable: 0
Time: 175000 | PC_out: 3 | Opcode: 111 | Operand: 00011 | Accumulator: 0 | ALU_Result: x | Instr: e3 | Data_Mem: 00 | Wr_En: 0 | Mux_Sel: 1 | PC_En: 0 | SKZ: 0 | JMP: 0 | LDA: 0 | ld_ac: 0 | alu_enable: 0
Time: 195000 | PC_out: 3 | Opcode: 111 | Operand: 00011 | Accumulator: 0 | ALU_Result: x | Instr: ba | Data_Mem: 00 | Wr_En: 0 | Mux_Sel: 1 | PC_En: 0 | SKZ: 0 | JMP: 0 | LDA: 0 | ld_ac: 0 | alu_enable: 0
Time: 205000 | PC_out: 3 | Opcode: 101 | Operand: 11010 | Accumulator: 0 | ALU_Result: x | Instr: ba | Data_Mem: 00 | Wr_En: 0 | Mux_Sel: 1 | PC_En: 0 | SKZ: 0 | JMP: 0 | LDA: 0 | ld_ac: 0 | alu_enable: 0
Time: 215000 | PC_out: 3 | Opcode: 101 | Operand: 11010 | Accumulator: 0 | ALU_Result: x | Instr: ba | Data_Mem: 00 | Wr_En: 0 | Mux_Sel: 0 | PC_En: 0 | SKZ: 0 | JMP: 0 | LDA: 0 | ld_ac: 0 | alu_enable: 0
Time: 245000 | PC_out: 3 | Opcode: 101 | Operand: 11010 | Accumulator: 0 | ALU_Result: x | Instr: ba | Data_Mem: 00 | Wr_En: 0 | Mux_Sel: 0 | PC_En: 1 | SKZ: 0 | JMP: 0 | LDA: 0 | ld_ac: 1 | alu_enable: 0
Time: 255000 | PC_out: 4 | Opcode: 101 | Operand: 11010 | Accumulator: x | ALU_Result: x | Instr: ba | Data_Mem: 00 | Wr_En: 0 | Mux_Sel: 1 | PC_En: 0 | SKZ: 0 | JMP: 0 | LDA: 0 | ld_ac: 0 | alu_enable: 0
Time: 275000 | PC_out: 4 | Opcode: 101 | Operand: 11010 | Accumulator: x | ALU_Result: x | Instr: 20 | Data_Mem: 00 | Wr_En: 0 | Mux_Sel: 1 | PC_En: 0 | SKZ: 0 | JMP: 0 | LDA: 0 | ld_ac: 0 | alu_enable: 0
Time: 285000 | PC_out: 4 | Opcode: 001 | Operand: 00000 | Accumulator: x | ALU_Result: x | Instr: 20 | Data_Mem: 00 | Wr_En: 0 | Mux_Sel: 1 | PC_En: 0 | SKZ: 0 | JMP: 0 | LDA: 0 | ld_ac: 0 | alu_enable: 0
Time: 295000 | PC_out: 4 | Opcode: 001 | Operand: 00000 | Accumulator: x | ALU_Result: x | Instr: 20 | Data_Mem: 00 | Wr_En: 0 | Mux_Sel: 0 | PC_En: 0 | SKZ: 1 | JMP: 0 | LDA: 0 | ld_ac: 0 | alu_enable: 0
Time: 325000 | PC_out: 4 | Opcode: 001 | Operand: 00000 | Accumulator: x | ALU_Result: x | Instr: 20 | Data_Mem: 00 | Wr_En: 0 | Mux_Sel: 0 | PC_En: 1 | SKZ: 0 | JMP: 0 | LDA: 0 | ld_ac: 0 | alu_enable: 0
Time: 335000 | PC_out: 5 | Opcode: 001 | Operand: 00000 | Accumulator: x | ALU_Result: x | Instr: 20 | Data_Mem: 00 | Wr_En: 0 | Mux_Sel: 1 | PC_En: 0 | SKZ: 0 | JMP: 0 | LDA: 0 | ld_ac: 0 | alu_enable: 0
Time: 355000 | PC_out: 5 | Opcode: 001 | Operand: 00000 | Accumulator: x | ALU_Result: x | Instr: 00 | Data_Mem: 00 | Wr_En: 0 | Mux_Sel: 1 | PC_En: 0 | SKZ: 0 | JMP: 0 | LDA: 0 | ld_ac: 0 | alu_enable: 0
Time: 365000 | PC_out: 5 | Opcode: 000 | Operand: 00000 | Accumulator: x | ALU_Result: x | Instr: 00 | Data_Mem: 00 | Wr_En: 0 | Mux_Sel: 1 | PC_En: 0 | SKZ: 0 | JMP: 0 | LDA: 0 | ld_ac: 0 | alu_enable: 0
Time: 375000 | PC_out: 5 | Opcode: 000 | Operand: 00000 | Accumulator: x | ALU_Result: x | Instr: 00 | Data_Mem: 00 | Wr_En: 0 | Mux_Sel: 0 | PC_En: 0 | SKZ: 0 | JMP: 0 | LDA: 0 | ld_ac: 0 | alu_enable: 0
INFO: [USF-XSim-96] XSim completed. Design snapshot 'RISC_CPU_tb_behav' loaded.
INFO: [USF-XSim-97] XSim simulation ran for 1000ns
close_sim
INFO: [Simtcl 6-16] Simulation closed
launch_simulation
Command: launch_simulation 
INFO: [Vivado 12-12493] Simulation top is 'RISC_CPU_tb'
WARNING: [Vivado 12-13340] Unable to auto find GCC executables from simulator install path! (path not set)
INFO: [Vivado 12-5682] Launching behavioral simulation in 'D:/Minh_Hung/L05_Group_2_BTL_TKVM/L05_Group_2_BTL_TKVM.sim/sim_1/behav/xsim'
INFO: [SIM-utils-51] Simulation object is 'sim_1'
INFO: [SIM-utils-72] Using boost library from 'D:/Vivado/2024.1/tps/boost_1_72_0'
INFO: [SIM-utils-54] Inspecting design source files for 'RISC_CPU_tb' in fileset 'sim_1'...
INFO: [SIM-utils-43] Exported 'D:/Minh_Hung/L05_Group_2_BTL_TKVM/L05_Group_2_BTL_TKVM.sim/sim_1/behav/xsim/data_init.mem'
INFO: [SIM-utils-43] Exported 'D:/Minh_Hung/L05_Group_2_BTL_TKVM/L05_Group_2_BTL_TKVM.sim/sim_1/behav/xsim/instruction_file.mem'
INFO: [USF-XSim-97] Finding global include files...
INFO: [USF-XSim-98] Fetching design files from 'sim_1'...
INFO: [USF-XSim-2] XSim::Compile design
INFO: [USF-XSim-61] Executing 'COMPILE and ANALYZE' step in 'D:/Minh_Hung/L05_Group_2_BTL_TKVM/L05_Group_2_BTL_TKVM.sim/sim_1/behav/xsim'
"xvlog --incr --relax -prj RISC_CPU_tb_vlog.prj"
INFO: [VRFC 10-2263] Analyzing Verilog file "D:/Minh_Hung/L05_Group_2_BTL_TKVM/L05_Group_2_BTL_TKVM.srcs/sources_1/new/ALU.v" into library xil_defaultlib
INFO: [VRFC 10-311] analyzing module ALU
INFO: [VRFC 10-2263] Analyzing Verilog file "D:/Minh_Hung/L05_Group_2_BTL_TKVM/L05_Group_2_BTL_TKVM.srcs/sources_1/new/Accumulator.v" into library xil_defaultlib
INFO: [VRFC 10-311] analyzing module Accumulator
INFO: [VRFC 10-2263] Analyzing Verilog file "D:/Minh_Hung/L05_Group_2_BTL_TKVM/L05_Group_2_BTL_TKVM.srcs/sources_1/new/Controller.v" into library xil_defaultlib
INFO: [VRFC 10-311] analyzing module Controller
ERROR: [VRFC 10-4982] syntax error near ''' [D:/Minh_Hung/L05_Group_2_BTL_TKVM/L05_Group_2_BTL_TKVM.srcs/sources_1/new/Controller.v:126]
WARNING: [VRFC 10-2096] empty statement in sequential block [D:/Minh_Hung/L05_Group_2_BTL_TKVM/L05_Group_2_BTL_TKVM.srcs/sources_1/new/Controller.v:126]
ERROR: [VRFC 10-4982] syntax error near ''' [D:/Minh_Hung/L05_Group_2_BTL_TKVM/L05_Group_2_BTL_TKVM.srcs/sources_1/new/Controller.v:140]
WARNING: [VRFC 10-2096] empty statement in sequential block [D:/Minh_Hung/L05_Group_2_BTL_TKVM/L05_Group_2_BTL_TKVM.srcs/sources_1/new/Controller.v:140]
ERROR: [VRFC 10-8530] module 'Controller' is ignored due to previous errors [D:/Minh_Hung/L05_Group_2_BTL_TKVM/L05_Group_2_BTL_TKVM.srcs/sources_1/new/Controller.v:1]
INFO: [USF-XSim-69] 'compile' step finished in '1' seconds
INFO: [USF-XSim-99] Step results log file:'D:/Minh_Hung/L05_Group_2_BTL_TKVM/L05_Group_2_BTL_TKVM.sim/sim_1/behav/xsim/xvlog.log'
ERROR: [USF-XSim-62] 'compile' step failed with error(s). Please check the Tcl console output or 'D:/Minh_Hung/L05_Group_2_BTL_TKVM/L05_Group_2_BTL_TKVM.sim/sim_1/behav/xsim/xvlog.log' file for more information.
ERROR: [Vivado 12-4473] Detected error while running simulation. Please correct the issue and retry this operation.
ERROR: [Common 17-39] 'launch_simulation' failed due to earlier errors.
launch_simulation
Command: launch_simulation 
INFO: [Vivado 12-12493] Simulation top is 'RISC_CPU_tb'
WARNING: [Vivado 12-13340] Unable to auto find GCC executables from simulator install path! (path not set)
INFO: [Vivado 12-5682] Launching behavioral simulation in 'D:/Minh_Hung/L05_Group_2_BTL_TKVM/L05_Group_2_BTL_TKVM.sim/sim_1/behav/xsim'
INFO: [SIM-utils-51] Simulation object is 'sim_1'
INFO: [SIM-utils-72] Using boost library from 'D:/Vivado/2024.1/tps/boost_1_72_0'
INFO: [SIM-utils-54] Inspecting design source files for 'RISC_CPU_tb' in fileset 'sim_1'...
INFO: [SIM-utils-43] Exported 'D:/Minh_Hung/L05_Group_2_BTL_TKVM/L05_Group_2_BTL_TKVM.sim/sim_1/behav/xsim/data_init.mem'
INFO: [SIM-utils-43] Exported 'D:/Minh_Hung/L05_Group_2_BTL_TKVM/L05_Group_2_BTL_TKVM.sim/sim_1/behav/xsim/instruction_file.mem'
INFO: [USF-XSim-97] Finding global include files...
INFO: [USF-XSim-98] Fetching design files from 'sim_1'...
INFO: [USF-XSim-2] XSim::Compile design
INFO: [USF-XSim-61] Executing 'COMPILE and ANALYZE' step in 'D:/Minh_Hung/L05_Group_2_BTL_TKVM/L05_Group_2_BTL_TKVM.sim/sim_1/behav/xsim'
"xvlog --incr --relax -prj RISC_CPU_tb_vlog.prj"
INFO: [VRFC 10-2263] Analyzing Verilog file "D:/Minh_Hung/L05_Group_2_BTL_TKVM/L05_Group_2_BTL_TKVM.srcs/sources_1/new/ALU.v" into library xil_defaultlib
INFO: [VRFC 10-311] analyzing module ALU
INFO: [VRFC 10-2263] Analyzing Verilog file "D:/Minh_Hung/L05_Group_2_BTL_TKVM/L05_Group_2_BTL_TKVM.srcs/sources_1/new/Accumulator.v" into library xil_defaultlib
INFO: [VRFC 10-311] analyzing module Accumulator
INFO: [VRFC 10-2263] Analyzing Verilog file "D:/Minh_Hung/L05_Group_2_BTL_TKVM/L05_Group_2_BTL_TKVM.srcs/sources_1/new/Controller.v" into library xil_defaultlib
INFO: [VRFC 10-311] analyzing module Controller
INFO: [VRFC 10-2263] Analyzing Verilog file "D:/Minh_Hung/L05_Group_2_BTL_TKVM/L05_Group_2_BTL_TKVM.srcs/sources_1/new/DataMemory.v" into library xil_defaultlib
INFO: [VRFC 10-311] analyzing module dataMemory
INFO: [VRFC 10-2263] Analyzing Verilog file "D:/Minh_Hung/L05_Group_2_BTL_TKVM/L05_Group_2_BTL_TKVM.srcs/sources_1/new/Instruction_Memory.v" into library xil_defaultlib
INFO: [VRFC 10-311] analyzing module instructionMemory
INFO: [VRFC 10-2263] Analyzing Verilog file "D:/Minh_Hung/L05_Group_2_BTL_TKVM/L05_Group_2_BTL_TKVM.srcs/sources_1/new/Instruction_register.v" into library xil_defaultlib
INFO: [VRFC 10-311] analyzing module Instruction_Register
INFO: [VRFC 10-2263] Analyzing Verilog file "D:/Minh_Hung/L05_Group_2_BTL_TKVM/L05_Group_2_BTL_TKVM.srcs/sources_1/new/Program_counter.v" into library xil_defaultlib
INFO: [VRFC 10-311] analyzing module Program_counter
INFO: [VRFC 10-2263] Analyzing Verilog file "D:/Minh_Hung/L05_Group_2_BTL_TKVM/L05_Group_2_BTL_TKVM.srcs/sources_1/new/RISC_CPU.v" into library xil_defaultlib
INFO: [VRFC 10-311] analyzing module RISC_CPU
INFO: [VRFC 10-2263] Analyzing Verilog file "D:/Minh_Hung/L05_Group_2_BTL_TKVM/L05_Group_2_BTL_TKVM.srcs/sources_1/new/addr_mux.v" into library xil_defaultlib
INFO: [VRFC 10-311] analyzing module addr_mux
INFO: [VRFC 10-2263] Analyzing Verilog file "D:/Minh_Hung/L05_Group_2_BTL_TKVM/L05_Group_2_BTL_TKVM.srcs/sim_1/new/RISC_CPU_tb.v" into library xil_defaultlib
INFO: [VRFC 10-311] analyzing module RISC_CPU_tb
INFO: [USF-XSim-69] 'compile' step finished in '2' seconds
INFO: [USF-XSim-3] XSim::Elaborate design
INFO: [USF-XSim-61] Executing 'ELABORATE' step in 'D:/Minh_Hung/L05_Group_2_BTL_TKVM/L05_Group_2_BTL_TKVM.sim/sim_1/behav/xsim'
"xelab --incr --debug typical --relax --mt 2 -L xil_defaultlib -L unisims_ver -L unimacro_ver -L secureip --snapshot RISC_CPU_tb_behav xil_defaultlib.RISC_CPU_tb xil_defaultlib.glbl -log elaborate.log"
Vivado Simulator v2024.1
Copyright 1986-2022 Xilinx, Inc. All Rights Reserved.
Copyright 2022-2024 Advanced Micro Devices, Inc. All Rights Reserved.
Running: D:/Vivado/2024.1/bin/unwrapped/win64.o/xelab.exe --incr --debug typical --relax --mt 2 -L xil_defaultlib -L unisims_ver -L unimacro_ver -L secureip --snapshot RISC_CPU_tb_behav xil_defaultlib.RISC_CPU_tb xil_defaultlib.glbl -log elaborate.log 
Using 2 slave threads.
Starting static elaboration
Pass Through NonSizing Optimizer
Completed static elaboration
Starting simulation data flow analysis
WARNING: [XSIM 43-4099] "D:/Minh_Hung/L05_Group_2_BTL_TKVM/L05_Group_2_BTL_TKVM.srcs/sources_1/new/ALU.v" Line 1. Module ALU doesn't have a timescale but at least one module in design has a timescale.
WARNING: [XSIM 43-4099] "D:/Minh_Hung/L05_Group_2_BTL_TKVM/L05_Group_2_BTL_TKVM.srcs/sources_1/new/ALU.v" Line 1. Module ALU doesn't have a timescale but at least one module in design has a timescale.
Completed simulation data flow analysis
Time Resolution for simulation is 1ps
Compiling module xil_defaultlib.Controller
Compiling module xil_defaultlib.Program_counter
Compiling module xil_defaultlib.addr_mux
Compiling module xil_defaultlib.instructionMemory
Compiling module xil_defaultlib.Instruction_Register
Compiling module xil_defaultlib.dataMemory
Compiling module xil_defaultlib.ALU
Compiling module xil_defaultlib.Accumulator
Compiling module xil_defaultlib.RISC_CPU
Compiling module xil_defaultlib.RISC_CPU_tb
Compiling module xil_defaultlib.glbl
Built simulation snapshot RISC_CPU_tb_behav
INFO: [USF-XSim-69] 'elaborate' step finished in '2' seconds
INFO: [USF-XSim-4] XSim::Simulate design
INFO: [USF-XSim-61] Executing 'SIMULATE' step in 'D:/Minh_Hung/L05_Group_2_BTL_TKVM/L05_Group_2_BTL_TKVM.sim/sim_1/behav/xsim'
INFO: [USF-XSim-98] *** Running xsim
   with args "RISC_CPU_tb_behav -key {Behavioral:sim_1:Functional:RISC_CPU_tb} -tclbatch {RISC_CPU_tb.tcl} -log {simulate.log}"
INFO: [USF-XSim-8] Loading simulator feature
Time resolution is 1 ps
source RISC_CPU_tb.tcl
# set curr_wave [current_wave_config]
# if { [string length $curr_wave] == 0 } {
#   if { [llength [get_objects]] > 0} {
#     add_wave /
#     set_property needs_save false [current_wave_config]
#   } else {
#      send_msg_id Add_Wave-1 WARNING "No top level signals found. Simulator will start without a wave window. If you want to open a wave window go to 'File->New Waveform Configuration' or type 'create_wave_config' in the TCL console."
#   }
# }
# run 1000ns
Time: 0 | PC_out: 0 | Opcode: zzz | Operand: zzzzz | Accumulator: 0 | ALU_Result: x | Instr: xx | Data_Mem: xx | Wr_En: 0 | Mux_Sel: 0 | PC_En: 0 | SKZ: 0 | JMP: 0 | LDA: 0 | ld_ac: 0 | alu_enable: 0
Time: 15000 | PC_out: 0 | Opcode: zzz | Operand: zzzzz | Accumulator: 0 | ALU_Result: x | Instr: xx | Data_Mem: xx | Wr_En: 0 | Mux_Sel: 1 | PC_En: 0 | SKZ: 0 | JMP: 0 | LDA: 0 | ld_ac: 0 | alu_enable: 0
Time: 35000 | PC_out: 0 | Opcode: zzz | Operand: zzzzz | Accumulator: 0 | ALU_Result: x | Instr: fe | Data_Mem: xx | Wr_En: 0 | Mux_Sel: 1 | PC_En: 0 | SKZ: 0 | JMP: 0 | LDA: 0 | ld_ac: 0 | alu_enable: 0
Time: 45000 | PC_out: 0 | Opcode: 111 | Operand: 11110 | Accumulator: 0 | ALU_Result: x | Instr: fe | Data_Mem: xx | Wr_En: 0 | Mux_Sel: 1 | PC_En: 0 | SKZ: 0 | JMP: 0 | LDA: 0 | ld_ac: 0 | alu_enable: 0
Time: 55000 | PC_out: 0 | Opcode: 111 | Operand: 11110 | Accumulator: 0 | ALU_Result: x | Instr: fe | Data_Mem: xx | Wr_En: 0 | Mux_Sel: 0 | PC_En: 0 | SKZ: 0 | JMP: 0 | LDA: 0 | ld_ac: 0 | alu_enable: 0
Time: 75000 | PC_out: 0 | Opcode: 111 | Operand: 11110 | Accumulator: 0 | ALU_Result: x | Instr: fe | Data_Mem: xx | Wr_En: 0 | Mux_Sel: 0 | PC_En: 0 | SKZ: 0 | JMP: 1 | LDA: 0 | ld_ac: 0 | alu_enable: 0
Time: 85000 | PC_out: 0 | Opcode: 111 | Operand: 11110 | Accumulator: 0 | ALU_Result: x | Instr: fe | Data_Mem: xx | Wr_En: 0 | Mux_Sel: 0 | PC_En: 1 | SKZ: 0 | JMP: 1 | LDA: 0 | ld_ac: 0 | alu_enable: 0
Time: 95000 | PC_out: 30 | Opcode: 111 | Operand: 11110 | Accumulator: 0 | ALU_Result: x | Instr: fe | Data_Mem: xx | Wr_En: 0 | Mux_Sel: 1 | PC_En: 0 | SKZ: 0 | JMP: 0 | LDA: 0 | ld_ac: 0 | alu_enable: 0
Time: 115000 | PC_out: 30 | Opcode: 111 | Operand: 11110 | Accumulator: 0 | ALU_Result: x | Instr: e3 | Data_Mem: xx | Wr_En: 0 | Mux_Sel: 1 | PC_En: 0 | SKZ: 0 | JMP: 0 | LDA: 0 | ld_ac: 0 | alu_enable: 0
Time: 125000 | PC_out: 30 | Opcode: 111 | Operand: 00011 | Accumulator: 0 | ALU_Result: x | Instr: e3 | Data_Mem: xx | Wr_En: 0 | Mux_Sel: 1 | PC_En: 0 | SKZ: 0 | JMP: 0 | LDA: 0 | ld_ac: 0 | alu_enable: 0
Time: 135000 | PC_out: 30 | Opcode: 111 | Operand: 00011 | Accumulator: 0 | ALU_Result: x | Instr: e3 | Data_Mem: xx | Wr_En: 0 | Mux_Sel: 0 | PC_En: 0 | SKZ: 0 | JMP: 0 | LDA: 0 | ld_ac: 0 | alu_enable: 0
Time: 155000 | PC_out: 30 | Opcode: 111 | Operand: 00011 | Accumulator: 0 | ALU_Result: x | Instr: e3 | Data_Mem: 00 | Wr_En: 0 | Mux_Sel: 0 | PC_En: 0 | SKZ: 0 | JMP: 1 | LDA: 0 | ld_ac: 0 | alu_enable: 0
Time: 165000 | PC_out: 30 | Opcode: 111 | Operand: 00011 | Accumulator: 0 | ALU_Result: x | Instr: e3 | Data_Mem: 00 | Wr_En: 0 | Mux_Sel: 0 | PC_En: 1 | SKZ: 0 | JMP: 1 | LDA: 0 | ld_ac: 0 | alu_enable: 0
Time: 175000 | PC_out: 3 | Opcode: 111 | Operand: 00011 | Accumulator: 0 | ALU_Result: x | Instr: e3 | Data_Mem: 00 | Wr_En: 0 | Mux_Sel: 1 | PC_En: 0 | SKZ: 0 | JMP: 0 | LDA: 0 | ld_ac: 0 | alu_enable: 0
Time: 195000 | PC_out: 3 | Opcode: 111 | Operand: 00011 | Accumulator: 0 | ALU_Result: x | Instr: ba | Data_Mem: 00 | Wr_En: 0 | Mux_Sel: 1 | PC_En: 0 | SKZ: 0 | JMP: 0 | LDA: 0 | ld_ac: 0 | alu_enable: 0
Time: 205000 | PC_out: 3 | Opcode: 101 | Operand: 11010 | Accumulator: 0 | ALU_Result: x | Instr: ba | Data_Mem: 00 | Wr_En: 0 | Mux_Sel: 1 | PC_En: 0 | SKZ: 0 | JMP: 0 | LDA: 0 | ld_ac: 0 | alu_enable: 0
Time: 215000 | PC_out: 3 | Opcode: 101 | Operand: 11010 | Accumulator: 0 | ALU_Result: x | Instr: ba | Data_Mem: 00 | Wr_En: 0 | Mux_Sel: 0 | PC_En: 0 | SKZ: 0 | JMP: 0 | LDA: 0 | ld_ac: 0 | alu_enable: 0
Time: 225000 | PC_out: 3 | Opcode: 101 | Operand: 11010 | Accumulator: 0 | ALU_Result: x | Instr: ba | Data_Mem: 00 | Wr_En: 0 | Mux_Sel: 0 | PC_En: 0 | SKZ: 0 | JMP: 0 | LDA: 0 | ld_ac: 0 | alu_enable: 1
Time: 235000 | PC_out: 3 | Opcode: 101 | Operand: 11010 | Accumulator: 0 | ALU_Result: 0 | Instr: ba | Data_Mem: 00 | Wr_En: 0 | Mux_Sel: 0 | PC_En: 0 | SKZ: 0 | JMP: 0 | LDA: 0 | ld_ac: 0 | alu_enable: 1
Time: 245000 | PC_out: 3 | Opcode: 101 | Operand: 11010 | Accumulator: 0 | ALU_Result: 0 | Instr: ba | Data_Mem: 00 | Wr_En: 0 | Mux_Sel: 0 | PC_En: 1 | SKZ: 0 | JMP: 0 | LDA: 0 | ld_ac: 1 | alu_enable: 0
Time: 255000 | PC_out: 4 | Opcode: 101 | Operand: 11010 | Accumulator: 0 | ALU_Result: 0 | Instr: ba | Data_Mem: 00 | Wr_En: 0 | Mux_Sel: 1 | PC_En: 0 | SKZ: 0 | JMP: 0 | LDA: 0 | ld_ac: 0 | alu_enable: 0
Time: 275000 | PC_out: 4 | Opcode: 101 | Operand: 11010 | Accumulator: 0 | ALU_Result: 0 | Instr: 20 | Data_Mem: 00 | Wr_En: 0 | Mux_Sel: 1 | PC_En: 0 | SKZ: 0 | JMP: 0 | LDA: 0 | ld_ac: 0 | alu_enable: 0
Time: 285000 | PC_out: 4 | Opcode: 001 | Operand: 00000 | Accumulator: 0 | ALU_Result: 0 | Instr: 20 | Data_Mem: 00 | Wr_En: 0 | Mux_Sel: 1 | PC_En: 0 | SKZ: 0 | JMP: 0 | LDA: 0 | ld_ac: 0 | alu_enable: 0
Time: 295000 | PC_out: 4 | Opcode: 001 | Operand: 00000 | Accumulator: 0 | ALU_Result: 0 | Instr: 20 | Data_Mem: 00 | Wr_En: 0 | Mux_Sel: 0 | PC_En: 0 | SKZ: 1 | JMP: 0 | LDA: 0 | ld_ac: 0 | alu_enable: 0
Time: 325000 | PC_out: 4 | Opcode: 001 | Operand: 00000 | Accumulator: 0 | ALU_Result: 0 | Instr: 20 | Data_Mem: 00 | Wr_En: 0 | Mux_Sel: 0 | PC_En: 1 | SKZ: 0 | JMP: 0 | LDA: 0 | ld_ac: 0 | alu_enable: 0
Time: 335000 | PC_out: 5 | Opcode: 001 | Operand: 00000 | Accumulator: 0 | ALU_Result: 0 | Instr: 20 | Data_Mem: 00 | Wr_En: 0 | Mux_Sel: 1 | PC_En: 0 | SKZ: 0 | JMP: 0 | LDA: 0 | ld_ac: 0 | alu_enable: 0
Time: 355000 | PC_out: 5 | Opcode: 001 | Operand: 00000 | Accumulator: 0 | ALU_Result: 0 | Instr: 00 | Data_Mem: 00 | Wr_En: 0 | Mux_Sel: 1 | PC_En: 0 | SKZ: 0 | JMP: 0 | LDA: 0 | ld_ac: 0 | alu_enable: 0
Time: 365000 | PC_out: 5 | Opcode: 000 | Operand: 00000 | Accumulator: 0 | ALU_Result: 0 | Instr: 00 | Data_Mem: 00 | Wr_En: 0 | Mux_Sel: 1 | PC_En: 0 | SKZ: 0 | JMP: 0 | LDA: 0 | ld_ac: 0 | alu_enable: 0
Time: 375000 | PC_out: 5 | Opcode: 000 | Operand: 00000 | Accumulator: 0 | ALU_Result: 0 | Instr: 00 | Data_Mem: 00 | Wr_En: 0 | Mux_Sel: 0 | PC_En: 0 | SKZ: 0 | JMP: 0 | LDA: 0 | ld_ac: 0 | alu_enable: 0
INFO: [USF-XSim-96] XSim completed. Design snapshot 'RISC_CPU_tb_behav' loaded.
INFO: [USF-XSim-97] XSim simulation ran for 1000ns
launch_simulation: Time (s): cpu = 00:00:02 ; elapsed = 00:00:05 . Memory (MB): peak = 2722.543 ; gain = 0.000
close_sim
INFO: [Simtcl 6-16] Simulation closed
exit
INFO: [Common 17-206] Exiting Vivado at Fri Apr 11 11:35:35 2025...
