#-----------------------------------------------------------
# Vivado v2024.1 (64-bit)
# SW Build 5076996 on Wed May 22 18:37:14 MDT 2024
# IP Build 5075265 on Wed May 22 21:45:21 MDT 2024
# SharedData Build 5076995 on Wed May 22 18:29:18 MDT 2024
# Start of session at: Fri Apr 11 18:55:56 2025
# Process ID: 16032
# Current directory: D:/Minh_Hung/L05_Group_2_BTL_TKVM
# Command line: vivado.exe -gui_launcher_event rodinguilauncherevent4884 D:\Minh_Hung\L05_Group_2_BTL_TKVM\L05_Group_2_BTL_TKVM.xpr
# Log file: D:/Minh_Hung/L05_Group_2_BTL_TKVM/vivado.log
# Journal file: D:/Minh_Hung/L05_Group_2_BTL_TKVM\vivado.jou
# Running On        :MINH-HUNG
# Platform          :Windows Server 2016 or Windows 10
# Operating System  :26100
# Processor Detail  :AMD Ryzen 7 8745H w/ Radeon 780M Graphics
# CPU Frequency     :3793 MHz
# CPU Physical cores:8
# CPU Logical cores :16
# Host memory       :25028 MB
# Swap memory       :1610 MB
# Total Virtual     :26638 MB
# Available Virtual :12777 MB
#-----------------------------------------------------------
start_gui
open_project D:/Minh_Hung/L05_Group_2_BTL_TKVM/L05_Group_2_BTL_TKVM.xpr
INFO: [filemgmt 56-3] Default IP Output Path : Could not find the directory 'D:/Minh_Hung/L05_Group_2_BTL_TKVM/L05_Group_2_BTL_TKVM.gen/sources_1'.
Scanning sources...
Finished scanning sources
WARNING: [Board 49-26] cannot add Board Part xilinx.com:kc705:part0:1.6 available at D:/Vivado/2024.1/data/xhub/boards/XilinxBoardStore/boards/Xilinx/kc705/1.6/board.xml as part xc7k325tffg900-2 specified in board_part file is either invalid or not available
WARNING: [Board 49-26] cannot add Board Part xilinx.com:kcu105:part0:1.6 available at D:/Vivado/2024.1/data/xhub/boards/XilinxBoardStore/boards/Xilinx/kcu105/1.6/board.xml as part xcku040-ffva1156-2-e specified in board_part file is either invalid or not available
WARNING: [Board 49-26] cannot add Board Part xilinx.com:kcu105:part0:1.7 available at D:/Vivado/2024.1/data/xhub/boards/XilinxBoardStore/boards/Xilinx/kcu105/1.7/board.xml as part xcku040-ffva1156-2-e specified in board_part file is either invalid or not available
WARNING: [Board 49-26] cannot add Board Part xilinx.com:kcu1500:part0:1.2 available at D:/Vivado/2024.1/data/xhub/boards/XilinxBoardStore/boards/Xilinx/kcu1500/1.2/board.xml as part xcku115-flvb2104-2-e specified in board_part file is either invalid or not available
WARNING: [Board 49-26] cannot add Board Part xilinx.com:vc707:part0:1.4 available at D:/Vivado/2024.1/data/xhub/boards/XilinxBoardStore/boards/Xilinx/vc707/1.4/board.xml as part xc7vx485tffg1761-2 specified in board_part file is either invalid or not available
WARNING: [Board 49-26] cannot add Board Part xilinx.com:vc709:part0:1.8 available at D:/Vivado/2024.1/data/xhub/boards/XilinxBoardStore/boards/Xilinx/vc709/1.8/board.xml as part xc7vx690tffg1761-2 specified in board_part file is either invalid or not available
WARNING: [Board 49-26] cannot add Board Part xilinx.com:vck190:part0:2.2 available at D:/Vivado/2024.1/data/xhub/boards/XilinxBoardStore/boards/Xilinx/vck190/production/2.2/board.xml as part xcvc1902-vsva2197-2mp-e-s specified in board_part file is either invalid or not available
WARNING: [Board 49-26] cannot add Board Part xilinx.com:vck190:part0:3.0 available at D:/Vivado/2024.1/data/xhub/boards/XilinxBoardStore/boards/Xilinx/vck190/production/3.0/board.xml as part xcvc1902-vsva2197-2mp-e-s specified in board_part file is either invalid or not available
WARNING: [Board 49-26] cannot add Board Part xilinx.com:vck190:part0:3.1 available at D:/Vivado/2024.1/data/xhub/boards/XilinxBoardStore/boards/Xilinx/vck190/production/3.1/board.xml as part xcvc1902-vsva2197-2mp-e-s specified in board_part file is either invalid or not available
WARNING: [Board 49-26] cannot add Board Part xilinx.com:vck190:part0:3.2 available at D:/Vivado/2024.1/data/xhub/boards/XilinxBoardStore/boards/Xilinx/vck190/production/3.2/board.xml as part xcvc1902-vsva2197-2mp-e-s specified in board_part file is either invalid or not available
WARNING: [Board 49-26] cannot add Board Part xilinx.com:vck190:part0:3.3 available at D:/Vivado/2024.1/data/xhub/boards/XilinxBoardStore/boards/Xilinx/vck190/production/3.3/board.xml as part xcvc1902-vsva2197-2mp-e-s specified in board_part file is either invalid or not available
WARNING: [Board 49-26] cannot add Board Part xilinx.com:vck190_newl:part0:1.0 available at D:/Vivado/2024.1/data/xhub/boards/XilinxBoardStore/boards/Xilinx/vck190_newl/production/1.0/board.xml as part xcvc1902-vsva2197-2mp-e-s specified in board_part file is either invalid or not available
WARNING: [Board 49-26] cannot add Board Part xilinx.com:vck190_newl:part0:1.1 available at D:/Vivado/2024.1/data/xhub/boards/XilinxBoardStore/boards/Xilinx/vck190_newl/production/1.1/board.xml as part xcvc1902-vsva2197-2mp-e-s specified in board_part file is either invalid or not available
WARNING: [Board 49-26] cannot add Board Part xilinx.com:vck190_newl:part0:1.2 available at D:/Vivado/2024.1/data/xhub/boards/XilinxBoardStore/boards/Xilinx/vck190_newl/production/1.2/board.xml as part xcvc1902-vsva2197-2mp-e-s specified in board_part file is either invalid or not available
WARNING: [Board 49-26] cannot add Board Part xilinx.com:vcu108:part0:1.6 available at D:/Vivado/2024.1/data/xhub/boards/XilinxBoardStore/boards/Xilinx/vcu108/1.6/board.xml as part xcvu095-ffva2104-2-e specified in board_part file is either invalid or not available
WARNING: [Board 49-26] cannot add Board Part xilinx.com:vcu108:part0:1.7 available at D:/Vivado/2024.1/data/xhub/boards/XilinxBoardStore/boards/Xilinx/vcu108/1.7/board.xml as part xcvu095-ffva2104-2-e specified in board_part file is either invalid or not available
WARNING: [Board 49-26] cannot add Board Part xilinx.com:vcu110:part0:1.4 available at D:/Vivado/2024.1/data/xhub/boards/XilinxBoardStore/boards/Xilinx/vcu110/1.4/board.xml as part xcvu190-flgc2104-2-e specified in board_part file is either invalid or not available
WARNING: [Board 49-26] cannot add Board Part xilinx.com:vcu118:part0:2.0 available at D:/Vivado/2024.1/data/xhub/boards/XilinxBoardStore/boards/Xilinx/vcu118/2.0/board.xml as part xcvu9p-flga2104-2l-e specified in board_part file is either invalid or not available
WARNING: [Board 49-26] cannot add Board Part xilinx.com:vcu118:part0:2.3 available at D:/Vivado/2024.1/data/xhub/boards/XilinxBoardStore/boards/Xilinx/vcu118/2.3/board.xml as part xcvu9p-flga2104-2l-e specified in board_part file is either invalid or not available
WARNING: [Board 49-26] cannot add Board Part xilinx.com:vcu118:part0:2.4 available at D:/Vivado/2024.1/data/xhub/boards/XilinxBoardStore/boards/Xilinx/vcu118/2.4/board.xml as part xcvu9p-flga2104-2l-e specified in board_part file is either invalid or not available
WARNING: [Board 49-26] cannot add Board Part xilinx.com:vcu129:part0:1.0 available at D:/Vivado/2024.1/data/xhub/boards/XilinxBoardStore/boards/Xilinx/vcu129/production/1.0/board.xml as part xcvu29p-fsga2577-2l-e specified in board_part file is either invalid or not available
WARNING: [Board 49-26] cannot add Board Part xilinx.com:vcu1525:part0:1.3 available at D:/Vivado/2024.1/data/xhub/boards/XilinxBoardStore/boards/Xilinx/vcu1525/1.3/board.xml as part xcvu9p-fsgd2104-2l-e specified in board_part file is either invalid or not available
WARNING: [Board 49-26] cannot add Board Part xilinx.com:vek280:part0:1.0 available at D:/Vivado/2024.1/data/xhub/boards/XilinxBoardStore/boards/Xilinx/vek280/production/1.0/board.xml as part xcve2802-vsvh1760-2mp-e-s specified in board_part file is either invalid or not available
WARNING: [Board 49-26] cannot add Board Part xilinx.com:vek280:part0:1.1 available at D:/Vivado/2024.1/data/xhub/boards/XilinxBoardStore/boards/Xilinx/vek280/production/1.1/board.xml as part xcve2802-vsvh1760-2mp-e-s specified in board_part file is either invalid or not available
WARNING: [Board 49-26] cannot add Board Part xilinx.com:vek280:part0:1.2 available at D:/Vivado/2024.1/data/xhub/boards/XilinxBoardStore/boards/Xilinx/vek280/production/1.2/board.xml as part xcve2802-vsvh1760-2mp-e-s specified in board_part file is either invalid or not available
WARNING: [Board 49-26] cannot add Board Part xilinx.com:vek280_es:part0:1.0 available at D:/Vivado/2024.1/data/xhub/boards/XilinxBoardStore/boards/Xilinx/vek280/es/rev_a/1.0/board.xml as part xcve2802-vsvh1760-2lp-e-s-es1 specified in board_part file is either invalid or not available
WARNING: [Board 49-26] cannot add Board Part xilinx.com:vek280_es:part0:1.1 available at D:/Vivado/2024.1/data/xhub/boards/XilinxBoardStore/boards/Xilinx/vek280/es/rev_a/1.1/board.xml as part xcve2802-vsvh1760-2lp-e-s-es1 specified in board_part file is either invalid or not available
WARNING: [Board 49-26] cannot add Board Part xilinx.com:vek280_es_revb:part0:1.0 available at D:/Vivado/2024.1/data/xhub/boards/XilinxBoardStore/boards/Xilinx/vek280/es/rev_b/1.0/board.xml as part xcve2802-vsvh1760-2mp-e-s-es1 specified in board_part file is either invalid or not available
WARNING: [Board 49-26] cannot add Board Part xilinx.com:vek280_es_revb:part0:1.1 available at D:/Vivado/2024.1/data/xhub/boards/XilinxBoardStore/boards/Xilinx/vek280/es/rev_b/1.1/board.xml as part xcve2802-vsvh1760-2mp-e-s-es1 specified in board_part file is either invalid or not available
WARNING: [Board 49-26] cannot add Board Part xilinx.com:vermeo_t1_mpsoc:part0:1.0 available at D:/Vivado/2024.1/data/xhub/boards/XilinxBoardStore/boards/Xilinx/vermeo_t1_mpsoc/1.0/board.xml as part xczu19eg-ffvd1760-2l-e specified in board_part file is either invalid or not available
WARNING: [Board 49-26] cannot add Board Part xilinx.com:vermeo_t1_rfsoc:part0:1.0 available at D:/Vivado/2024.1/data/xhub/boards/XilinxBoardStore/boards/Xilinx/vermeo_t1_rfsoc/1.0/board.xml as part xczu21dr-ffvd1156-2l-e specified in board_part file is either invalid or not available
WARNING: [Board 49-26] cannot add Board Part xilinx.com:vhk158:part0:1.0 available at D:/Vivado/2024.1/data/xhub/boards/XilinxBoardStore/boards/Xilinx/vhk158/production/1.0/board.xml as part xcvh1582-vsva3697-2mp-e-s specified in board_part file is either invalid or not available
WARNING: [Board 49-26] cannot add Board Part xilinx.com:vhk158:part0:1.1 available at D:/Vivado/2024.1/data/xhub/boards/XilinxBoardStore/boards/Xilinx/vhk158/production/1.1/board.xml as part xcvh1582-vsva3697-2mp-e-s specified in board_part file is either invalid or not available
WARNING: [Board 49-26] cannot add Board Part xilinx.com:vhk158_es:part0:1.0 available at D:/Vivado/2024.1/data/xhub/boards/XilinxBoardStore/boards/Xilinx/vhk158/es/1.0/board.xml as part xcvh1582-vsva3697-2mp-e-s-es1 specified in board_part file is either invalid or not available
WARNING: [Board 49-26] cannot add Board Part xilinx.com:vhk158_es:part0:1.1 available at D:/Vivado/2024.1/data/xhub/boards/XilinxBoardStore/boards/Xilinx/vhk158/es/1.1/board.xml as part xcvh1582-vsva3697-2mp-e-s-es1 specified in board_part file is either invalid or not available
WARNING: [Board 49-26] cannot add Board Part xilinx.com:vmk180:part0:2.2 available at D:/Vivado/2024.1/data/xhub/boards/XilinxBoardStore/boards/Xilinx/vmk180/production/2.2/board.xml as part xcvm1802-vsva2197-2mp-e-s specified in board_part file is either invalid or not available
WARNING: [Board 49-26] cannot add Board Part xilinx.com:vmk180:part0:3.0 available at D:/Vivado/2024.1/data/xhub/boards/XilinxBoardStore/boards/Xilinx/vmk180/production/3.0/board.xml as part xcvm1802-vsva2197-2mp-e-s specified in board_part file is either invalid or not available
WARNING: [Board 49-26] cannot add Board Part xilinx.com:vmk180:part0:3.1 available at D:/Vivado/2024.1/data/xhub/boards/XilinxBoardStore/boards/Xilinx/vmk180/production/3.1/board.xml as part xcvm1802-vsva2197-2mp-e-s specified in board_part file is either invalid or not available
WARNING: [Board 49-26] cannot add Board Part xilinx.com:vmk180:part0:3.2 available at D:/Vivado/2024.1/data/xhub/boards/XilinxBoardStore/boards/Xilinx/vmk180/production/3.2/board.xml as part xcvm1802-vsva2197-2mp-e-s specified in board_part file is either invalid or not available
WARNING: [Board 49-26] cannot add Board Part xilinx.com:vmk180_newl:part0:1.0 available at D:/Vivado/2024.1/data/xhub/boards/XilinxBoardStore/boards/Xilinx/vmk180_newl/production/1.0/board.xml as part xcvm1802-vsva2197-2mp-e-s specified in board_part file is either invalid or not available
WARNING: [Board 49-26] cannot add Board Part xilinx.com:vmk180_newl:part0:1.1 available at D:/Vivado/2024.1/data/xhub/boards/XilinxBoardStore/boards/Xilinx/vmk180_newl/production/1.1/board.xml as part xcvm1802-vsva2197-2mp-e-s specified in board_part file is either invalid or not available
WARNING: [Board 49-26] cannot add Board Part xilinx.com:vpk120:part0:1.0 available at D:/Vivado/2024.1/data/xhub/boards/XilinxBoardStore/boards/Xilinx/vpk120/production/1.0/board.xml as part xcvp1202-vsva2785-2mp-e-s specified in board_part file is either invalid or not available
WARNING: [Board 49-26] cannot add Board Part xilinx.com:vpk120:part0:1.1 available at D:/Vivado/2024.1/data/xhub/boards/XilinxBoardStore/boards/Xilinx/vpk120/production/1.1/board.xml as part xcvp1202-vsva2785-2mp-e-s specified in board_part file is either invalid or not available
WARNING: [Board 49-26] cannot add Board Part xilinx.com:vpk120:part0:1.2 available at D:/Vivado/2024.1/data/xhub/boards/XilinxBoardStore/boards/Xilinx/vpk120/production/1.2/board.xml as part xcvp1202-vsva2785-2mp-e-s specified in board_part file is either invalid or not available
WARNING: [Board 49-26] cannot add Board Part xilinx.com:vpk180:part0:1.0 available at D:/Vivado/2024.1/data/xhub/boards/XilinxBoardStore/boards/Xilinx/vpk180/production/1.0/board.xml as part xcvp1802-lsvc4072-2mp-e-s specified in board_part file is either invalid or not available
WARNING: [Board 49-26] cannot add Board Part xilinx.com:vpk180:part0:1.1 available at D:/Vivado/2024.1/data/xhub/boards/XilinxBoardStore/boards/Xilinx/vpk180/production/1.1/board.xml as part xcvp1802-lsvc4072-2mp-e-s specified in board_part file is either invalid or not available
WARNING: [Board 49-26] cannot add Board Part xilinx.com:vpk180:part0:1.2 available at D:/Vivado/2024.1/data/xhub/boards/XilinxBoardStore/boards/Xilinx/vpk180/production/1.2/board.xml as part xcvp1802-lsvc4072-2mp-e-s specified in board_part file is either invalid or not available
WARNING: [Board 49-26] cannot add Board Part xilinx.com:zc706:part0:1.4 available at D:/Vivado/2024.1/data/xhub/boards/XilinxBoardStore/boards/Xilinx/zc706/1.4/board.xml as part xc7z045ffg900-2 specified in board_part file is either invalid or not available
WARNING: [Board 49-26] cannot add Board Part xilinx.com:zcu102:part0:3.3 available at D:/Vivado/2024.1/data/xhub/boards/XilinxBoardStore/boards/Xilinx/zcu102/3.3/board.xml as part xczu9eg-ffvb1156-2-e specified in board_part file is either invalid or not available
WARNING: [Board 49-26] cannot add Board Part xilinx.com:zcu102:part0:3.4 available at D:/Vivado/2024.1/data/xhub/boards/XilinxBoardStore/boards/Xilinx/zcu102/3.4/board.xml as part xczu9eg-ffvb1156-2-e specified in board_part file is either invalid or not available
WARNING: [Board 49-26] cannot add Board Part xilinx.com:zcu111:part0:1.2 available at D:/Vivado/2024.1/data/xhub/boards/XilinxBoardStore/boards/Xilinx/zcu111/1.2/board.xml as part xczu28dr-ffvg1517-2-e specified in board_part file is either invalid or not available
WARNING: [Board 49-26] cannot add Board Part xilinx.com:zcu111:part0:1.3 available at D:/Vivado/2024.1/data/xhub/boards/XilinxBoardStore/boards/Xilinx/zcu111/1.3/board.xml as part xczu28dr-ffvg1517-2-e specified in board_part file is either invalid or not available
WARNING: [Board 49-26] cannot add Board Part xilinx.com:zcu111:part0:1.4 available at D:/Vivado/2024.1/data/xhub/boards/XilinxBoardStore/boards/Xilinx/zcu111/1.4/board.xml as part xczu28dr-ffvg1517-2-e specified in board_part file is either invalid or not available
WARNING: [Board 49-26] cannot add Board Part xilinx.com:zcu1275:part0:1.0 available at D:/Vivado/2024.1/data/xhub/boards/XilinxBoardStore/boards/Xilinx/zcu1275/1.0/board.xml as part xczu29dr-ffvf1760-2-e specified in board_part file is either invalid or not available
WARNING: [Board 49-26] cannot add Board Part xilinx.com:zcu1285:part0:1.0 available at D:/Vivado/2024.1/data/xhub/boards/XilinxBoardStore/boards/Xilinx/zcu1285/1.0/board.xml as part xczu39dr-ffvf1760-2-i specified in board_part file is either invalid or not available
WARNING: [Board 49-26] cannot add Board Part xilinx.com:zcu208:part0:2.0 available at D:/Vivado/2024.1/data/xhub/boards/XilinxBoardStore/boards/Xilinx/zcu208/production/2.0/board.xml as part xczu48dr-fsvg1517-2-e specified in board_part file is either invalid or not available
WARNING: [Board 49-26] cannot add Board Part xilinx.com:zcu208ld:part0:2.0 available at D:/Vivado/2024.1/data/xhub/boards/XilinxBoardStore/boards/Xilinx/zcu208ld/production/2.0/board.xml as part xczu58dr-fsvg1517-2-i specified in board_part file is either invalid or not available
WARNING: [Board 49-26] cannot add Board Part xilinx.com:zcu216:part0:2.0 available at D:/Vivado/2024.1/data/xhub/boards/XilinxBoardStore/boards/Xilinx/zcu216/production/2.0/board.xml as part xczu49dr-ffvf1760-2-e specified in board_part file is either invalid or not available
WARNING: [Board 49-26] cannot add Board Part xilinx.com:zcu216ld:part0:2.0 available at D:/Vivado/2024.1/data/xhub/boards/XilinxBoardStore/boards/Xilinx/zcu216ld/production/2.0/board.xml as part xczu59dr-ffvf1760-2-i specified in board_part file is either invalid or not available
WARNING: [Board 49-26] cannot add Board Part xilinx.com:zcu670:part0:2.0 available at D:/Vivado/2024.1/data/xhub/boards/XilinxBoardStore/boards/Xilinx/zcu670/2.0/board.xml as part xczu67dr-fsve1156-2-i specified in board_part file is either invalid or not available
WARNING: [Board 49-26] cannot add Board Part xilinx.com:zcu670ld:part0:1.0 available at D:/Vivado/2024.1/data/xhub/boards/XilinxBoardStore/boards/Xilinx/zcu670ld/1.0/board.xml as part xczu57dr-fsve1156-2-i specified in board_part file is either invalid or not available
INFO: [IP_Flow 19-234] Refreshing IP repositories
INFO: [IP_Flow 19-1704] No user IP repositories specified
INFO: [IP_Flow 19-2313] Loaded Vivado IP repository 'D:/Vivado/2024.1/data/ip'.
open_project: Time (s): cpu = 00:00:21 ; elapsed = 00:00:12 . Memory (MB): peak = 2573.672 ; gain = 1478.859
update_compile_order -fileset sources_1
launch_simulation
Command: launch_simulation 
INFO: [Vivado 12-12493] Simulation top is 'RISC_CPU_tb'
WARNING: [Vivado 12-13340] Unable to auto find GCC executables from simulator install path! (path not set)
INFO: [Vivado 12-5682] Launching behavioral simulation in 'D:/Minh_Hung/L05_Group_2_BTL_TKVM/L05_Group_2_BTL_TKVM.sim/sim_1/behav/xsim'
INFO: [SIM-utils-51] Simulation object is 'sim_1'
INFO: [SIM-utils-72] Using boost library from 'D:/Vivado/2024.1/tps/boost_1_72_0'
INFO: [SIM-utils-54] Inspecting design source files for 'RISC_CPU_tb' in fileset 'sim_1'...
INFO: [SIM-utils-43] Exported 'D:/Minh_Hung/L05_Group_2_BTL_TKVM/L05_Group_2_BTL_TKVM.sim/sim_1/behav/xsim/data_init.mem'
INFO: [SIM-utils-43] Exported 'D:/Minh_Hung/L05_Group_2_BTL_TKVM/L05_Group_2_BTL_TKVM.sim/sim_1/behav/xsim/instruction_file.mem'
INFO: [USF-XSim-97] Finding global include files...
INFO: [USF-XSim-98] Fetching design files from 'sim_1'...
INFO: [USF-XSim-2] XSim::Compile design
INFO: [USF-XSim-61] Executing 'COMPILE and ANALYZE' step in 'D:/Minh_Hung/L05_Group_2_BTL_TKVM/L05_Group_2_BTL_TKVM.sim/sim_1/behav/xsim'
"xvlog --incr --relax -prj RISC_CPU_tb_vlog.prj"
INFO: [VRFC 10-2263] Analyzing Verilog file "D:/Minh_Hung/L05_Group_2_BTL_TKVM/L05_Group_2_BTL_TKVM.srcs/sources_1/new/ALU.v" into library xil_defaultlib
INFO: [VRFC 10-311] analyzing module ALU
INFO: [VRFC 10-2263] Analyzing Verilog file "D:/Minh_Hung/L05_Group_2_BTL_TKVM/L05_Group_2_BTL_TKVM.srcs/sources_1/new/Accumulator.v" into library xil_defaultlib
INFO: [VRFC 10-311] analyzing module Accumulator
INFO: [VRFC 10-2263] Analyzing Verilog file "D:/Minh_Hung/L05_Group_2_BTL_TKVM/L05_Group_2_BTL_TKVM.srcs/sources_1/new/Controller.v" into library xil_defaultlib
INFO: [VRFC 10-311] analyzing module Controller
INFO: [VRFC 10-2263] Analyzing Verilog file "D:/Minh_Hung/L05_Group_2_BTL_TKVM/L05_Group_2_BTL_TKVM.srcs/sources_1/new/DataMemory.v" into library xil_defaultlib
INFO: [VRFC 10-311] analyzing module dataMemory
INFO: [VRFC 10-2263] Analyzing Verilog file "D:/Minh_Hung/L05_Group_2_BTL_TKVM/L05_Group_2_BTL_TKVM.srcs/sources_1/new/Instruction_Memory.v" into library xil_defaultlib
INFO: [VRFC 10-311] analyzing module instructionMemory
INFO: [VRFC 10-2263] Analyzing Verilog file "D:/Minh_Hung/L05_Group_2_BTL_TKVM/L05_Group_2_BTL_TKVM.srcs/sources_1/new/Instruction_register.v" into library xil_defaultlib
INFO: [VRFC 10-311] analyzing module Instruction_Register
INFO: [VRFC 10-2263] Analyzing Verilog file "D:/Minh_Hung/L05_Group_2_BTL_TKVM/L05_Group_2_BTL_TKVM.srcs/sources_1/new/Program_counter.v" into library xil_defaultlib
INFO: [VRFC 10-311] analyzing module Program_counter
INFO: [VRFC 10-2263] Analyzing Verilog file "D:/Minh_Hung/L05_Group_2_BTL_TKVM/L05_Group_2_BTL_TKVM.srcs/sources_1/new/RISC_CPU.v" into library xil_defaultlib
INFO: [VRFC 10-311] analyzing module RISC_CPU
INFO: [VRFC 10-2263] Analyzing Verilog file "D:/Minh_Hung/L05_Group_2_BTL_TKVM/L05_Group_2_BTL_TKVM.srcs/sources_1/new/addr_mux.v" into library xil_defaultlib
INFO: [VRFC 10-311] analyzing module addr_mux
INFO: [VRFC 10-2263] Analyzing Verilog file "D:/Minh_Hung/L05_Group_2_BTL_TKVM/L05_Group_2_BTL_TKVM.srcs/sim_1/new/RISC_CPU_tb.v" into library xil_defaultlib
INFO: [VRFC 10-311] analyzing module RISC_CPU_tb
INFO: [USF-XSim-69] 'compile' step finished in '2' seconds
INFO: [USF-XSim-3] XSim::Elaborate design
INFO: [USF-XSim-61] Executing 'ELABORATE' step in 'D:/Minh_Hung/L05_Group_2_BTL_TKVM/L05_Group_2_BTL_TKVM.sim/sim_1/behav/xsim'
"xelab --incr --debug typical --relax --mt 2 -L xil_defaultlib -L unisims_ver -L unimacro_ver -L secureip --snapshot RISC_CPU_tb_behav xil_defaultlib.RISC_CPU_tb xil_defaultlib.glbl -log elaborate.log"
Vivado Simulator v2024.1
Copyright 1986-2022 Xilinx, Inc. All Rights Reserved.
Copyright 2022-2024 Advanced Micro Devices, Inc. All Rights Reserved.
Running: D:/Vivado/2024.1/bin/unwrapped/win64.o/xelab.exe --incr --debug typical --relax --mt 2 -L xil_defaultlib -L unisims_ver -L unimacro_ver -L secureip --snapshot RISC_CPU_tb_behav xil_defaultlib.RISC_CPU_tb xil_defaultlib.glbl -log elaborate.log 
Using 2 slave threads.
Starting static elaboration
Pass Through NonSizing Optimizer
Completed static elaboration
Starting simulation data flow analysis
WARNING: [XSIM 43-4099] "D:/Minh_Hung/L05_Group_2_BTL_TKVM/L05_Group_2_BTL_TKVM.srcs/sources_1/new/ALU.v" Line 1. Module ALU doesn't have a timescale but at least one module in design has a timescale.
WARNING: [XSIM 43-4099] "D:/Minh_Hung/L05_Group_2_BTL_TKVM/L05_Group_2_BTL_TKVM.srcs/sources_1/new/ALU.v" Line 1. Module ALU doesn't have a timescale but at least one module in design has a timescale.
Completed simulation data flow analysis
Time Resolution for simulation is 1ps
Compiling module xil_defaultlib.Controller
Compiling module xil_defaultlib.Program_counter
Compiling module xil_defaultlib.addr_mux
Compiling module xil_defaultlib.instructionMemory
Compiling module xil_defaultlib.Instruction_Register
Compiling module xil_defaultlib.dataMemory
Compiling module xil_defaultlib.ALU
Compiling module xil_defaultlib.Accumulator
Compiling module xil_defaultlib.RISC_CPU
Compiling module xil_defaultlib.RISC_CPU_tb
Compiling module xil_defaultlib.glbl
Built simulation snapshot RISC_CPU_tb_behav
INFO: [USF-XSim-69] 'elaborate' step finished in '4' seconds
INFO: [USF-XSim-4] XSim::Simulate design
INFO: [USF-XSim-61] Executing 'SIMULATE' step in 'D:/Minh_Hung/L05_Group_2_BTL_TKVM/L05_Group_2_BTL_TKVM.sim/sim_1/behav/xsim'
INFO: [USF-XSim-98] *** Running xsim
   with args "RISC_CPU_tb_behav -key {Behavioral:sim_1:Functional:RISC_CPU_tb} -tclbatch {RISC_CPU_tb.tcl} -log {simulate.log}"
INFO: [USF-XSim-8] Loading simulator feature
Time resolution is 1 ps
source RISC_CPU_tb.tcl
# set curr_wave [current_wave_config]
# if { [string length $curr_wave] == 0 } {
#   if { [llength [get_objects]] > 0} {
#     add_wave /
#     set_property needs_save false [current_wave_config]
#   } else {
#      send_msg_id Add_Wave-1 WARNING "No top level signals found. Simulator will start without a wave window. If you want to open a wave window go to 'File->New Waveform Configuration' or type 'create_wave_config' in the TCL console."
#   }
# }
# run 1000ns
Time: 0 | PC_out: 0 | Opcode: zzz | Operand: zzzzz | Accumulator: 0 | ALU_Result: x | Instr: xx | Data_Mem: xx | Wr_En: 0 | Mux_Sel: 0 | PC_En: 0 | SKZ: 0 | JMP: 0 | LDA: 0 | ld_ac: 0 | alu_enable: 0
Time: 15000 | PC_out: 0 | Opcode: zzz | Operand: zzzzz | Accumulator: 0 | ALU_Result: x | Instr: xx | Data_Mem: xx | Wr_En: 0 | Mux_Sel: 1 | PC_En: 0 | SKZ: 0 | JMP: 0 | LDA: 0 | ld_ac: 0 | alu_enable: 0
Time: 35000 | PC_out: 0 | Opcode: zzz | Operand: zzzzz | Accumulator: 0 | ALU_Result: x | Instr: fe | Data_Mem: xx | Wr_En: 0 | Mux_Sel: 1 | PC_En: 0 | SKZ: 0 | JMP: 0 | LDA: 0 | ld_ac: 0 | alu_enable: 0
Time: 45000 | PC_out: 0 | Opcode: 111 | Operand: 11110 | Accumulator: 0 | ALU_Result: x | Instr: fe | Data_Mem: xx | Wr_En: 0 | Mux_Sel: 1 | PC_En: 0 | SKZ: 0 | JMP: 0 | LDA: 0 | ld_ac: 0 | alu_enable: 0
Time: 55000 | PC_out: 0 | Opcode: 111 | Operand: 11110 | Accumulator: 0 | ALU_Result: x | Instr: fe | Data_Mem: xx | Wr_En: 0 | Mux_Sel: 0 | PC_En: 0 | SKZ: 0 | JMP: 0 | LDA: 0 | ld_ac: 0 | alu_enable: 0
Time: 75000 | PC_out: 0 | Opcode: 111 | Operand: 11110 | Accumulator: 0 | ALU_Result: x | Instr: fe | Data_Mem: xx | Wr_En: 0 | Mux_Sel: 0 | PC_En: 1 | SKZ: 0 | JMP: 1 | LDA: 0 | ld_ac: 0 | alu_enable: 0
Time: 85000 | PC_out: 30 | Opcode: 111 | Operand: 11110 | Accumulator: 0 | ALU_Result: x | Instr: fe | Data_Mem: xx | Wr_En: 0 | Mux_Sel: 0 | PC_En: 1 | SKZ: 0 | JMP: 1 | LDA: 0 | ld_ac: 0 | alu_enable: 0
Time: 95000 | PC_out: 30 | Opcode: 111 | Operand: 11110 | Accumulator: 0 | ALU_Result: x | Instr: fe | Data_Mem: xx | Wr_En: 0 | Mux_Sel: 1 | PC_En: 0 | SKZ: 0 | JMP: 0 | LDA: 0 | ld_ac: 0 | alu_enable: 0
Time: 115000 | PC_out: 30 | Opcode: 111 | Operand: 11110 | Accumulator: 0 | ALU_Result: x | Instr: e3 | Data_Mem: xx | Wr_En: 0 | Mux_Sel: 1 | PC_En: 0 | SKZ: 0 | JMP: 0 | LDA: 0 | ld_ac: 0 | alu_enable: 0
Time: 125000 | PC_out: 30 | Opcode: 111 | Operand: 00011 | Accumulator: 0 | ALU_Result: x | Instr: e3 | Data_Mem: xx | Wr_En: 0 | Mux_Sel: 1 | PC_En: 0 | SKZ: 0 | JMP: 0 | LDA: 0 | ld_ac: 0 | alu_enable: 0
Time: 135000 | PC_out: 30 | Opcode: 111 | Operand: 00011 | Accumulator: 0 | ALU_Result: x | Instr: e3 | Data_Mem: xx | Wr_En: 0 | Mux_Sel: 0 | PC_En: 0 | SKZ: 0 | JMP: 0 | LDA: 0 | ld_ac: 0 | alu_enable: 0
Time: 155000 | PC_out: 30 | Opcode: 111 | Operand: 00011 | Accumulator: 0 | ALU_Result: x | Instr: e3 | Data_Mem: 00 | Wr_En: 0 | Mux_Sel: 0 | PC_En: 1 | SKZ: 0 | JMP: 1 | LDA: 0 | ld_ac: 0 | alu_enable: 0
Time: 165000 | PC_out: 3 | Opcode: 111 | Operand: 00011 | Accumulator: 0 | ALU_Result: x | Instr: e3 | Data_Mem: 00 | Wr_En: 0 | Mux_Sel: 0 | PC_En: 1 | SKZ: 0 | JMP: 1 | LDA: 0 | ld_ac: 0 | alu_enable: 0
Time: 175000 | PC_out: 3 | Opcode: 111 | Operand: 00011 | Accumulator: 0 | ALU_Result: x | Instr: e3 | Data_Mem: 00 | Wr_En: 0 | Mux_Sel: 1 | PC_En: 0 | SKZ: 0 | JMP: 0 | LDA: 0 | ld_ac: 0 | alu_enable: 0
Time: 195000 | PC_out: 3 | Opcode: 111 | Operand: 00011 | Accumulator: 0 | ALU_Result: x | Instr: ba | Data_Mem: 00 | Wr_En: 0 | Mux_Sel: 1 | PC_En: 0 | SKZ: 0 | JMP: 0 | LDA: 0 | ld_ac: 0 | alu_enable: 0
Time: 205000 | PC_out: 3 | Opcode: 101 | Operand: 11010 | Accumulator: 0 | ALU_Result: x | Instr: ba | Data_Mem: 00 | Wr_En: 0 | Mux_Sel: 1 | PC_En: 0 | SKZ: 0 | JMP: 0 | LDA: 0 | ld_ac: 0 | alu_enable: 0
Time: 215000 | PC_out: 3 | Opcode: 101 | Operand: 11010 | Accumulator: 0 | ALU_Result: x | Instr: ba | Data_Mem: 00 | Wr_En: 0 | Mux_Sel: 0 | PC_En: 0 | SKZ: 0 | JMP: 0 | LDA: 0 | ld_ac: 0 | alu_enable: 0
Time: 225000 | PC_out: 3 | Opcode: 101 | Operand: 11010 | Accumulator: 0 | ALU_Result: x | Instr: ba | Data_Mem: 00 | Wr_En: 0 | Mux_Sel: 0 | PC_En: 0 | SKZ: 0 | JMP: 0 | LDA: 0 | ld_ac: 0 | alu_enable: 1
Time: 235000 | PC_out: 3 | Opcode: 101 | Operand: 11010 | Accumulator: 0 | ALU_Result: 0 | Instr: ba | Data_Mem: 00 | Wr_En: 0 | Mux_Sel: 0 | PC_En: 0 | SKZ: 0 | JMP: 0 | LDA: 0 | ld_ac: 0 | alu_enable: 1
Time: 245000 | PC_out: 3 | Opcode: 101 | Operand: 11010 | Accumulator: 0 | ALU_Result: 0 | Instr: ba | Data_Mem: 00 | Wr_En: 0 | Mux_Sel: 0 | PC_En: 1 | SKZ: 0 | JMP: 0 | LDA: 0 | ld_ac: 1 | alu_enable: 0
Time: 255000 | PC_out: 4 | Opcode: 101 | Operand: 11010 | Accumulator: 0 | ALU_Result: 0 | Instr: ba | Data_Mem: 00 | Wr_En: 0 | Mux_Sel: 1 | PC_En: 0 | SKZ: 0 | JMP: 0 | LDA: 0 | ld_ac: 0 | alu_enable: 0
Time: 275000 | PC_out: 4 | Opcode: 101 | Operand: 11010 | Accumulator: 0 | ALU_Result: 0 | Instr: 20 | Data_Mem: 00 | Wr_En: 0 | Mux_Sel: 1 | PC_En: 0 | SKZ: 0 | JMP: 0 | LDA: 0 | ld_ac: 0 | alu_enable: 0
Time: 285000 | PC_out: 4 | Opcode: 001 | Operand: 00000 | Accumulator: 0 | ALU_Result: 0 | Instr: 20 | Data_Mem: 00 | Wr_En: 0 | Mux_Sel: 1 | PC_En: 0 | SKZ: 0 | JMP: 0 | LDA: 0 | ld_ac: 0 | alu_enable: 0
Time: 295000 | PC_out: 4 | Opcode: 001 | Operand: 00000 | Accumulator: 0 | ALU_Result: 0 | Instr: 20 | Data_Mem: 00 | Wr_En: 0 | Mux_Sel: 0 | PC_En: 0 | SKZ: 1 | JMP: 0 | LDA: 0 | ld_ac: 0 | alu_enable: 0
Time: 315000 | PC_out: 4 | Opcode: 001 | Operand: 00000 | Accumulator: 0 | ALU_Result: 0 | Instr: 20 | Data_Mem: 00 | Wr_En: 0 | Mux_Sel: 0 | PC_En: 1 | SKZ: 1 | JMP: 0 | LDA: 0 | ld_ac: 0 | alu_enable: 0
Time: 325000 | PC_out: 6 | Opcode: 001 | Operand: 00000 | Accumulator: 0 | ALU_Result: 0 | Instr: 20 | Data_Mem: 00 | Wr_En: 0 | Mux_Sel: 0 | PC_En: 1 | SKZ: 0 | JMP: 0 | LDA: 0 | ld_ac: 0 | alu_enable: 0
Time: 335000 | PC_out: 7 | Opcode: 001 | Operand: 00000 | Accumulator: 0 | ALU_Result: 0 | Instr: 20 | Data_Mem: 00 | Wr_En: 0 | Mux_Sel: 1 | PC_En: 0 | SKZ: 0 | JMP: 0 | LDA: 0 | ld_ac: 0 | alu_enable: 0
Time: 375000 | PC_out: 7 | Opcode: 001 | Operand: 00000 | Accumulator: 0 | ALU_Result: 0 | Instr: 20 | Data_Mem: 00 | Wr_En: 0 | Mux_Sel: 0 | PC_En: 0 | SKZ: 1 | JMP: 0 | LDA: 0 | ld_ac: 0 | alu_enable: 0
Time: 395000 | PC_out: 7 | Opcode: 001 | Operand: 00000 | Accumulator: 0 | ALU_Result: 0 | Instr: 20 | Data_Mem: 00 | Wr_En: 0 | Mux_Sel: 0 | PC_En: 1 | SKZ: 1 | JMP: 0 | LDA: 0 | ld_ac: 0 | alu_enable: 0
Time: 405000 | PC_out: 9 | Opcode: 001 | Operand: 00000 | Accumulator: 0 | ALU_Result: 0 | Instr: 20 | Data_Mem: 00 | Wr_En: 0 | Mux_Sel: 0 | PC_En: 1 | SKZ: 0 | JMP: 0 | LDA: 0 | ld_ac: 0 | alu_enable: 0
Time: 415000 | PC_out: 10 | Opcode: 001 | Operand: 00000 | Accumulator: 0 | ALU_Result: 0 | Instr: 20 | Data_Mem: 00 | Wr_En: 0 | Mux_Sel: 1 | PC_En: 0 | SKZ: 0 | JMP: 0 | LDA: 0 | ld_ac: 0 | alu_enable: 0
Time: 435000 | PC_out: 10 | Opcode: 001 | Operand: 00000 | Accumulator: 0 | ALU_Result: 0 | Instr: dc | Data_Mem: 00 | Wr_En: 0 | Mux_Sel: 1 | PC_En: 0 | SKZ: 0 | JMP: 0 | LDA: 0 | ld_ac: 0 | alu_enable: 0
Time: 445000 | PC_out: 10 | Opcode: 110 | Operand: 11100 | Accumulator: 0 | ALU_Result: 0 | Instr: dc | Data_Mem: 00 | Wr_En: 0 | Mux_Sel: 1 | PC_En: 0 | SKZ: 0 | JMP: 0 | LDA: 0 | ld_ac: 0 | alu_enable: 0
Time: 455000 | PC_out: 10 | Opcode: 110 | Operand: 11100 | Accumulator: 0 | ALU_Result: 0 | Instr: dc | Data_Mem: 00 | Wr_En: 0 | Mux_Sel: 0 | PC_En: 0 | SKZ: 0 | JMP: 0 | LDA: 0 | ld_ac: 0 | alu_enable: 0
Time: 475000 | PC_out: 10 | Opcode: 110 | Operand: 11100 | Accumulator: 0 | ALU_Result: 0 | Instr: dc | Data_Mem: aa | Wr_En: 0 | Mux_Sel: 0 | PC_En: 0 | SKZ: 0 | JMP: 0 | LDA: 0 | ld_ac: 0 | alu_enable: 0
Time: 485000 | PC_out: 10 | Opcode: 110 | Operand: 11100 | Accumulator: 0 | ALU_Result: 0 | Instr: dc | Data_Mem: 00 | Wr_En: 1 | Mux_Sel: 0 | PC_En: 1 | SKZ: 0 | JMP: 0 | LDA: 0 | ld_ac: 0 | alu_enable: 0
Time: 495000 | PC_out: 11 | Opcode: 110 | Operand: 11100 | Accumulator: 0 | ALU_Result: 0 | Instr: dc | Data_Mem: aa | Wr_En: 0 | Mux_Sel: 1 | PC_En: 0 | SKZ: 0 | JMP: 0 | LDA: 0 | ld_ac: 0 | alu_enable: 0
Time: 505000 | PC_out: 11 | Opcode: 110 | Operand: 11100 | Accumulator: 0 | ALU_Result: 0 | Instr: dc | Data_Mem: 00 | Wr_En: 0 | Mux_Sel: 1 | PC_En: 0 | SKZ: 0 | JMP: 0 | LDA: 0 | ld_ac: 0 | alu_enable: 0
Time: 515000 | PC_out: 11 | Opcode: 110 | Operand: 11100 | Accumulator: 0 | ALU_Result: 0 | Instr: ba | Data_Mem: 00 | Wr_En: 0 | Mux_Sel: 1 | PC_En: 0 | SKZ: 0 | JMP: 0 | LDA: 0 | ld_ac: 0 | alu_enable: 0
Time: 525000 | PC_out: 11 | Opcode: 101 | Operand: 11010 | Accumulator: 0 | ALU_Result: 0 | Instr: ba | Data_Mem: 00 | Wr_En: 0 | Mux_Sel: 1 | PC_En: 0 | SKZ: 0 | JMP: 0 | LDA: 0 | ld_ac: 0 | alu_enable: 0
Time: 535000 | PC_out: 11 | Opcode: 101 | Operand: 11010 | Accumulator: 0 | ALU_Result: 0 | Instr: ba | Data_Mem: 00 | Wr_En: 0 | Mux_Sel: 0 | PC_En: 0 | SKZ: 0 | JMP: 0 | LDA: 0 | ld_ac: 0 | alu_enable: 0
Time: 545000 | PC_out: 11 | Opcode: 101 | Operand: 11010 | Accumulator: 0 | ALU_Result: 0 | Instr: ba | Data_Mem: 00 | Wr_En: 0 | Mux_Sel: 0 | PC_En: 0 | SKZ: 0 | JMP: 0 | LDA: 0 | ld_ac: 0 | alu_enable: 1
Time: 565000 | PC_out: 11 | Opcode: 101 | Operand: 11010 | Accumulator: 0 | ALU_Result: 0 | Instr: ba | Data_Mem: 00 | Wr_En: 0 | Mux_Sel: 0 | PC_En: 1 | SKZ: 0 | JMP: 0 | LDA: 0 | ld_ac: 1 | alu_enable: 0
Time: 575000 | PC_out: 12 | Opcode: 101 | Operand: 11010 | Accumulator: 0 | ALU_Result: 0 | Instr: ba | Data_Mem: 00 | Wr_En: 0 | Mux_Sel: 1 | PC_En: 0 | SKZ: 0 | JMP: 0 | LDA: 0 | ld_ac: 0 | alu_enable: 0
Time: 595000 | PC_out: 12 | Opcode: 101 | Operand: 11010 | Accumulator: 0 | ALU_Result: 0 | Instr: dc | Data_Mem: 00 | Wr_En: 0 | Mux_Sel: 1 | PC_En: 0 | SKZ: 0 | JMP: 0 | LDA: 0 | ld_ac: 0 | alu_enable: 0
Time: 605000 | PC_out: 12 | Opcode: 110 | Operand: 11100 | Accumulator: 0 | ALU_Result: 0 | Instr: dc | Data_Mem: 00 | Wr_En: 0 | Mux_Sel: 1 | PC_En: 0 | SKZ: 0 | JMP: 0 | LDA: 0 | ld_ac: 0 | alu_enable: 0
Time: 615000 | PC_out: 12 | Opcode: 110 | Operand: 11100 | Accumulator: 0 | ALU_Result: 0 | Instr: dc | Data_Mem: 00 | Wr_En: 0 | Mux_Sel: 0 | PC_En: 0 | SKZ: 0 | JMP: 0 | LDA: 0 | ld_ac: 0 | alu_enable: 0
Time: 645000 | PC_out: 12 | Opcode: 110 | Operand: 11100 | Accumulator: 0 | ALU_Result: 0 | Instr: dc | Data_Mem: 00 | Wr_En: 1 | Mux_Sel: 0 | PC_En: 1 | SKZ: 0 | JMP: 0 | LDA: 0 | ld_ac: 0 | alu_enable: 0
Time: 655000 | PC_out: 13 | Opcode: 110 | Operand: 11100 | Accumulator: 0 | ALU_Result: 0 | Instr: dc | Data_Mem: 00 | Wr_En: 0 | Mux_Sel: 1 | PC_En: 0 | SKZ: 0 | JMP: 0 | LDA: 0 | ld_ac: 0 | alu_enable: 0
Time: 675000 | PC_out: 13 | Opcode: 110 | Operand: 11100 | Accumulator: 0 | ALU_Result: 0 | Instr: bc | Data_Mem: 00 | Wr_En: 0 | Mux_Sel: 1 | PC_En: 0 | SKZ: 0 | JMP: 0 | LDA: 0 | ld_ac: 0 | alu_enable: 0
Time: 685000 | PC_out: 13 | Opcode: 101 | Operand: 11100 | Accumulator: 0 | ALU_Result: 0 | Instr: bc | Data_Mem: 00 | Wr_En: 0 | Mux_Sel: 1 | PC_En: 0 | SKZ: 0 | JMP: 0 | LDA: 0 | ld_ac: 0 | alu_enable: 0
Time: 695000 | PC_out: 13 | Opcode: 101 | Operand: 11100 | Accumulator: 0 | ALU_Result: 0 | Instr: bc | Data_Mem: 00 | Wr_En: 0 | Mux_Sel: 0 | PC_En: 0 | SKZ: 0 | JMP: 0 | LDA: 0 | ld_ac: 0 | alu_enable: 0
Time: 705000 | PC_out: 13 | Opcode: 101 | Operand: 11100 | Accumulator: 0 | ALU_Result: 0 | Instr: bc | Data_Mem: 00 | Wr_En: 0 | Mux_Sel: 0 | PC_En: 0 | SKZ: 0 | JMP: 0 | LDA: 0 | ld_ac: 0 | alu_enable: 1
Time: 725000 | PC_out: 13 | Opcode: 101 | Operand: 11100 | Accumulator: 0 | ALU_Result: 0 | Instr: bc | Data_Mem: 00 | Wr_En: 0 | Mux_Sel: 0 | PC_En: 1 | SKZ: 0 | JMP: 0 | LDA: 0 | ld_ac: 1 | alu_enable: 0
Time: 735000 | PC_out: 14 | Opcode: 101 | Operand: 11100 | Accumulator: 0 | ALU_Result: 0 | Instr: bc | Data_Mem: 00 | Wr_En: 0 | Mux_Sel: 1 | PC_En: 0 | SKZ: 0 | JMP: 0 | LDA: 0 | ld_ac: 0 | alu_enable: 0
Time: 755000 | PC_out: 14 | Opcode: 101 | Operand: 11100 | Accumulator: 0 | ALU_Result: 0 | Instr: 20 | Data_Mem: 00 | Wr_En: 0 | Mux_Sel: 1 | PC_En: 0 | SKZ: 0 | JMP: 0 | LDA: 0 | ld_ac: 0 | alu_enable: 0
Time: 765000 | PC_out: 14 | Opcode: 001 | Operand: 00000 | Accumulator: 0 | ALU_Result: 0 | Instr: 20 | Data_Mem: 00 | Wr_En: 0 | Mux_Sel: 1 | PC_En: 0 | SKZ: 0 | JMP: 0 | LDA: 0 | ld_ac: 0 | alu_enable: 0
Time: 775000 | PC_out: 14 | Opcode: 001 | Operand: 00000 | Accumulator: 0 | ALU_Result: 0 | Instr: 20 | Data_Mem: 00 | Wr_En: 0 | Mux_Sel: 0 | PC_En: 0 | SKZ: 1 | JMP: 0 | LDA: 0 | ld_ac: 0 | alu_enable: 0
Time: 795000 | PC_out: 14 | Opcode: 001 | Operand: 00000 | Accumulator: 0 | ALU_Result: 0 | Instr: 20 | Data_Mem: 00 | Wr_En: 0 | Mux_Sel: 0 | PC_En: 1 | SKZ: 1 | JMP: 0 | LDA: 0 | ld_ac: 0 | alu_enable: 0
Time: 805000 | PC_out: 16 | Opcode: 001 | Operand: 00000 | Accumulator: 0 | ALU_Result: 0 | Instr: 20 | Data_Mem: 00 | Wr_En: 0 | Mux_Sel: 0 | PC_En: 1 | SKZ: 0 | JMP: 0 | LDA: 0 | ld_ac: 0 | alu_enable: 0
Time: 815000 | PC_out: 17 | Opcode: 001 | Operand: 00000 | Accumulator: 0 | ALU_Result: 0 | Instr: 20 | Data_Mem: 00 | Wr_En: 0 | Mux_Sel: 1 | PC_En: 0 | SKZ: 0 | JMP: 0 | LDA: 0 | ld_ac: 0 | alu_enable: 0
Time: 855000 | PC_out: 17 | Opcode: 001 | Operand: 00000 | Accumulator: 0 | ALU_Result: 0 | Instr: 20 | Data_Mem: 00 | Wr_En: 0 | Mux_Sel: 0 | PC_En: 0 | SKZ: 1 | JMP: 0 | LDA: 0 | ld_ac: 0 | alu_enable: 0
Time: 875000 | PC_out: 17 | Opcode: 001 | Operand: 00000 | Accumulator: 0 | ALU_Result: 0 | Instr: 20 | Data_Mem: 00 | Wr_En: 0 | Mux_Sel: 0 | PC_En: 1 | SKZ: 1 | JMP: 0 | LDA: 0 | ld_ac: 0 | alu_enable: 0
Time: 885000 | PC_out: 19 | Opcode: 001 | Operand: 00000 | Accumulator: 0 | ALU_Result: 0 | Instr: 20 | Data_Mem: 00 | Wr_En: 0 | Mux_Sel: 0 | PC_En: 1 | SKZ: 0 | JMP: 0 | LDA: 0 | ld_ac: 0 | alu_enable: 0
Time: 895000 | PC_out: 20 | Opcode: 001 | Operand: 00000 | Accumulator: 0 | ALU_Result: 0 | Instr: 20 | Data_Mem: 00 | Wr_En: 0 | Mux_Sel: 1 | PC_En: 0 | SKZ: 0 | JMP: 0 | LDA: 0 | ld_ac: 0 | alu_enable: 0
Time: 915000 | PC_out: 20 | Opcode: 001 | Operand: 00000 | Accumulator: 0 | ALU_Result: 0 | Instr: 9b | Data_Mem: 00 | Wr_En: 0 | Mux_Sel: 1 | PC_En: 0 | SKZ: 0 | JMP: 0 | LDA: 0 | ld_ac: 0 | alu_enable: 0
Time: 925000 | PC_out: 20 | Opcode: 100 | Operand: 11011 | Accumulator: 0 | ALU_Result: 0 | Instr: 9b | Data_Mem: 00 | Wr_En: 0 | Mux_Sel: 1 | PC_En: 0 | SKZ: 0 | JMP: 0 | LDA: 0 | ld_ac: 0 | alu_enable: 0
Time: 935000 | PC_out: 20 | Opcode: 100 | Operand: 11011 | Accumulator: 0 | ALU_Result: 0 | Instr: 9b | Data_Mem: 00 | Wr_En: 0 | Mux_Sel: 0 | PC_En: 0 | SKZ: 0 | JMP: 0 | LDA: 0 | ld_ac: 0 | alu_enable: 1
Time: 955000 | PC_out: 20 | Opcode: 100 | Operand: 11011 | Accumulator: 0 | ALU_Result: 0 | Instr: 9b | Data_Mem: ff | Wr_En: 0 | Mux_Sel: 0 | PC_En: 0 | SKZ: 0 | JMP: 0 | LDA: 0 | ld_ac: 0 | alu_enable: 1
Time: 965000 | PC_out: 20 | Opcode: 100 | Operand: 11011 | Accumulator: 0 | ALU_Result: 255 | Instr: 9b | Data_Mem: ff | Wr_En: 0 | Mux_Sel: 0 | PC_En: 1 | SKZ: 0 | JMP: 0 | LDA: 0 | ld_ac: 1 | alu_enable: 0
Time: 975000 | PC_out: 21 | Opcode: 100 | Operand: 11011 | Accumulator: 255 | ALU_Result: 255 | Instr: 9b | Data_Mem: ff | Wr_En: 0 | Mux_Sel: 1 | PC_En: 0 | SKZ: 0 | JMP: 0 | LDA: 0 | ld_ac: 0 | alu_enable: 0
Time: 995000 | PC_out: 21 | Opcode: 100 | Operand: 11011 | Accumulator: 255 | ALU_Result: 255 | Instr: 20 | Data_Mem: ff | Wr_En: 0 | Mux_Sel: 1 | PC_En: 0 | SKZ: 0 | JMP: 0 | LDA: 0 | ld_ac: 0 | alu_enable: 0
INFO: [USF-XSim-96] XSim completed. Design snapshot 'RISC_CPU_tb_behav' loaded.
INFO: [USF-XSim-97] XSim simulation ran for 1000ns
launch_simulation: Time (s): cpu = 00:00:04 ; elapsed = 00:00:09 . Memory (MB): peak = 2656.789 ; gain = 51.184
close_sim
INFO: [Simtcl 6-16] Simulation closed
launch_simulation
Command: launch_simulation 
INFO: [Vivado 12-12493] Simulation top is 'RISC_CPU_tb'
WARNING: [Vivado 12-13340] Unable to auto find GCC executables from simulator install path! (path not set)
INFO: [Vivado 12-5682] Launching behavioral simulation in 'D:/Minh_Hung/L05_Group_2_BTL_TKVM/L05_Group_2_BTL_TKVM.sim/sim_1/behav/xsim'
INFO: [SIM-utils-51] Simulation object is 'sim_1'
INFO: [SIM-utils-72] Using boost library from 'D:/Vivado/2024.1/tps/boost_1_72_0'
INFO: [SIM-utils-54] Inspecting design source files for 'RISC_CPU_tb' in fileset 'sim_1'...
INFO: [SIM-utils-43] Exported 'D:/Minh_Hung/L05_Group_2_BTL_TKVM/L05_Group_2_BTL_TKVM.sim/sim_1/behav/xsim/data_init.mem'
INFO: [SIM-utils-43] Exported 'D:/Minh_Hung/L05_Group_2_BTL_TKVM/L05_Group_2_BTL_TKVM.sim/sim_1/behav/xsim/instruction_file.mem'
INFO: [USF-XSim-97] Finding global include files...
INFO: [USF-XSim-98] Fetching design files from 'sim_1'...
INFO: [USF-XSim-2] XSim::Compile design
INFO: [USF-XSim-61] Executing 'COMPILE and ANALYZE' step in 'D:/Minh_Hung/L05_Group_2_BTL_TKVM/L05_Group_2_BTL_TKVM.sim/sim_1/behav/xsim'
"xvlog --incr --relax -prj RISC_CPU_tb_vlog.prj"
INFO: [VRFC 10-2263] Analyzing Verilog file "D:/Minh_Hung/L05_Group_2_BTL_TKVM/L05_Group_2_BTL_TKVM.srcs/sources_1/new/ALU.v" into library xil_defaultlib
INFO: [VRFC 10-311] analyzing module ALU
INFO: [VRFC 10-2263] Analyzing Verilog file "D:/Minh_Hung/L05_Group_2_BTL_TKVM/L05_Group_2_BTL_TKVM.srcs/sources_1/new/Accumulator.v" into library xil_defaultlib
INFO: [VRFC 10-311] analyzing module Accumulator
INFO: [VRFC 10-2263] Analyzing Verilog file "D:/Minh_Hung/L05_Group_2_BTL_TKVM/L05_Group_2_BTL_TKVM.srcs/sources_1/new/Controller.v" into library xil_defaultlib
INFO: [VRFC 10-311] analyzing module Controller
INFO: [VRFC 10-2263] Analyzing Verilog file "D:/Minh_Hung/L05_Group_2_BTL_TKVM/L05_Group_2_BTL_TKVM.srcs/sources_1/new/DataMemory.v" into library xil_defaultlib
INFO: [VRFC 10-311] analyzing module dataMemory
INFO: [VRFC 10-2263] Analyzing Verilog file "D:/Minh_Hung/L05_Group_2_BTL_TKVM/L05_Group_2_BTL_TKVM.srcs/sources_1/new/Instruction_Memory.v" into library xil_defaultlib
INFO: [VRFC 10-311] analyzing module instructionMemory
INFO: [VRFC 10-2263] Analyzing Verilog file "D:/Minh_Hung/L05_Group_2_BTL_TKVM/L05_Group_2_BTL_TKVM.srcs/sources_1/new/Instruction_register.v" into library xil_defaultlib
INFO: [VRFC 10-311] analyzing module Instruction_Register
INFO: [VRFC 10-2263] Analyzing Verilog file "D:/Minh_Hung/L05_Group_2_BTL_TKVM/L05_Group_2_BTL_TKVM.srcs/sources_1/new/Program_counter.v" into library xil_defaultlib
INFO: [VRFC 10-311] analyzing module Program_counter
INFO: [VRFC 10-2263] Analyzing Verilog file "D:/Minh_Hung/L05_Group_2_BTL_TKVM/L05_Group_2_BTL_TKVM.srcs/sources_1/new/RISC_CPU.v" into library xil_defaultlib
INFO: [VRFC 10-311] analyzing module RISC_CPU
INFO: [VRFC 10-2263] Analyzing Verilog file "D:/Minh_Hung/L05_Group_2_BTL_TKVM/L05_Group_2_BTL_TKVM.srcs/sources_1/new/addr_mux.v" into library xil_defaultlib
INFO: [VRFC 10-311] analyzing module addr_mux
INFO: [VRFC 10-2263] Analyzing Verilog file "D:/Minh_Hung/L05_Group_2_BTL_TKVM/L05_Group_2_BTL_TKVM.srcs/sim_1/new/RISC_CPU_tb.v" into library xil_defaultlib
INFO: [VRFC 10-311] analyzing module RISC_CPU_tb
INFO: [USF-XSim-69] 'compile' step finished in '2' seconds
INFO: [USF-XSim-3] XSim::Elaborate design
INFO: [USF-XSim-61] Executing 'ELABORATE' step in 'D:/Minh_Hung/L05_Group_2_BTL_TKVM/L05_Group_2_BTL_TKVM.sim/sim_1/behav/xsim'
"xelab --incr --debug typical --relax --mt 2 -L xil_defaultlib -L unisims_ver -L unimacro_ver -L secureip --snapshot RISC_CPU_tb_behav xil_defaultlib.RISC_CPU_tb xil_defaultlib.glbl -log elaborate.log"
Vivado Simulator v2024.1
Copyright 1986-2022 Xilinx, Inc. All Rights Reserved.
Copyright 2022-2024 Advanced Micro Devices, Inc. All Rights Reserved.
Running: D:/Vivado/2024.1/bin/unwrapped/win64.o/xelab.exe --incr --debug typical --relax --mt 2 -L xil_defaultlib -L unisims_ver -L unimacro_ver -L secureip --snapshot RISC_CPU_tb_behav xil_defaultlib.RISC_CPU_tb xil_defaultlib.glbl -log elaborate.log 
Using 2 slave threads.
Starting static elaboration
Pass Through NonSizing Optimizer
Completed static elaboration
Starting simulation data flow analysis
WARNING: [XSIM 43-4099] "D:/Minh_Hung/L05_Group_2_BTL_TKVM/L05_Group_2_BTL_TKVM.srcs/sources_1/new/ALU.v" Line 1. Module ALU doesn't have a timescale but at least one module in design has a timescale.
WARNING: [XSIM 43-4099] "D:/Minh_Hung/L05_Group_2_BTL_TKVM/L05_Group_2_BTL_TKVM.srcs/sources_1/new/ALU.v" Line 1. Module ALU doesn't have a timescale but at least one module in design has a timescale.
Completed simulation data flow analysis
Time Resolution for simulation is 1ps
Compiling module xil_defaultlib.Controller
Compiling module xil_defaultlib.Program_counter
Compiling module xil_defaultlib.addr_mux
Compiling module xil_defaultlib.instructionMemory
Compiling module xil_defaultlib.Instruction_Register
Compiling module xil_defaultlib.dataMemory
Compiling module xil_defaultlib.ALU
Compiling module xil_defaultlib.Accumulator
Compiling module xil_defaultlib.RISC_CPU
Compiling module xil_defaultlib.RISC_CPU_tb
Compiling module xil_defaultlib.glbl
Built simulation snapshot RISC_CPU_tb_behav
INFO: [USF-XSim-69] 'elaborate' step finished in '2' seconds
INFO: [USF-XSim-4] XSim::Simulate design
INFO: [USF-XSim-61] Executing 'SIMULATE' step in 'D:/Minh_Hung/L05_Group_2_BTL_TKVM/L05_Group_2_BTL_TKVM.sim/sim_1/behav/xsim'
INFO: [USF-XSim-98] *** Running xsim
   with args "RISC_CPU_tb_behav -key {Behavioral:sim_1:Functional:RISC_CPU_tb} -tclbatch {RISC_CPU_tb.tcl} -log {simulate.log}"
INFO: [USF-XSim-8] Loading simulator feature
Time resolution is 1 ps
source RISC_CPU_tb.tcl
# set curr_wave [current_wave_config]
# if { [string length $curr_wave] == 0 } {
#   if { [llength [get_objects]] > 0} {
#     add_wave /
#     set_property needs_save false [current_wave_config]
#   } else {
#      send_msg_id Add_Wave-1 WARNING "No top level signals found. Simulator will start without a wave window. If you want to open a wave window go to 'File->New Waveform Configuration' or type 'create_wave_config' in the TCL console."
#   }
# }
# run 1000ns
Time: 0 | PC_out: 0 | Opcode: zzz | Operand: zzzzz | Accumulator: 0 | ALU_Result: x | Instr: xx | Data_Mem: xx | Wr_En: 0 | Mux_Sel: 0 | PC_En: 0 | SKZ: 0 | JMP: 0 | LDA: 0 | ld_ac: 0 | alu_enable: 0
Time: 15000 | PC_out: 0 | Opcode: zzz | Operand: zzzzz | Accumulator: 0 | ALU_Result: x | Instr: xx | Data_Mem: xx | Wr_En: 0 | Mux_Sel: 1 | PC_En: 0 | SKZ: 0 | JMP: 0 | LDA: 0 | ld_ac: 0 | alu_enable: 0
Time: 35000 | PC_out: 0 | Opcode: zzz | Operand: zzzzz | Accumulator: 0 | ALU_Result: x | Instr: fe | Data_Mem: xx | Wr_En: 0 | Mux_Sel: 1 | PC_En: 0 | SKZ: 0 | JMP: 0 | LDA: 0 | ld_ac: 0 | alu_enable: 0
Time: 45000 | PC_out: 0 | Opcode: 111 | Operand: 11110 | Accumulator: 0 | ALU_Result: x | Instr: fe | Data_Mem: xx | Wr_En: 0 | Mux_Sel: 1 | PC_En: 0 | SKZ: 0 | JMP: 0 | LDA: 0 | ld_ac: 0 | alu_enable: 0
Time: 55000 | PC_out: 0 | Opcode: 111 | Operand: 11110 | Accumulator: 0 | ALU_Result: x | Instr: fe | Data_Mem: xx | Wr_En: 0 | Mux_Sel: 0 | PC_En: 0 | SKZ: 0 | JMP: 0 | LDA: 0 | ld_ac: 0 | alu_enable: 0
Time: 75000 | PC_out: 0 | Opcode: 111 | Operand: 11110 | Accumulator: 0 | ALU_Result: x | Instr: fe | Data_Mem: xx | Wr_En: 0 | Mux_Sel: 0 | PC_En: 1 | SKZ: 0 | JMP: 1 | LDA: 0 | ld_ac: 0 | alu_enable: 0
Time: 85000 | PC_out: 30 | Opcode: 111 | Operand: 11110 | Accumulator: 0 | ALU_Result: x | Instr: fe | Data_Mem: xx | Wr_En: 0 | Mux_Sel: 0 | PC_En: 1 | SKZ: 0 | JMP: 1 | LDA: 0 | ld_ac: 0 | alu_enable: 0
Time: 95000 | PC_out: 30 | Opcode: 111 | Operand: 11110 | Accumulator: 0 | ALU_Result: x | Instr: fe | Data_Mem: xx | Wr_En: 0 | Mux_Sel: 1 | PC_En: 0 | SKZ: 0 | JMP: 0 | LDA: 0 | ld_ac: 0 | alu_enable: 0
Time: 115000 | PC_out: 30 | Opcode: 111 | Operand: 11110 | Accumulator: 0 | ALU_Result: x | Instr: e3 | Data_Mem: xx | Wr_En: 0 | Mux_Sel: 1 | PC_En: 0 | SKZ: 0 | JMP: 0 | LDA: 0 | ld_ac: 0 | alu_enable: 0
Time: 125000 | PC_out: 30 | Opcode: 111 | Operand: 00011 | Accumulator: 0 | ALU_Result: x | Instr: e3 | Data_Mem: xx | Wr_En: 0 | Mux_Sel: 1 | PC_En: 0 | SKZ: 0 | JMP: 0 | LDA: 0 | ld_ac: 0 | alu_enable: 0
Time: 135000 | PC_out: 30 | Opcode: 111 | Operand: 00011 | Accumulator: 0 | ALU_Result: x | Instr: e3 | Data_Mem: xx | Wr_En: 0 | Mux_Sel: 0 | PC_En: 0 | SKZ: 0 | JMP: 0 | LDA: 0 | ld_ac: 0 | alu_enable: 0
Time: 155000 | PC_out: 30 | Opcode: 111 | Operand: 00011 | Accumulator: 0 | ALU_Result: x | Instr: e3 | Data_Mem: 00 | Wr_En: 0 | Mux_Sel: 0 | PC_En: 1 | SKZ: 0 | JMP: 1 | LDA: 0 | ld_ac: 0 | alu_enable: 0
Time: 165000 | PC_out: 3 | Opcode: 111 | Operand: 00011 | Accumulator: 0 | ALU_Result: x | Instr: e3 | Data_Mem: 00 | Wr_En: 0 | Mux_Sel: 0 | PC_En: 1 | SKZ: 0 | JMP: 1 | LDA: 0 | ld_ac: 0 | alu_enable: 0
Time: 175000 | PC_out: 3 | Opcode: 111 | Operand: 00011 | Accumulator: 0 | ALU_Result: x | Instr: e3 | Data_Mem: 00 | Wr_En: 0 | Mux_Sel: 1 | PC_En: 0 | SKZ: 0 | JMP: 0 | LDA: 0 | ld_ac: 0 | alu_enable: 0
Time: 195000 | PC_out: 3 | Opcode: 111 | Operand: 00011 | Accumulator: 0 | ALU_Result: x | Instr: ba | Data_Mem: 00 | Wr_En: 0 | Mux_Sel: 1 | PC_En: 0 | SKZ: 0 | JMP: 0 | LDA: 0 | ld_ac: 0 | alu_enable: 0
Time: 205000 | PC_out: 3 | Opcode: 101 | Operand: 11010 | Accumulator: 0 | ALU_Result: x | Instr: ba | Data_Mem: 00 | Wr_En: 0 | Mux_Sel: 1 | PC_En: 0 | SKZ: 0 | JMP: 0 | LDA: 0 | ld_ac: 0 | alu_enable: 0
Time: 215000 | PC_out: 3 | Opcode: 101 | Operand: 11010 | Accumulator: 0 | ALU_Result: x | Instr: ba | Data_Mem: 00 | Wr_En: 0 | Mux_Sel: 0 | PC_En: 0 | SKZ: 0 | JMP: 0 | LDA: 0 | ld_ac: 0 | alu_enable: 0
Time: 225000 | PC_out: 3 | Opcode: 101 | Operand: 11010 | Accumulator: 0 | ALU_Result: x | Instr: ba | Data_Mem: 00 | Wr_En: 0 | Mux_Sel: 0 | PC_En: 0 | SKZ: 0 | JMP: 0 | LDA: 0 | ld_ac: 0 | alu_enable: 1
Time: 235000 | PC_out: 3 | Opcode: 101 | Operand: 11010 | Accumulator: 0 | ALU_Result: 0 | Instr: ba | Data_Mem: 00 | Wr_En: 0 | Mux_Sel: 0 | PC_En: 0 | SKZ: 0 | JMP: 0 | LDA: 0 | ld_ac: 0 | alu_enable: 1
Time: 245000 | PC_out: 3 | Opcode: 101 | Operand: 11010 | Accumulator: 0 | ALU_Result: 0 | Instr: ba | Data_Mem: 00 | Wr_En: 0 | Mux_Sel: 0 | PC_En: 1 | SKZ: 0 | JMP: 0 | LDA: 0 | ld_ac: 1 | alu_enable: 0
Time: 255000 | PC_out: 4 | Opcode: 101 | Operand: 11010 | Accumulator: 0 | ALU_Result: 0 | Instr: ba | Data_Mem: 00 | Wr_En: 0 | Mux_Sel: 1 | PC_En: 0 | SKZ: 0 | JMP: 0 | LDA: 0 | ld_ac: 0 | alu_enable: 0
Time: 275000 | PC_out: 4 | Opcode: 101 | Operand: 11010 | Accumulator: 0 | ALU_Result: 0 | Instr: 20 | Data_Mem: 00 | Wr_En: 0 | Mux_Sel: 1 | PC_En: 0 | SKZ: 0 | JMP: 0 | LDA: 0 | ld_ac: 0 | alu_enable: 0
Time: 285000 | PC_out: 4 | Opcode: 001 | Operand: 00000 | Accumulator: 0 | ALU_Result: 0 | Instr: 20 | Data_Mem: 00 | Wr_En: 0 | Mux_Sel: 1 | PC_En: 0 | SKZ: 0 | JMP: 0 | LDA: 0 | ld_ac: 0 | alu_enable: 0
Time: 295000 | PC_out: 4 | Opcode: 001 | Operand: 00000 | Accumulator: 0 | ALU_Result: 0 | Instr: 20 | Data_Mem: 00 | Wr_En: 0 | Mux_Sel: 0 | PC_En: 0 | SKZ: 1 | JMP: 0 | LDA: 0 | ld_ac: 0 | alu_enable: 0
Time: 315000 | PC_out: 4 | Opcode: 001 | Operand: 00000 | Accumulator: 0 | ALU_Result: 0 | Instr: 20 | Data_Mem: 00 | Wr_En: 0 | Mux_Sel: 0 | PC_En: 1 | SKZ: 1 | JMP: 0 | LDA: 0 | ld_ac: 0 | alu_enable: 0
Time: 325000 | PC_out: 6 | Opcode: 001 | Operand: 00000 | Accumulator: 0 | ALU_Result: 0 | Instr: 20 | Data_Mem: 00 | Wr_En: 0 | Mux_Sel: 0 | PC_En: 1 | SKZ: 0 | JMP: 0 | LDA: 0 | ld_ac: 0 | alu_enable: 0
Time: 335000 | PC_out: 7 | Opcode: 001 | Operand: 00000 | Accumulator: 0 | ALU_Result: 0 | Instr: 20 | Data_Mem: 00 | Wr_En: 0 | Mux_Sel: 1 | PC_En: 0 | SKZ: 0 | JMP: 0 | LDA: 0 | ld_ac: 0 | alu_enable: 0
Time: 375000 | PC_out: 7 | Opcode: 001 | Operand: 00000 | Accumulator: 0 | ALU_Result: 0 | Instr: 20 | Data_Mem: 00 | Wr_En: 0 | Mux_Sel: 0 | PC_En: 0 | SKZ: 1 | JMP: 0 | LDA: 0 | ld_ac: 0 | alu_enable: 0
Time: 395000 | PC_out: 7 | Opcode: 001 | Operand: 00000 | Accumulator: 0 | ALU_Result: 0 | Instr: 20 | Data_Mem: 00 | Wr_En: 0 | Mux_Sel: 0 | PC_En: 1 | SKZ: 1 | JMP: 0 | LDA: 0 | ld_ac: 0 | alu_enable: 0
Time: 405000 | PC_out: 9 | Opcode: 001 | Operand: 00000 | Accumulator: 0 | ALU_Result: 0 | Instr: 20 | Data_Mem: 00 | Wr_En: 0 | Mux_Sel: 0 | PC_En: 1 | SKZ: 0 | JMP: 0 | LDA: 0 | ld_ac: 0 | alu_enable: 0
Time: 415000 | PC_out: 10 | Opcode: 001 | Operand: 00000 | Accumulator: 0 | ALU_Result: 0 | Instr: 20 | Data_Mem: 00 | Wr_En: 0 | Mux_Sel: 1 | PC_En: 0 | SKZ: 0 | JMP: 0 | LDA: 0 | ld_ac: 0 | alu_enable: 0
Time: 435000 | PC_out: 10 | Opcode: 001 | Operand: 00000 | Accumulator: 0 | ALU_Result: 0 | Instr: dc | Data_Mem: 00 | Wr_En: 0 | Mux_Sel: 1 | PC_En: 0 | SKZ: 0 | JMP: 0 | LDA: 0 | ld_ac: 0 | alu_enable: 0
Time: 445000 | PC_out: 10 | Opcode: 110 | Operand: 11100 | Accumulator: 0 | ALU_Result: 0 | Instr: dc | Data_Mem: 00 | Wr_En: 0 | Mux_Sel: 1 | PC_En: 0 | SKZ: 0 | JMP: 0 | LDA: 0 | ld_ac: 0 | alu_enable: 0
Time: 455000 | PC_out: 10 | Opcode: 110 | Operand: 11100 | Accumulator: 0 | ALU_Result: 0 | Instr: dc | Data_Mem: 00 | Wr_En: 0 | Mux_Sel: 0 | PC_En: 0 | SKZ: 0 | JMP: 0 | LDA: 0 | ld_ac: 0 | alu_enable: 0
Time: 475000 | PC_out: 10 | Opcode: 110 | Operand: 11100 | Accumulator: 0 | ALU_Result: 0 | Instr: dc | Data_Mem: aa | Wr_En: 0 | Mux_Sel: 0 | PC_En: 0 | SKZ: 0 | JMP: 0 | LDA: 0 | ld_ac: 0 | alu_enable: 0
Time: 485000 | PC_out: 10 | Opcode: 110 | Operand: 11100 | Accumulator: 0 | ALU_Result: 0 | Instr: dc | Data_Mem: 00 | Wr_En: 1 | Mux_Sel: 0 | PC_En: 1 | SKZ: 0 | JMP: 0 | LDA: 0 | ld_ac: 0 | alu_enable: 0
Time: 495000 | PC_out: 11 | Opcode: 110 | Operand: 11100 | Accumulator: 0 | ALU_Result: 0 | Instr: dc | Data_Mem: aa | Wr_En: 0 | Mux_Sel: 1 | PC_En: 0 | SKZ: 0 | JMP: 0 | LDA: 0 | ld_ac: 0 | alu_enable: 0
Time: 505000 | PC_out: 11 | Opcode: 110 | Operand: 11100 | Accumulator: 0 | ALU_Result: 0 | Instr: dc | Data_Mem: 00 | Wr_En: 0 | Mux_Sel: 1 | PC_En: 0 | SKZ: 0 | JMP: 0 | LDA: 0 | ld_ac: 0 | alu_enable: 0
Time: 515000 | PC_out: 11 | Opcode: 110 | Operand: 11100 | Accumulator: 0 | ALU_Result: 0 | Instr: ba | Data_Mem: 00 | Wr_En: 0 | Mux_Sel: 1 | PC_En: 0 | SKZ: 0 | JMP: 0 | LDA: 0 | ld_ac: 0 | alu_enable: 0
Time: 525000 | PC_out: 11 | Opcode: 101 | Operand: 11010 | Accumulator: 0 | ALU_Result: 0 | Instr: ba | Data_Mem: 00 | Wr_En: 0 | Mux_Sel: 1 | PC_En: 0 | SKZ: 0 | JMP: 0 | LDA: 0 | ld_ac: 0 | alu_enable: 0
Time: 535000 | PC_out: 11 | Opcode: 101 | Operand: 11010 | Accumulator: 0 | ALU_Result: 0 | Instr: ba | Data_Mem: 00 | Wr_En: 0 | Mux_Sel: 0 | PC_En: 0 | SKZ: 0 | JMP: 0 | LDA: 0 | ld_ac: 0 | alu_enable: 0
Time: 545000 | PC_out: 11 | Opcode: 101 | Operand: 11010 | Accumulator: 0 | ALU_Result: 0 | Instr: ba | Data_Mem: 00 | Wr_En: 0 | Mux_Sel: 0 | PC_En: 0 | SKZ: 0 | JMP: 0 | LDA: 0 | ld_ac: 0 | alu_enable: 1
Time: 565000 | PC_out: 11 | Opcode: 101 | Operand: 11010 | Accumulator: 0 | ALU_Result: 0 | Instr: ba | Data_Mem: 00 | Wr_En: 0 | Mux_Sel: 0 | PC_En: 1 | SKZ: 0 | JMP: 0 | LDA: 0 | ld_ac: 1 | alu_enable: 0
Time: 575000 | PC_out: 12 | Opcode: 101 | Operand: 11010 | Accumulator: 0 | ALU_Result: 0 | Instr: ba | Data_Mem: 00 | Wr_En: 0 | Mux_Sel: 1 | PC_En: 0 | SKZ: 0 | JMP: 0 | LDA: 0 | ld_ac: 0 | alu_enable: 0
Time: 595000 | PC_out: 12 | Opcode: 101 | Operand: 11010 | Accumulator: 0 | ALU_Result: 0 | Instr: dc | Data_Mem: 00 | Wr_En: 0 | Mux_Sel: 1 | PC_En: 0 | SKZ: 0 | JMP: 0 | LDA: 0 | ld_ac: 0 | alu_enable: 0
Time: 605000 | PC_out: 12 | Opcode: 110 | Operand: 11100 | Accumulator: 0 | ALU_Result: 0 | Instr: dc | Data_Mem: 00 | Wr_En: 0 | Mux_Sel: 1 | PC_En: 0 | SKZ: 0 | JMP: 0 | LDA: 0 | ld_ac: 0 | alu_enable: 0
Time: 615000 | PC_out: 12 | Opcode: 110 | Operand: 11100 | Accumulator: 0 | ALU_Result: 0 | Instr: dc | Data_Mem: 00 | Wr_En: 0 | Mux_Sel: 0 | PC_En: 0 | SKZ: 0 | JMP: 0 | LDA: 0 | ld_ac: 0 | alu_enable: 0
Time: 645000 | PC_out: 12 | Opcode: 110 | Operand: 11100 | Accumulator: 0 | ALU_Result: 0 | Instr: dc | Data_Mem: 00 | Wr_En: 1 | Mux_Sel: 0 | PC_En: 1 | SKZ: 0 | JMP: 0 | LDA: 0 | ld_ac: 0 | alu_enable: 0
Time: 655000 | PC_out: 13 | Opcode: 110 | Operand: 11100 | Accumulator: 0 | ALU_Result: 0 | Instr: dc | Data_Mem: 00 | Wr_En: 0 | Mux_Sel: 1 | PC_En: 0 | SKZ: 0 | JMP: 0 | LDA: 0 | ld_ac: 0 | alu_enable: 0
Time: 675000 | PC_out: 13 | Opcode: 110 | Operand: 11100 | Accumulator: 0 | ALU_Result: 0 | Instr: bc | Data_Mem: 00 | Wr_En: 0 | Mux_Sel: 1 | PC_En: 0 | SKZ: 0 | JMP: 0 | LDA: 0 | ld_ac: 0 | alu_enable: 0
Time: 685000 | PC_out: 13 | Opcode: 101 | Operand: 11100 | Accumulator: 0 | ALU_Result: 0 | Instr: bc | Data_Mem: 00 | Wr_En: 0 | Mux_Sel: 1 | PC_En: 0 | SKZ: 0 | JMP: 0 | LDA: 0 | ld_ac: 0 | alu_enable: 0
Time: 695000 | PC_out: 13 | Opcode: 101 | Operand: 11100 | Accumulator: 0 | ALU_Result: 0 | Instr: bc | Data_Mem: 00 | Wr_En: 0 | Mux_Sel: 0 | PC_En: 0 | SKZ: 0 | JMP: 0 | LDA: 0 | ld_ac: 0 | alu_enable: 0
Time: 705000 | PC_out: 13 | Opcode: 101 | Operand: 11100 | Accumulator: 0 | ALU_Result: 0 | Instr: bc | Data_Mem: 00 | Wr_En: 0 | Mux_Sel: 0 | PC_En: 0 | SKZ: 0 | JMP: 0 | LDA: 0 | ld_ac: 0 | alu_enable: 1
Time: 725000 | PC_out: 13 | Opcode: 101 | Operand: 11100 | Accumulator: 0 | ALU_Result: 0 | Instr: bc | Data_Mem: 00 | Wr_En: 0 | Mux_Sel: 0 | PC_En: 1 | SKZ: 0 | JMP: 0 | LDA: 0 | ld_ac: 1 | alu_enable: 0
Time: 735000 | PC_out: 14 | Opcode: 101 | Operand: 11100 | Accumulator: 0 | ALU_Result: 0 | Instr: bc | Data_Mem: 00 | Wr_En: 0 | Mux_Sel: 1 | PC_En: 0 | SKZ: 0 | JMP: 0 | LDA: 0 | ld_ac: 0 | alu_enable: 0
Time: 755000 | PC_out: 14 | Opcode: 101 | Operand: 11100 | Accumulator: 0 | ALU_Result: 0 | Instr: 20 | Data_Mem: 00 | Wr_En: 0 | Mux_Sel: 1 | PC_En: 0 | SKZ: 0 | JMP: 0 | LDA: 0 | ld_ac: 0 | alu_enable: 0
Time: 765000 | PC_out: 14 | Opcode: 001 | Operand: 00000 | Accumulator: 0 | ALU_Result: 0 | Instr: 20 | Data_Mem: 00 | Wr_En: 0 | Mux_Sel: 1 | PC_En: 0 | SKZ: 0 | JMP: 0 | LDA: 0 | ld_ac: 0 | alu_enable: 0
Time: 775000 | PC_out: 14 | Opcode: 001 | Operand: 00000 | Accumulator: 0 | ALU_Result: 0 | Instr: 20 | Data_Mem: 00 | Wr_En: 0 | Mux_Sel: 0 | PC_En: 0 | SKZ: 1 | JMP: 0 | LDA: 0 | ld_ac: 0 | alu_enable: 0
Time: 795000 | PC_out: 14 | Opcode: 001 | Operand: 00000 | Accumulator: 0 | ALU_Result: 0 | Instr: 20 | Data_Mem: 00 | Wr_En: 0 | Mux_Sel: 0 | PC_En: 1 | SKZ: 1 | JMP: 0 | LDA: 0 | ld_ac: 0 | alu_enable: 0
Time: 805000 | PC_out: 16 | Opcode: 001 | Operand: 00000 | Accumulator: 0 | ALU_Result: 0 | Instr: 20 | Data_Mem: 00 | Wr_En: 0 | Mux_Sel: 0 | PC_En: 1 | SKZ: 0 | JMP: 0 | LDA: 0 | ld_ac: 0 | alu_enable: 0
Time: 815000 | PC_out: 17 | Opcode: 001 | Operand: 00000 | Accumulator: 0 | ALU_Result: 0 | Instr: 20 | Data_Mem: 00 | Wr_En: 0 | Mux_Sel: 1 | PC_En: 0 | SKZ: 0 | JMP: 0 | LDA: 0 | ld_ac: 0 | alu_enable: 0
Time: 855000 | PC_out: 17 | Opcode: 001 | Operand: 00000 | Accumulator: 0 | ALU_Result: 0 | Instr: 20 | Data_Mem: 00 | Wr_En: 0 | Mux_Sel: 0 | PC_En: 0 | SKZ: 1 | JMP: 0 | LDA: 0 | ld_ac: 0 | alu_enable: 0
Time: 875000 | PC_out: 17 | Opcode: 001 | Operand: 00000 | Accumulator: 0 | ALU_Result: 0 | Instr: 20 | Data_Mem: 00 | Wr_En: 0 | Mux_Sel: 0 | PC_En: 1 | SKZ: 1 | JMP: 0 | LDA: 0 | ld_ac: 0 | alu_enable: 0
Time: 885000 | PC_out: 19 | Opcode: 001 | Operand: 00000 | Accumulator: 0 | ALU_Result: 0 | Instr: 20 | Data_Mem: 00 | Wr_En: 0 | Mux_Sel: 0 | PC_En: 1 | SKZ: 0 | JMP: 0 | LDA: 0 | ld_ac: 0 | alu_enable: 0
Time: 895000 | PC_out: 20 | Opcode: 001 | Operand: 00000 | Accumulator: 0 | ALU_Result: 0 | Instr: 20 | Data_Mem: 00 | Wr_En: 0 | Mux_Sel: 1 | PC_En: 0 | SKZ: 0 | JMP: 0 | LDA: 0 | ld_ac: 0 | alu_enable: 0
Time: 915000 | PC_out: 20 | Opcode: 001 | Operand: 00000 | Accumulator: 0 | ALU_Result: 0 | Instr: 9b | Data_Mem: 00 | Wr_En: 0 | Mux_Sel: 1 | PC_En: 0 | SKZ: 0 | JMP: 0 | LDA: 0 | ld_ac: 0 | alu_enable: 0
Time: 925000 | PC_out: 20 | Opcode: 100 | Operand: 11011 | Accumulator: 0 | ALU_Result: 0 | Instr: 9b | Data_Mem: 00 | Wr_En: 0 | Mux_Sel: 1 | PC_En: 0 | SKZ: 0 | JMP: 0 | LDA: 0 | ld_ac: 0 | alu_enable: 0
Time: 935000 | PC_out: 20 | Opcode: 100 | Operand: 11011 | Accumulator: 0 | ALU_Result: 0 | Instr: 9b | Data_Mem: 00 | Wr_En: 0 | Mux_Sel: 0 | PC_En: 0 | SKZ: 0 | JMP: 0 | LDA: 0 | ld_ac: 0 | alu_enable: 1
Time: 955000 | PC_out: 20 | Opcode: 100 | Operand: 11011 | Accumulator: 0 | ALU_Result: 0 | Instr: 9b | Data_Mem: ff | Wr_En: 0 | Mux_Sel: 0 | PC_En: 0 | SKZ: 0 | JMP: 0 | LDA: 0 | ld_ac: 0 | alu_enable: 1
Time: 965000 | PC_out: 20 | Opcode: 100 | Operand: 11011 | Accumulator: 0 | ALU_Result: 255 | Instr: 9b | Data_Mem: ff | Wr_En: 0 | Mux_Sel: 0 | PC_En: 1 | SKZ: 0 | JMP: 0 | LDA: 0 | ld_ac: 1 | alu_enable: 0
Time: 975000 | PC_out: 21 | Opcode: 100 | Operand: 11011 | Accumulator: 255 | ALU_Result: 255 | Instr: 9b | Data_Mem: ff | Wr_En: 0 | Mux_Sel: 1 | PC_En: 0 | SKZ: 0 | JMP: 0 | LDA: 0 | ld_ac: 0 | alu_enable: 0
Time: 995000 | PC_out: 21 | Opcode: 100 | Operand: 11011 | Accumulator: 255 | ALU_Result: 255 | Instr: 20 | Data_Mem: ff | Wr_En: 0 | Mux_Sel: 1 | PC_En: 0 | SKZ: 0 | JMP: 0 | LDA: 0 | ld_ac: 0 | alu_enable: 0
INFO: [USF-XSim-96] XSim completed. Design snapshot 'RISC_CPU_tb_behav' loaded.
INFO: [USF-XSim-97] XSim simulation ran for 1000ns
launch_simulation: Time (s): cpu = 00:00:04 ; elapsed = 00:00:06 . Memory (MB): peak = 2721.336 ; gain = 0.000
close_sim
INFO: [Simtcl 6-16] Simulation closed
launch_simulation
Command: launch_simulation 
INFO: [Vivado 12-12493] Simulation top is 'RISC_CPU_tb'
WARNING: [Vivado 12-13340] Unable to auto find GCC executables from simulator install path! (path not set)
INFO: [Vivado 12-5682] Launching behavioral simulation in 'D:/Minh_Hung/L05_Group_2_BTL_TKVM/L05_Group_2_BTL_TKVM.sim/sim_1/behav/xsim'
INFO: [SIM-utils-51] Simulation object is 'sim_1'
INFO: [SIM-utils-72] Using boost library from 'D:/Vivado/2024.1/tps/boost_1_72_0'
INFO: [SIM-utils-54] Inspecting design source files for 'RISC_CPU_tb' in fileset 'sim_1'...
INFO: [SIM-utils-43] Exported 'D:/Minh_Hung/L05_Group_2_BTL_TKVM/L05_Group_2_BTL_TKVM.sim/sim_1/behav/xsim/data_init.mem'
INFO: [SIM-utils-43] Exported 'D:/Minh_Hung/L05_Group_2_BTL_TKVM/L05_Group_2_BTL_TKVM.sim/sim_1/behav/xsim/instruction_file.mem'
INFO: [USF-XSim-97] Finding global include files...
INFO: [USF-XSim-98] Fetching design files from 'sim_1'...
INFO: [USF-XSim-2] XSim::Compile design
INFO: [USF-XSim-61] Executing 'COMPILE and ANALYZE' step in 'D:/Minh_Hung/L05_Group_2_BTL_TKVM/L05_Group_2_BTL_TKVM.sim/sim_1/behav/xsim'
"xvlog --incr --relax -prj RISC_CPU_tb_vlog.prj"
INFO: [VRFC 10-2263] Analyzing Verilog file "D:/Minh_Hung/L05_Group_2_BTL_TKVM/L05_Group_2_BTL_TKVM.srcs/sources_1/new/ALU.v" into library xil_defaultlib
INFO: [VRFC 10-311] analyzing module ALU
INFO: [VRFC 10-2263] Analyzing Verilog file "D:/Minh_Hung/L05_Group_2_BTL_TKVM/L05_Group_2_BTL_TKVM.srcs/sources_1/new/Accumulator.v" into library xil_defaultlib
INFO: [VRFC 10-311] analyzing module Accumulator
INFO: [VRFC 10-2263] Analyzing Verilog file "D:/Minh_Hung/L05_Group_2_BTL_TKVM/L05_Group_2_BTL_TKVM.srcs/sources_1/new/Controller.v" into library xil_defaultlib
INFO: [VRFC 10-311] analyzing module Controller
INFO: [VRFC 10-2263] Analyzing Verilog file "D:/Minh_Hung/L05_Group_2_BTL_TKVM/L05_Group_2_BTL_TKVM.srcs/sources_1/new/DataMemory.v" into library xil_defaultlib
INFO: [VRFC 10-311] analyzing module dataMemory
INFO: [VRFC 10-2263] Analyzing Verilog file "D:/Minh_Hung/L05_Group_2_BTL_TKVM/L05_Group_2_BTL_TKVM.srcs/sources_1/new/Instruction_Memory.v" into library xil_defaultlib
INFO: [VRFC 10-311] analyzing module instructionMemory
INFO: [VRFC 10-2263] Analyzing Verilog file "D:/Minh_Hung/L05_Group_2_BTL_TKVM/L05_Group_2_BTL_TKVM.srcs/sources_1/new/Instruction_register.v" into library xil_defaultlib
INFO: [VRFC 10-311] analyzing module Instruction_Register
INFO: [VRFC 10-2263] Analyzing Verilog file "D:/Minh_Hung/L05_Group_2_BTL_TKVM/L05_Group_2_BTL_TKVM.srcs/sources_1/new/Program_counter.v" into library xil_defaultlib
INFO: [VRFC 10-311] analyzing module Program_counter
INFO: [VRFC 10-2263] Analyzing Verilog file "D:/Minh_Hung/L05_Group_2_BTL_TKVM/L05_Group_2_BTL_TKVM.srcs/sources_1/new/RISC_CPU.v" into library xil_defaultlib
INFO: [VRFC 10-311] analyzing module RISC_CPU
INFO: [VRFC 10-2263] Analyzing Verilog file "D:/Minh_Hung/L05_Group_2_BTL_TKVM/L05_Group_2_BTL_TKVM.srcs/sources_1/new/addr_mux.v" into library xil_defaultlib
INFO: [VRFC 10-311] analyzing module addr_mux
INFO: [VRFC 10-2263] Analyzing Verilog file "D:/Minh_Hung/L05_Group_2_BTL_TKVM/L05_Group_2_BTL_TKVM.srcs/sim_1/new/RISC_CPU_tb.v" into library xil_defaultlib
INFO: [VRFC 10-311] analyzing module RISC_CPU_tb
INFO: [USF-XSim-69] 'compile' step finished in '1' seconds
INFO: [USF-XSim-3] XSim::Elaborate design
INFO: [USF-XSim-61] Executing 'ELABORATE' step in 'D:/Minh_Hung/L05_Group_2_BTL_TKVM/L05_Group_2_BTL_TKVM.sim/sim_1/behav/xsim'
"xelab --incr --debug typical --relax --mt 2 -L xil_defaultlib -L unisims_ver -L unimacro_ver -L secureip --snapshot RISC_CPU_tb_behav xil_defaultlib.RISC_CPU_tb xil_defaultlib.glbl -log elaborate.log"
Vivado Simulator v2024.1
Copyright 1986-2022 Xilinx, Inc. All Rights Reserved.
Copyright 2022-2024 Advanced Micro Devices, Inc. All Rights Reserved.
Running: D:/Vivado/2024.1/bin/unwrapped/win64.o/xelab.exe --incr --debug typical --relax --mt 2 -L xil_defaultlib -L unisims_ver -L unimacro_ver -L secureip --snapshot RISC_CPU_tb_behav xil_defaultlib.RISC_CPU_tb xil_defaultlib.glbl -log elaborate.log 
Using 2 slave threads.
Starting static elaboration
Pass Through NonSizing Optimizer
Completed static elaboration
Starting simulation data flow analysis
WARNING: [XSIM 43-4099] "D:/Minh_Hung/L05_Group_2_BTL_TKVM/L05_Group_2_BTL_TKVM.srcs/sources_1/new/ALU.v" Line 1. Module ALU doesn't have a timescale but at least one module in design has a timescale.
WARNING: [XSIM 43-4099] "D:/Minh_Hung/L05_Group_2_BTL_TKVM/L05_Group_2_BTL_TKVM.srcs/sources_1/new/ALU.v" Line 1. Module ALU doesn't have a timescale but at least one module in design has a timescale.
Completed simulation data flow analysis
Time Resolution for simulation is 1ps
Compiling module xil_defaultlib.Controller
Compiling module xil_defaultlib.Program_counter
Compiling module xil_defaultlib.addr_mux
Compiling module xil_defaultlib.instructionMemory
Compiling module xil_defaultlib.Instruction_Register
Compiling module xil_defaultlib.dataMemory
Compiling module xil_defaultlib.ALU
Compiling module xil_defaultlib.Accumulator
Compiling module xil_defaultlib.RISC_CPU
Compiling module xil_defaultlib.RISC_CPU_tb
Compiling module xil_defaultlib.glbl
Built simulation snapshot RISC_CPU_tb_behav
INFO: [USF-XSim-69] 'elaborate' step finished in '2' seconds
INFO: [USF-XSim-4] XSim::Simulate design
INFO: [USF-XSim-61] Executing 'SIMULATE' step in 'D:/Minh_Hung/L05_Group_2_BTL_TKVM/L05_Group_2_BTL_TKVM.sim/sim_1/behav/xsim'
INFO: [USF-XSim-98] *** Running xsim
   with args "RISC_CPU_tb_behav -key {Behavioral:sim_1:Functional:RISC_CPU_tb} -tclbatch {RISC_CPU_tb.tcl} -log {simulate.log}"
INFO: [USF-XSim-8] Loading simulator feature
Time resolution is 1 ps
source RISC_CPU_tb.tcl
# set curr_wave [current_wave_config]
# if { [string length $curr_wave] == 0 } {
#   if { [llength [get_objects]] > 0} {
#     add_wave /
#     set_property needs_save false [current_wave_config]
#   } else {
#      send_msg_id Add_Wave-1 WARNING "No top level signals found. Simulator will start without a wave window. If you want to open a wave window go to 'File->New Waveform Configuration' or type 'create_wave_config' in the TCL console."
#   }
# }
# run 1000ns
Time: 0 | PC_out: 0 | Opcode: zzz | Operand: zzzzz | Accumulator: 0 | ALU_Result: x | Instr: xx | Data_Mem: xx | Wr_En: 0 | Mux_Sel: 0 | PC_En: 0 | SKZ: 0 | JMP: 0 | LDA: 0 | ld_ac: 0 | alu_enable: 0
Time: 15000 | PC_out: 0 | Opcode: zzz | Operand: zzzzz | Accumulator: 0 | ALU_Result: x | Instr: xx | Data_Mem: xx | Wr_En: 0 | Mux_Sel: 1 | PC_En: 0 | SKZ: 0 | JMP: 0 | LDA: 0 | ld_ac: 0 | alu_enable: 0
Time: 35000 | PC_out: 0 | Opcode: zzz | Operand: zzzzz | Accumulator: 0 | ALU_Result: x | Instr: fe | Data_Mem: xx | Wr_En: 0 | Mux_Sel: 1 | PC_En: 0 | SKZ: 0 | JMP: 0 | LDA: 0 | ld_ac: 0 | alu_enable: 0
Time: 45000 | PC_out: 0 | Opcode: 111 | Operand: 11110 | Accumulator: 0 | ALU_Result: x | Instr: fe | Data_Mem: xx | Wr_En: 0 | Mux_Sel: 1 | PC_En: 0 | SKZ: 0 | JMP: 0 | LDA: 0 | ld_ac: 0 | alu_enable: 0
Time: 55000 | PC_out: 0 | Opcode: 111 | Operand: 11110 | Accumulator: 0 | ALU_Result: x | Instr: fe | Data_Mem: xx | Wr_En: 0 | Mux_Sel: 0 | PC_En: 0 | SKZ: 0 | JMP: 0 | LDA: 0 | ld_ac: 0 | alu_enable: 0
Time: 75000 | PC_out: 0 | Opcode: 111 | Operand: 11110 | Accumulator: 0 | ALU_Result: x | Instr: fe | Data_Mem: xx | Wr_En: 0 | Mux_Sel: 0 | PC_En: 1 | SKZ: 0 | JMP: 1 | LDA: 0 | ld_ac: 0 | alu_enable: 0
Time: 85000 | PC_out: 30 | Opcode: 111 | Operand: 11110 | Accumulator: 0 | ALU_Result: x | Instr: fe | Data_Mem: xx | Wr_En: 0 | Mux_Sel: 0 | PC_En: 0 | SKZ: 0 | JMP: 1 | LDA: 0 | ld_ac: 0 | alu_enable: 0
Time: 95000 | PC_out: 30 | Opcode: 111 | Operand: 11110 | Accumulator: 0 | ALU_Result: x | Instr: fe | Data_Mem: xx | Wr_En: 0 | Mux_Sel: 1 | PC_En: 0 | SKZ: 0 | JMP: 0 | LDA: 0 | ld_ac: 0 | alu_enable: 0
Time: 115000 | PC_out: 30 | Opcode: 111 | Operand: 11110 | Accumulator: 0 | ALU_Result: x | Instr: e3 | Data_Mem: xx | Wr_En: 0 | Mux_Sel: 1 | PC_En: 0 | SKZ: 0 | JMP: 0 | LDA: 0 | ld_ac: 0 | alu_enable: 0
Time: 125000 | PC_out: 30 | Opcode: 111 | Operand: 00011 | Accumulator: 0 | ALU_Result: x | Instr: e3 | Data_Mem: xx | Wr_En: 0 | Mux_Sel: 1 | PC_En: 0 | SKZ: 0 | JMP: 0 | LDA: 0 | ld_ac: 0 | alu_enable: 0
Time: 135000 | PC_out: 30 | Opcode: 111 | Operand: 00011 | Accumulator: 0 | ALU_Result: x | Instr: e3 | Data_Mem: xx | Wr_En: 0 | Mux_Sel: 0 | PC_En: 0 | SKZ: 0 | JMP: 0 | LDA: 0 | ld_ac: 0 | alu_enable: 0
Time: 155000 | PC_out: 30 | Opcode: 111 | Operand: 00011 | Accumulator: 0 | ALU_Result: x | Instr: e3 | Data_Mem: 00 | Wr_En: 0 | Mux_Sel: 0 | PC_En: 1 | SKZ: 0 | JMP: 1 | LDA: 0 | ld_ac: 0 | alu_enable: 0
Time: 165000 | PC_out: 3 | Opcode: 111 | Operand: 00011 | Accumulator: 0 | ALU_Result: x | Instr: e3 | Data_Mem: 00 | Wr_En: 0 | Mux_Sel: 0 | PC_En: 0 | SKZ: 0 | JMP: 1 | LDA: 0 | ld_ac: 0 | alu_enable: 0
Time: 175000 | PC_out: 3 | Opcode: 111 | Operand: 00011 | Accumulator: 0 | ALU_Result: x | Instr: e3 | Data_Mem: 00 | Wr_En: 0 | Mux_Sel: 1 | PC_En: 0 | SKZ: 0 | JMP: 0 | LDA: 0 | ld_ac: 0 | alu_enable: 0
Time: 195000 | PC_out: 3 | Opcode: 111 | Operand: 00011 | Accumulator: 0 | ALU_Result: x | Instr: ba | Data_Mem: 00 | Wr_En: 0 | Mux_Sel: 1 | PC_En: 0 | SKZ: 0 | JMP: 0 | LDA: 0 | ld_ac: 0 | alu_enable: 0
Time: 205000 | PC_out: 3 | Opcode: 101 | Operand: 11010 | Accumulator: 0 | ALU_Result: x | Instr: ba | Data_Mem: 00 | Wr_En: 0 | Mux_Sel: 1 | PC_En: 0 | SKZ: 0 | JMP: 0 | LDA: 0 | ld_ac: 0 | alu_enable: 0
Time: 215000 | PC_out: 3 | Opcode: 101 | Operand: 11010 | Accumulator: 0 | ALU_Result: x | Instr: ba | Data_Mem: 00 | Wr_En: 0 | Mux_Sel: 0 | PC_En: 0 | SKZ: 0 | JMP: 0 | LDA: 0 | ld_ac: 0 | alu_enable: 0
Time: 225000 | PC_out: 3 | Opcode: 101 | Operand: 11010 | Accumulator: 0 | ALU_Result: x | Instr: ba | Data_Mem: 00 | Wr_En: 0 | Mux_Sel: 0 | PC_En: 0 | SKZ: 0 | JMP: 0 | LDA: 0 | ld_ac: 0 | alu_enable: 1
Time: 235000 | PC_out: 3 | Opcode: 101 | Operand: 11010 | Accumulator: 0 | ALU_Result: 0 | Instr: ba | Data_Mem: 00 | Wr_En: 0 | Mux_Sel: 0 | PC_En: 0 | SKZ: 0 | JMP: 0 | LDA: 0 | ld_ac: 0 | alu_enable: 1
Time: 245000 | PC_out: 3 | Opcode: 101 | Operand: 11010 | Accumulator: 0 | ALU_Result: 0 | Instr: ba | Data_Mem: 00 | Wr_En: 0 | Mux_Sel: 0 | PC_En: 1 | SKZ: 0 | JMP: 0 | LDA: 0 | ld_ac: 1 | alu_enable: 0
Time: 255000 | PC_out: 4 | Opcode: 101 | Operand: 11010 | Accumulator: 0 | ALU_Result: 0 | Instr: ba | Data_Mem: 00 | Wr_En: 0 | Mux_Sel: 1 | PC_En: 0 | SKZ: 0 | JMP: 0 | LDA: 0 | ld_ac: 0 | alu_enable: 0
Time: 275000 | PC_out: 4 | Opcode: 101 | Operand: 11010 | Accumulator: 0 | ALU_Result: 0 | Instr: 20 | Data_Mem: 00 | Wr_En: 0 | Mux_Sel: 1 | PC_En: 0 | SKZ: 0 | JMP: 0 | LDA: 0 | ld_ac: 0 | alu_enable: 0
Time: 285000 | PC_out: 4 | Opcode: 001 | Operand: 00000 | Accumulator: 0 | ALU_Result: 0 | Instr: 20 | Data_Mem: 00 | Wr_En: 0 | Mux_Sel: 1 | PC_En: 0 | SKZ: 0 | JMP: 0 | LDA: 0 | ld_ac: 0 | alu_enable: 0
Time: 295000 | PC_out: 4 | Opcode: 001 | Operand: 00000 | Accumulator: 0 | ALU_Result: 0 | Instr: 20 | Data_Mem: 00 | Wr_En: 0 | Mux_Sel: 0 | PC_En: 0 | SKZ: 1 | JMP: 0 | LDA: 0 | ld_ac: 0 | alu_enable: 0
Time: 315000 | PC_out: 4 | Opcode: 001 | Operand: 00000 | Accumulator: 0 | ALU_Result: 0 | Instr: 20 | Data_Mem: 00 | Wr_En: 0 | Mux_Sel: 0 | PC_En: 1 | SKZ: 1 | JMP: 0 | LDA: 0 | ld_ac: 0 | alu_enable: 0
Time: 325000 | PC_out: 6 | Opcode: 001 | Operand: 00000 | Accumulator: 0 | ALU_Result: 0 | Instr: 20 | Data_Mem: 00 | Wr_En: 0 | Mux_Sel: 0 | PC_En: 0 | SKZ: 0 | JMP: 0 | LDA: 0 | ld_ac: 0 | alu_enable: 0
Time: 335000 | PC_out: 6 | Opcode: 001 | Operand: 00000 | Accumulator: 0 | ALU_Result: 0 | Instr: 20 | Data_Mem: 00 | Wr_En: 0 | Mux_Sel: 1 | PC_En: 0 | SKZ: 0 | JMP: 0 | LDA: 0 | ld_ac: 0 | alu_enable: 0
Time: 355000 | PC_out: 6 | Opcode: 001 | Operand: 00000 | Accumulator: 0 | ALU_Result: 0 | Instr: bb | Data_Mem: 00 | Wr_En: 0 | Mux_Sel: 1 | PC_En: 0 | SKZ: 0 | JMP: 0 | LDA: 0 | ld_ac: 0 | alu_enable: 0
Time: 365000 | PC_out: 6 | Opcode: 101 | Operand: 11011 | Accumulator: 0 | ALU_Result: 0 | Instr: bb | Data_Mem: 00 | Wr_En: 0 | Mux_Sel: 1 | PC_En: 0 | SKZ: 0 | JMP: 0 | LDA: 0 | ld_ac: 0 | alu_enable: 0
Time: 375000 | PC_out: 6 | Opcode: 101 | Operand: 11011 | Accumulator: 0 | ALU_Result: 0 | Instr: bb | Data_Mem: 00 | Wr_En: 0 | Mux_Sel: 0 | PC_En: 0 | SKZ: 0 | JMP: 0 | LDA: 0 | ld_ac: 0 | alu_enable: 0
Time: 385000 | PC_out: 6 | Opcode: 101 | Operand: 11011 | Accumulator: 0 | ALU_Result: 0 | Instr: bb | Data_Mem: 00 | Wr_En: 0 | Mux_Sel: 0 | PC_En: 0 | SKZ: 0 | JMP: 0 | LDA: 0 | ld_ac: 0 | alu_enable: 1
Time: 395000 | PC_out: 6 | Opcode: 101 | Operand: 11011 | Accumulator: 0 | ALU_Result: 0 | Instr: bb | Data_Mem: ff | Wr_En: 0 | Mux_Sel: 0 | PC_En: 0 | SKZ: 0 | JMP: 0 | LDA: 0 | ld_ac: 0 | alu_enable: 1
Time: 405000 | PC_out: 6 | Opcode: 101 | Operand: 11011 | Accumulator: 0 | ALU_Result: 255 | Instr: bb | Data_Mem: ff | Wr_En: 0 | Mux_Sel: 0 | PC_En: 1 | SKZ: 0 | JMP: 0 | LDA: 0 | ld_ac: 1 | alu_enable: 0
Time: 415000 | PC_out: 7 | Opcode: 101 | Operand: 11011 | Accumulator: 255 | ALU_Result: 255 | Instr: bb | Data_Mem: ff | Wr_En: 0 | Mux_Sel: 1 | PC_En: 0 | SKZ: 0 | JMP: 0 | LDA: 0 | ld_ac: 0 | alu_enable: 0
Time: 435000 | PC_out: 7 | Opcode: 101 | Operand: 11011 | Accumulator: 255 | ALU_Result: 255 | Instr: 20 | Data_Mem: ff | Wr_En: 0 | Mux_Sel: 1 | PC_En: 0 | SKZ: 0 | JMP: 0 | LDA: 0 | ld_ac: 0 | alu_enable: 0
Time: 445000 | PC_out: 7 | Opcode: 001 | Operand: 00000 | Accumulator: 255 | ALU_Result: 255 | Instr: 20 | Data_Mem: ff | Wr_En: 0 | Mux_Sel: 1 | PC_En: 0 | SKZ: 0 | JMP: 0 | LDA: 0 | ld_ac: 0 | alu_enable: 0
Time: 455000 | PC_out: 7 | Opcode: 001 | Operand: 00000 | Accumulator: 255 | ALU_Result: 255 | Instr: 20 | Data_Mem: ff | Wr_En: 0 | Mux_Sel: 0 | PC_En: 0 | SKZ: 1 | JMP: 0 | LDA: 0 | ld_ac: 0 | alu_enable: 0
Time: 475000 | PC_out: 7 | Opcode: 001 | Operand: 00000 | Accumulator: 255 | ALU_Result: 255 | Instr: 20 | Data_Mem: 00 | Wr_En: 0 | Mux_Sel: 0 | PC_En: 1 | SKZ: 1 | JMP: 0 | LDA: 0 | ld_ac: 0 | alu_enable: 0
Time: 485000 | PC_out: 8 | Opcode: 001 | Operand: 00000 | Accumulator: 255 | ALU_Result: 255 | Instr: 20 | Data_Mem: 00 | Wr_En: 0 | Mux_Sel: 0 | PC_En: 0 | SKZ: 0 | JMP: 0 | LDA: 0 | ld_ac: 0 | alu_enable: 0
Time: 495000 | PC_out: 8 | Opcode: 001 | Operand: 00000 | Accumulator: 255 | ALU_Result: 255 | Instr: 20 | Data_Mem: 00 | Wr_En: 0 | Mux_Sel: 1 | PC_En: 0 | SKZ: 0 | JMP: 0 | LDA: 0 | ld_ac: 0 | alu_enable: 0
Time: 515000 | PC_out: 8 | Opcode: 001 | Operand: 00000 | Accumulator: 255 | ALU_Result: 255 | Instr: ea | Data_Mem: 00 | Wr_En: 0 | Mux_Sel: 1 | PC_En: 0 | SKZ: 0 | JMP: 0 | LDA: 0 | ld_ac: 0 | alu_enable: 0
Time: 525000 | PC_out: 8 | Opcode: 111 | Operand: 01010 | Accumulator: 255 | ALU_Result: 255 | Instr: ea | Data_Mem: 00 | Wr_En: 0 | Mux_Sel: 1 | PC_En: 0 | SKZ: 0 | JMP: 0 | LDA: 0 | ld_ac: 0 | alu_enable: 0
Time: 535000 | PC_out: 8 | Opcode: 111 | Operand: 01010 | Accumulator: 255 | ALU_Result: 255 | Instr: ea | Data_Mem: 00 | Wr_En: 0 | Mux_Sel: 0 | PC_En: 0 | SKZ: 0 | JMP: 0 | LDA: 0 | ld_ac: 0 | alu_enable: 0
Time: 555000 | PC_out: 8 | Opcode: 111 | Operand: 01010 | Accumulator: 255 | ALU_Result: 255 | Instr: ea | Data_Mem: 00 | Wr_En: 0 | Mux_Sel: 0 | PC_En: 1 | SKZ: 0 | JMP: 1 | LDA: 0 | ld_ac: 0 | alu_enable: 0
Time: 565000 | PC_out: 10 | Opcode: 111 | Operand: 01010 | Accumulator: 255 | ALU_Result: 255 | Instr: ea | Data_Mem: 00 | Wr_En: 0 | Mux_Sel: 0 | PC_En: 0 | SKZ: 0 | JMP: 1 | LDA: 0 | ld_ac: 0 | alu_enable: 0
Time: 575000 | PC_out: 10 | Opcode: 111 | Operand: 01010 | Accumulator: 255 | ALU_Result: 255 | Instr: ea | Data_Mem: 00 | Wr_En: 0 | Mux_Sel: 1 | PC_En: 0 | SKZ: 0 | JMP: 0 | LDA: 0 | ld_ac: 0 | alu_enable: 0
Time: 595000 | PC_out: 10 | Opcode: 111 | Operand: 01010 | Accumulator: 255 | ALU_Result: 255 | Instr: dc | Data_Mem: 00 | Wr_En: 0 | Mux_Sel: 1 | PC_En: 0 | SKZ: 0 | JMP: 0 | LDA: 0 | ld_ac: 0 | alu_enable: 0
Time: 605000 | PC_out: 10 | Opcode: 110 | Operand: 11100 | Accumulator: 255 | ALU_Result: 255 | Instr: dc | Data_Mem: 00 | Wr_En: 0 | Mux_Sel: 1 | PC_En: 0 | SKZ: 0 | JMP: 0 | LDA: 0 | ld_ac: 0 | alu_enable: 0
Time: 615000 | PC_out: 10 | Opcode: 110 | Operand: 11100 | Accumulator: 255 | ALU_Result: 255 | Instr: dc | Data_Mem: 00 | Wr_En: 0 | Mux_Sel: 0 | PC_En: 0 | SKZ: 0 | JMP: 0 | LDA: 0 | ld_ac: 0 | alu_enable: 0
Time: 635000 | PC_out: 10 | Opcode: 110 | Operand: 11100 | Accumulator: 255 | ALU_Result: 255 | Instr: dc | Data_Mem: aa | Wr_En: 0 | Mux_Sel: 0 | PC_En: 0 | SKZ: 0 | JMP: 0 | LDA: 0 | ld_ac: 0 | alu_enable: 0
Time: 645000 | PC_out: 10 | Opcode: 110 | Operand: 11100 | Accumulator: 255 | ALU_Result: 255 | Instr: dc | Data_Mem: ff | Wr_En: 1 | Mux_Sel: 0 | PC_En: 0 | SKZ: 0 | JMP: 0 | LDA: 0 | ld_ac: 0 | alu_enable: 0
Time: 655000 | PC_out: 10 | Opcode: 110 | Operand: 11100 | Accumulator: 255 | ALU_Result: 255 | Instr: dc | Data_Mem: aa | Wr_En: 0 | Mux_Sel: 1 | PC_En: 0 | SKZ: 0 | JMP: 0 | LDA: 0 | ld_ac: 0 | alu_enable: 0
Time: 665000 | PC_out: 10 | Opcode: 110 | Operand: 11100 | Accumulator: 255 | ALU_Result: 255 | Instr: dc | Data_Mem: ff | Wr_En: 0 | Mux_Sel: 1 | PC_En: 0 | SKZ: 0 | JMP: 0 | LDA: 0 | ld_ac: 0 | alu_enable: 0
Time: 695000 | PC_out: 10 | Opcode: 110 | Operand: 11100 | Accumulator: 255 | ALU_Result: 255 | Instr: dc | Data_Mem: ff | Wr_En: 0 | Mux_Sel: 0 | PC_En: 0 | SKZ: 0 | JMP: 0 | LDA: 0 | ld_ac: 0 | alu_enable: 0
Time: 725000 | PC_out: 10 | Opcode: 110 | Operand: 11100 | Accumulator: 255 | ALU_Result: 255 | Instr: dc | Data_Mem: ff | Wr_En: 1 | Mux_Sel: 0 | PC_En: 0 | SKZ: 0 | JMP: 0 | LDA: 0 | ld_ac: 0 | alu_enable: 0
Time: 735000 | PC_out: 10 | Opcode: 110 | Operand: 11100 | Accumulator: 255 | ALU_Result: 255 | Instr: dc | Data_Mem: ff | Wr_En: 0 | Mux_Sel: 1 | PC_En: 0 | SKZ: 0 | JMP: 0 | LDA: 0 | ld_ac: 0 | alu_enable: 0
Time: 775000 | PC_out: 10 | Opcode: 110 | Operand: 11100 | Accumulator: 255 | ALU_Result: 255 | Instr: dc | Data_Mem: ff | Wr_En: 0 | Mux_Sel: 0 | PC_En: 0 | SKZ: 0 | JMP: 0 | LDA: 0 | ld_ac: 0 | alu_enable: 0
Time: 805000 | PC_out: 10 | Opcode: 110 | Operand: 11100 | Accumulator: 255 | ALU_Result: 255 | Instr: dc | Data_Mem: ff | Wr_En: 1 | Mux_Sel: 0 | PC_En: 0 | SKZ: 0 | JMP: 0 | LDA: 0 | ld_ac: 0 | alu_enable: 0
Time: 815000 | PC_out: 10 | Opcode: 110 | Operand: 11100 | Accumulator: 255 | ALU_Result: 255 | Instr: dc | Data_Mem: ff | Wr_En: 0 | Mux_Sel: 1 | PC_En: 0 | SKZ: 0 | JMP: 0 | LDA: 0 | ld_ac: 0 | alu_enable: 0
Time: 855000 | PC_out: 10 | Opcode: 110 | Operand: 11100 | Accumulator: 255 | ALU_Result: 255 | Instr: dc | Data_Mem: ff | Wr_En: 0 | Mux_Sel: 0 | PC_En: 0 | SKZ: 0 | JMP: 0 | LDA: 0 | ld_ac: 0 | alu_enable: 0
Time: 885000 | PC_out: 10 | Opcode: 110 | Operand: 11100 | Accumulator: 255 | ALU_Result: 255 | Instr: dc | Data_Mem: ff | Wr_En: 1 | Mux_Sel: 0 | PC_En: 0 | SKZ: 0 | JMP: 0 | LDA: 0 | ld_ac: 0 | alu_enable: 0
Time: 895000 | PC_out: 10 | Opcode: 110 | Operand: 11100 | Accumulator: 255 | ALU_Result: 255 | Instr: dc | Data_Mem: ff | Wr_En: 0 | Mux_Sel: 1 | PC_En: 0 | SKZ: 0 | JMP: 0 | LDA: 0 | ld_ac: 0 | alu_enable: 0
Time: 935000 | PC_out: 10 | Opcode: 110 | Operand: 11100 | Accumulator: 255 | ALU_Result: 255 | Instr: dc | Data_Mem: ff | Wr_En: 0 | Mux_Sel: 0 | PC_En: 0 | SKZ: 0 | JMP: 0 | LDA: 0 | ld_ac: 0 | alu_enable: 0
Time: 965000 | PC_out: 10 | Opcode: 110 | Operand: 11100 | Accumulator: 255 | ALU_Result: 255 | Instr: dc | Data_Mem: ff | Wr_En: 1 | Mux_Sel: 0 | PC_En: 0 | SKZ: 0 | JMP: 0 | LDA: 0 | ld_ac: 0 | alu_enable: 0
Time: 975000 | PC_out: 10 | Opcode: 110 | Operand: 11100 | Accumulator: 255 | ALU_Result: 255 | Instr: dc | Data_Mem: ff | Wr_En: 0 | Mux_Sel: 1 | PC_En: 0 | SKZ: 0 | JMP: 0 | LDA: 0 | ld_ac: 0 | alu_enable: 0
INFO: [USF-XSim-96] XSim completed. Design snapshot 'RISC_CPU_tb_behav' loaded.
INFO: [USF-XSim-97] XSim simulation ran for 1000ns
launch_simulation: Time (s): cpu = 00:00:01 ; elapsed = 00:00:05 . Memory (MB): peak = 2721.336 ; gain = 0.000
close_sim
INFO: [Simtcl 6-16] Simulation closed
launch_simulation
Command: launch_simulation 
INFO: [Vivado 12-12493] Simulation top is 'RISC_CPU_tb'
WARNING: [Vivado 12-13340] Unable to auto find GCC executables from simulator install path! (path not set)
INFO: [Vivado 12-5682] Launching behavioral simulation in 'D:/Minh_Hung/L05_Group_2_BTL_TKVM/L05_Group_2_BTL_TKVM.sim/sim_1/behav/xsim'
INFO: [SIM-utils-51] Simulation object is 'sim_1'
INFO: [SIM-utils-72] Using boost library from 'D:/Vivado/2024.1/tps/boost_1_72_0'
INFO: [SIM-utils-54] Inspecting design source files for 'RISC_CPU_tb' in fileset 'sim_1'...
INFO: [SIM-utils-43] Exported 'D:/Minh_Hung/L05_Group_2_BTL_TKVM/L05_Group_2_BTL_TKVM.sim/sim_1/behav/xsim/data_init.mem'
INFO: [SIM-utils-43] Exported 'D:/Minh_Hung/L05_Group_2_BTL_TKVM/L05_Group_2_BTL_TKVM.sim/sim_1/behav/xsim/instruction_file.mem'
INFO: [USF-XSim-97] Finding global include files...
INFO: [USF-XSim-98] Fetching design files from 'sim_1'...
INFO: [USF-XSim-2] XSim::Compile design
INFO: [USF-XSim-61] Executing 'COMPILE and ANALYZE' step in 'D:/Minh_Hung/L05_Group_2_BTL_TKVM/L05_Group_2_BTL_TKVM.sim/sim_1/behav/xsim'
"xvlog --incr --relax -prj RISC_CPU_tb_vlog.prj"
INFO: [VRFC 10-2263] Analyzing Verilog file "D:/Minh_Hung/L05_Group_2_BTL_TKVM/L05_Group_2_BTL_TKVM.srcs/sources_1/new/ALU.v" into library xil_defaultlib
INFO: [VRFC 10-311] analyzing module ALU
INFO: [VRFC 10-2263] Analyzing Verilog file "D:/Minh_Hung/L05_Group_2_BTL_TKVM/L05_Group_2_BTL_TKVM.srcs/sources_1/new/Accumulator.v" into library xil_defaultlib
INFO: [VRFC 10-311] analyzing module Accumulator
INFO: [VRFC 10-2263] Analyzing Verilog file "D:/Minh_Hung/L05_Group_2_BTL_TKVM/L05_Group_2_BTL_TKVM.srcs/sources_1/new/Controller.v" into library xil_defaultlib
INFO: [VRFC 10-311] analyzing module Controller
INFO: [VRFC 10-2263] Analyzing Verilog file "D:/Minh_Hung/L05_Group_2_BTL_TKVM/L05_Group_2_BTL_TKVM.srcs/sources_1/new/DataMemory.v" into library xil_defaultlib
INFO: [VRFC 10-311] analyzing module dataMemory
INFO: [VRFC 10-2263] Analyzing Verilog file "D:/Minh_Hung/L05_Group_2_BTL_TKVM/L05_Group_2_BTL_TKVM.srcs/sources_1/new/Instruction_Memory.v" into library xil_defaultlib
INFO: [VRFC 10-311] analyzing module instructionMemory
INFO: [VRFC 10-2263] Analyzing Verilog file "D:/Minh_Hung/L05_Group_2_BTL_TKVM/L05_Group_2_BTL_TKVM.srcs/sources_1/new/Instruction_register.v" into library xil_defaultlib
INFO: [VRFC 10-311] analyzing module Instruction_Register
INFO: [VRFC 10-2263] Analyzing Verilog file "D:/Minh_Hung/L05_Group_2_BTL_TKVM/L05_Group_2_BTL_TKVM.srcs/sources_1/new/Program_counter.v" into library xil_defaultlib
INFO: [VRFC 10-311] analyzing module Program_counter
INFO: [VRFC 10-2263] Analyzing Verilog file "D:/Minh_Hung/L05_Group_2_BTL_TKVM/L05_Group_2_BTL_TKVM.srcs/sources_1/new/RISC_CPU.v" into library xil_defaultlib
INFO: [VRFC 10-311] analyzing module RISC_CPU
INFO: [VRFC 10-2263] Analyzing Verilog file "D:/Minh_Hung/L05_Group_2_BTL_TKVM/L05_Group_2_BTL_TKVM.srcs/sources_1/new/addr_mux.v" into library xil_defaultlib
INFO: [VRFC 10-311] analyzing module addr_mux
INFO: [VRFC 10-2263] Analyzing Verilog file "D:/Minh_Hung/L05_Group_2_BTL_TKVM/L05_Group_2_BTL_TKVM.srcs/sim_1/new/RISC_CPU_tb.v" into library xil_defaultlib
INFO: [VRFC 10-311] analyzing module RISC_CPU_tb
INFO: [USF-XSim-69] 'compile' step finished in '1' seconds
INFO: [USF-XSim-3] XSim::Elaborate design
INFO: [USF-XSim-61] Executing 'ELABORATE' step in 'D:/Minh_Hung/L05_Group_2_BTL_TKVM/L05_Group_2_BTL_TKVM.sim/sim_1/behav/xsim'
"xelab --incr --debug typical --relax --mt 2 -L xil_defaultlib -L unisims_ver -L unimacro_ver -L secureip --snapshot RISC_CPU_tb_behav xil_defaultlib.RISC_CPU_tb xil_defaultlib.glbl -log elaborate.log"
Vivado Simulator v2024.1
Copyright 1986-2022 Xilinx, Inc. All Rights Reserved.
Copyright 2022-2024 Advanced Micro Devices, Inc. All Rights Reserved.
Running: D:/Vivado/2024.1/bin/unwrapped/win64.o/xelab.exe --incr --debug typical --relax --mt 2 -L xil_defaultlib -L unisims_ver -L unimacro_ver -L secureip --snapshot RISC_CPU_tb_behav xil_defaultlib.RISC_CPU_tb xil_defaultlib.glbl -log elaborate.log 
Using 2 slave threads.
Starting static elaboration
Pass Through NonSizing Optimizer
Completed static elaboration
Starting simulation data flow analysis
WARNING: [XSIM 43-4099] "D:/Minh_Hung/L05_Group_2_BTL_TKVM/L05_Group_2_BTL_TKVM.srcs/sources_1/new/ALU.v" Line 1. Module ALU doesn't have a timescale but at least one module in design has a timescale.
WARNING: [XSIM 43-4099] "D:/Minh_Hung/L05_Group_2_BTL_TKVM/L05_Group_2_BTL_TKVM.srcs/sources_1/new/ALU.v" Line 1. Module ALU doesn't have a timescale but at least one module in design has a timescale.
Completed simulation data flow analysis
Time Resolution for simulation is 1ps
Compiling module xil_defaultlib.Controller
Compiling module xil_defaultlib.Program_counter
Compiling module xil_defaultlib.addr_mux
Compiling module xil_defaultlib.instructionMemory
Compiling module xil_defaultlib.Instruction_Register
Compiling module xil_defaultlib.dataMemory
Compiling module xil_defaultlib.ALU
Compiling module xil_defaultlib.Accumulator
Compiling module xil_defaultlib.RISC_CPU
Compiling module xil_defaultlib.RISC_CPU_tb
Compiling module xil_defaultlib.glbl
Built simulation snapshot RISC_CPU_tb_behav
INFO: [USF-XSim-69] 'elaborate' step finished in '2' seconds
INFO: [USF-XSim-4] XSim::Simulate design
INFO: [USF-XSim-61] Executing 'SIMULATE' step in 'D:/Minh_Hung/L05_Group_2_BTL_TKVM/L05_Group_2_BTL_TKVM.sim/sim_1/behav/xsim'
INFO: [USF-XSim-98] *** Running xsim
   with args "RISC_CPU_tb_behav -key {Behavioral:sim_1:Functional:RISC_CPU_tb} -tclbatch {RISC_CPU_tb.tcl} -log {simulate.log}"
INFO: [USF-XSim-8] Loading simulator feature
Time resolution is 1 ps
source RISC_CPU_tb.tcl
# set curr_wave [current_wave_config]
# if { [string length $curr_wave] == 0 } {
#   if { [llength [get_objects]] > 0} {
#     add_wave /
#     set_property needs_save false [current_wave_config]
#   } else {
#      send_msg_id Add_Wave-1 WARNING "No top level signals found. Simulator will start without a wave window. If you want to open a wave window go to 'File->New Waveform Configuration' or type 'create_wave_config' in the TCL console."
#   }
# }
# run 1000ns
Time: 0 | PC_out: 0 | Opcode: zzz | Operand: zzzzz | Accumulator: 0 | ALU_Result: x | Instr: xx | Data_Mem: xx | Wr_En: 0 | Mux_Sel: 0 | PC_En: 0 | SKZ: 0 | JMP: 0 | LDA: 0 | ld_ac: 0 | alu_enable: 0
Time: 15000 | PC_out: 0 | Opcode: zzz | Operand: zzzzz | Accumulator: 0 | ALU_Result: x | Instr: xx | Data_Mem: xx | Wr_En: 0 | Mux_Sel: 1 | PC_En: 0 | SKZ: 0 | JMP: 0 | LDA: 0 | ld_ac: 0 | alu_enable: 0
Time: 35000 | PC_out: 0 | Opcode: zzz | Operand: zzzzz | Accumulator: 0 | ALU_Result: x | Instr: fe | Data_Mem: xx | Wr_En: 0 | Mux_Sel: 1 | PC_En: 0 | SKZ: 0 | JMP: 0 | LDA: 0 | ld_ac: 0 | alu_enable: 0
Time: 45000 | PC_out: 0 | Opcode: 111 | Operand: 11110 | Accumulator: 0 | ALU_Result: x | Instr: fe | Data_Mem: xx | Wr_En: 0 | Mux_Sel: 1 | PC_En: 0 | SKZ: 0 | JMP: 0 | LDA: 0 | ld_ac: 0 | alu_enable: 0
Time: 55000 | PC_out: 0 | Opcode: 111 | Operand: 11110 | Accumulator: 0 | ALU_Result: x | Instr: fe | Data_Mem: xx | Wr_En: 0 | Mux_Sel: 0 | PC_En: 0 | SKZ: 0 | JMP: 0 | LDA: 0 | ld_ac: 0 | alu_enable: 0
Time: 75000 | PC_out: 0 | Opcode: 111 | Operand: 11110 | Accumulator: 0 | ALU_Result: x | Instr: fe | Data_Mem: xx | Wr_En: 0 | Mux_Sel: 0 | PC_En: 0 | SKZ: 0 | JMP: 1 | LDA: 0 | ld_ac: 0 | alu_enable: 0
Time: 85000 | PC_out: 0 | Opcode: 111 | Operand: 11110 | Accumulator: 0 | ALU_Result: x | Instr: fe | Data_Mem: xx | Wr_En: 0 | Mux_Sel: 0 | PC_En: 1 | SKZ: 0 | JMP: 1 | LDA: 0 | ld_ac: 0 | alu_enable: 0
Time: 95000 | PC_out: 30 | Opcode: 111 | Operand: 11110 | Accumulator: 0 | ALU_Result: x | Instr: fe | Data_Mem: xx | Wr_En: 0 | Mux_Sel: 1 | PC_En: 0 | SKZ: 0 | JMP: 0 | LDA: 0 | ld_ac: 0 | alu_enable: 0
Time: 115000 | PC_out: 30 | Opcode: 111 | Operand: 11110 | Accumulator: 0 | ALU_Result: x | Instr: e3 | Data_Mem: xx | Wr_En: 0 | Mux_Sel: 1 | PC_En: 0 | SKZ: 0 | JMP: 0 | LDA: 0 | ld_ac: 0 | alu_enable: 0
Time: 125000 | PC_out: 30 | Opcode: 111 | Operand: 00011 | Accumulator: 0 | ALU_Result: x | Instr: e3 | Data_Mem: xx | Wr_En: 0 | Mux_Sel: 1 | PC_En: 0 | SKZ: 0 | JMP: 0 | LDA: 0 | ld_ac: 0 | alu_enable: 0
Time: 135000 | PC_out: 30 | Opcode: 111 | Operand: 00011 | Accumulator: 0 | ALU_Result: x | Instr: e3 | Data_Mem: xx | Wr_En: 0 | Mux_Sel: 0 | PC_En: 0 | SKZ: 0 | JMP: 0 | LDA: 0 | ld_ac: 0 | alu_enable: 0
Time: 155000 | PC_out: 30 | Opcode: 111 | Operand: 00011 | Accumulator: 0 | ALU_Result: x | Instr: e3 | Data_Mem: 00 | Wr_En: 0 | Mux_Sel: 0 | PC_En: 0 | SKZ: 0 | JMP: 1 | LDA: 0 | ld_ac: 0 | alu_enable: 0
Time: 165000 | PC_out: 30 | Opcode: 111 | Operand: 00011 | Accumulator: 0 | ALU_Result: x | Instr: e3 | Data_Mem: 00 | Wr_En: 0 | Mux_Sel: 0 | PC_En: 1 | SKZ: 0 | JMP: 1 | LDA: 0 | ld_ac: 0 | alu_enable: 0
Time: 175000 | PC_out: 3 | Opcode: 111 | Operand: 00011 | Accumulator: 0 | ALU_Result: x | Instr: e3 | Data_Mem: 00 | Wr_En: 0 | Mux_Sel: 1 | PC_En: 0 | SKZ: 0 | JMP: 0 | LDA: 0 | ld_ac: 0 | alu_enable: 0
Time: 195000 | PC_out: 3 | Opcode: 111 | Operand: 00011 | Accumulator: 0 | ALU_Result: x | Instr: ba | Data_Mem: 00 | Wr_En: 0 | Mux_Sel: 1 | PC_En: 0 | SKZ: 0 | JMP: 0 | LDA: 0 | ld_ac: 0 | alu_enable: 0
Time: 205000 | PC_out: 3 | Opcode: 101 | Operand: 11010 | Accumulator: 0 | ALU_Result: x | Instr: ba | Data_Mem: 00 | Wr_En: 0 | Mux_Sel: 1 | PC_En: 0 | SKZ: 0 | JMP: 0 | LDA: 0 | ld_ac: 0 | alu_enable: 0
Time: 215000 | PC_out: 3 | Opcode: 101 | Operand: 11010 | Accumulator: 0 | ALU_Result: x | Instr: ba | Data_Mem: 00 | Wr_En: 0 | Mux_Sel: 0 | PC_En: 0 | SKZ: 0 | JMP: 0 | LDA: 0 | ld_ac: 0 | alu_enable: 0
Time: 225000 | PC_out: 3 | Opcode: 101 | Operand: 11010 | Accumulator: 0 | ALU_Result: x | Instr: ba | Data_Mem: 00 | Wr_En: 0 | Mux_Sel: 0 | PC_En: 0 | SKZ: 0 | JMP: 0 | LDA: 0 | ld_ac: 0 | alu_enable: 1
Time: 235000 | PC_out: 3 | Opcode: 101 | Operand: 11010 | Accumulator: 0 | ALU_Result: 0 | Instr: ba | Data_Mem: 00 | Wr_En: 0 | Mux_Sel: 0 | PC_En: 0 | SKZ: 0 | JMP: 0 | LDA: 0 | ld_ac: 0 | alu_enable: 1
Time: 245000 | PC_out: 3 | Opcode: 101 | Operand: 11010 | Accumulator: 0 | ALU_Result: 0 | Instr: ba | Data_Mem: 00 | Wr_En: 0 | Mux_Sel: 0 | PC_En: 1 | SKZ: 0 | JMP: 0 | LDA: 0 | ld_ac: 1 | alu_enable: 0
Time: 255000 | PC_out: 4 | Opcode: 101 | Operand: 11010 | Accumulator: 0 | ALU_Result: 0 | Instr: ba | Data_Mem: 00 | Wr_En: 0 | Mux_Sel: 1 | PC_En: 0 | SKZ: 0 | JMP: 0 | LDA: 0 | ld_ac: 0 | alu_enable: 0
Time: 275000 | PC_out: 4 | Opcode: 101 | Operand: 11010 | Accumulator: 0 | ALU_Result: 0 | Instr: 20 | Data_Mem: 00 | Wr_En: 0 | Mux_Sel: 1 | PC_En: 0 | SKZ: 0 | JMP: 0 | LDA: 0 | ld_ac: 0 | alu_enable: 0
Time: 285000 | PC_out: 4 | Opcode: 001 | Operand: 00000 | Accumulator: 0 | ALU_Result: 0 | Instr: 20 | Data_Mem: 00 | Wr_En: 0 | Mux_Sel: 1 | PC_En: 0 | SKZ: 0 | JMP: 0 | LDA: 0 | ld_ac: 0 | alu_enable: 0
Time: 295000 | PC_out: 4 | Opcode: 001 | Operand: 00000 | Accumulator: 0 | ALU_Result: 0 | Instr: 20 | Data_Mem: 00 | Wr_En: 0 | Mux_Sel: 0 | PC_En: 0 | SKZ: 1 | JMP: 0 | LDA: 0 | ld_ac: 0 | alu_enable: 0
Time: 325000 | PC_out: 4 | Opcode: 001 | Operand: 00000 | Accumulator: 0 | ALU_Result: 0 | Instr: 20 | Data_Mem: 00 | Wr_En: 0 | Mux_Sel: 0 | PC_En: 1 | SKZ: 0 | JMP: 0 | LDA: 0 | ld_ac: 0 | alu_enable: 0
Time: 335000 | PC_out: 5 | Opcode: 001 | Operand: 00000 | Accumulator: 0 | ALU_Result: 0 | Instr: 20 | Data_Mem: 00 | Wr_En: 0 | Mux_Sel: 1 | PC_En: 0 | SKZ: 0 | JMP: 0 | LDA: 0 | ld_ac: 0 | alu_enable: 0
Time: 355000 | PC_out: 5 | Opcode: 001 | Operand: 00000 | Accumulator: 0 | ALU_Result: 0 | Instr: 00 | Data_Mem: 00 | Wr_En: 0 | Mux_Sel: 1 | PC_En: 0 | SKZ: 0 | JMP: 0 | LDA: 0 | ld_ac: 0 | alu_enable: 0
Time: 365000 | PC_out: 5 | Opcode: 000 | Operand: 00000 | Accumulator: 0 | ALU_Result: 0 | Instr: 00 | Data_Mem: 00 | Wr_En: 0 | Mux_Sel: 1 | PC_En: 0 | SKZ: 0 | JMP: 0 | LDA: 0 | ld_ac: 0 | alu_enable: 0
Time: 375000 | PC_out: 5 | Opcode: 000 | Operand: 00000 | Accumulator: 0 | ALU_Result: 0 | Instr: 00 | Data_Mem: 00 | Wr_En: 0 | Mux_Sel: 0 | PC_En: 0 | SKZ: 0 | JMP: 0 | LDA: 0 | ld_ac: 0 | alu_enable: 0
INFO: [USF-XSim-96] XSim completed. Design snapshot 'RISC_CPU_tb_behav' loaded.
INFO: [USF-XSim-97] XSim simulation ran for 1000ns
launch_simulation: Time (s): cpu = 00:00:01 ; elapsed = 00:00:05 . Memory (MB): peak = 2721.336 ; gain = 0.000
close_sim
INFO: [Simtcl 6-16] Simulation closed
launch_simulation
Command: launch_simulation 
INFO: [Vivado 12-12493] Simulation top is 'RISC_CPU_tb'
WARNING: [Vivado 12-13340] Unable to auto find GCC executables from simulator install path! (path not set)
INFO: [Vivado 12-5682] Launching behavioral simulation in 'D:/Minh_Hung/L05_Group_2_BTL_TKVM/L05_Group_2_BTL_TKVM.sim/sim_1/behav/xsim'
INFO: [SIM-utils-51] Simulation object is 'sim_1'
INFO: [SIM-utils-72] Using boost library from 'D:/Vivado/2024.1/tps/boost_1_72_0'
INFO: [SIM-utils-54] Inspecting design source files for 'RISC_CPU_tb' in fileset 'sim_1'...
INFO: [SIM-utils-43] Exported 'D:/Minh_Hung/L05_Group_2_BTL_TKVM/L05_Group_2_BTL_TKVM.sim/sim_1/behav/xsim/data_init.mem'
INFO: [SIM-utils-43] Exported 'D:/Minh_Hung/L05_Group_2_BTL_TKVM/L05_Group_2_BTL_TKVM.sim/sim_1/behav/xsim/instruction_file.mem'
INFO: [USF-XSim-97] Finding global include files...
INFO: [USF-XSim-98] Fetching design files from 'sim_1'...
INFO: [USF-XSim-2] XSim::Compile design
INFO: [USF-XSim-61] Executing 'COMPILE and ANALYZE' step in 'D:/Minh_Hung/L05_Group_2_BTL_TKVM/L05_Group_2_BTL_TKVM.sim/sim_1/behav/xsim'
"xvlog --incr --relax -prj RISC_CPU_tb_vlog.prj"
INFO: [VRFC 10-2263] Analyzing Verilog file "D:/Minh_Hung/L05_Group_2_BTL_TKVM/L05_Group_2_BTL_TKVM.srcs/sources_1/new/ALU.v" into library xil_defaultlib
INFO: [VRFC 10-311] analyzing module ALU
INFO: [VRFC 10-2263] Analyzing Verilog file "D:/Minh_Hung/L05_Group_2_BTL_TKVM/L05_Group_2_BTL_TKVM.srcs/sources_1/new/Accumulator.v" into library xil_defaultlib
INFO: [VRFC 10-311] analyzing module Accumulator
INFO: [VRFC 10-2263] Analyzing Verilog file "D:/Minh_Hung/L05_Group_2_BTL_TKVM/L05_Group_2_BTL_TKVM.srcs/sources_1/new/Controller.v" into library xil_defaultlib
INFO: [VRFC 10-311] analyzing module Controller
INFO: [VRFC 10-2263] Analyzing Verilog file "D:/Minh_Hung/L05_Group_2_BTL_TKVM/L05_Group_2_BTL_TKVM.srcs/sources_1/new/DataMemory.v" into library xil_defaultlib
INFO: [VRFC 10-311] analyzing module dataMemory
INFO: [VRFC 10-2263] Analyzing Verilog file "D:/Minh_Hung/L05_Group_2_BTL_TKVM/L05_Group_2_BTL_TKVM.srcs/sources_1/new/Instruction_Memory.v" into library xil_defaultlib
INFO: [VRFC 10-311] analyzing module instructionMemory
INFO: [VRFC 10-2263] Analyzing Verilog file "D:/Minh_Hung/L05_Group_2_BTL_TKVM/L05_Group_2_BTL_TKVM.srcs/sources_1/new/Instruction_register.v" into library xil_defaultlib
INFO: [VRFC 10-311] analyzing module Instruction_Register
INFO: [VRFC 10-2263] Analyzing Verilog file "D:/Minh_Hung/L05_Group_2_BTL_TKVM/L05_Group_2_BTL_TKVM.srcs/sources_1/new/Program_counter.v" into library xil_defaultlib
INFO: [VRFC 10-311] analyzing module Program_counter
INFO: [VRFC 10-2263] Analyzing Verilog file "D:/Minh_Hung/L05_Group_2_BTL_TKVM/L05_Group_2_BTL_TKVM.srcs/sources_1/new/RISC_CPU.v" into library xil_defaultlib
INFO: [VRFC 10-311] analyzing module RISC_CPU
INFO: [VRFC 10-2263] Analyzing Verilog file "D:/Minh_Hung/L05_Group_2_BTL_TKVM/L05_Group_2_BTL_TKVM.srcs/sources_1/new/addr_mux.v" into library xil_defaultlib
INFO: [VRFC 10-311] analyzing module addr_mux
INFO: [VRFC 10-2263] Analyzing Verilog file "D:/Minh_Hung/L05_Group_2_BTL_TKVM/L05_Group_2_BTL_TKVM.srcs/sim_1/new/RISC_CPU_tb.v" into library xil_defaultlib
INFO: [VRFC 10-311] analyzing module RISC_CPU_tb
INFO: [USF-XSim-69] 'compile' step finished in '1' seconds
INFO: [USF-XSim-3] XSim::Elaborate design
INFO: [USF-XSim-61] Executing 'ELABORATE' step in 'D:/Minh_Hung/L05_Group_2_BTL_TKVM/L05_Group_2_BTL_TKVM.sim/sim_1/behav/xsim'
"xelab --incr --debug typical --relax --mt 2 -L xil_defaultlib -L unisims_ver -L unimacro_ver -L secureip --snapshot RISC_CPU_tb_behav xil_defaultlib.RISC_CPU_tb xil_defaultlib.glbl -log elaborate.log"
Vivado Simulator v2024.1
Copyright 1986-2022 Xilinx, Inc. All Rights Reserved.
Copyright 2022-2024 Advanced Micro Devices, Inc. All Rights Reserved.
Running: D:/Vivado/2024.1/bin/unwrapped/win64.o/xelab.exe --incr --debug typical --relax --mt 2 -L xil_defaultlib -L unisims_ver -L unimacro_ver -L secureip --snapshot RISC_CPU_tb_behav xil_defaultlib.RISC_CPU_tb xil_defaultlib.glbl -log elaborate.log 
Using 2 slave threads.
Starting static elaboration
Pass Through NonSizing Optimizer
Completed static elaboration
Starting simulation data flow analysis
WARNING: [XSIM 43-4099] "D:/Minh_Hung/L05_Group_2_BTL_TKVM/L05_Group_2_BTL_TKVM.srcs/sources_1/new/ALU.v" Line 1. Module ALU doesn't have a timescale but at least one module in design has a timescale.
WARNING: [XSIM 43-4099] "D:/Minh_Hung/L05_Group_2_BTL_TKVM/L05_Group_2_BTL_TKVM.srcs/sources_1/new/ALU.v" Line 1. Module ALU doesn't have a timescale but at least one module in design has a timescale.
Completed simulation data flow analysis
Time Resolution for simulation is 1ps
Compiling module xil_defaultlib.Controller
Compiling module xil_defaultlib.Program_counter
Compiling module xil_defaultlib.addr_mux
Compiling module xil_defaultlib.instructionMemory
Compiling module xil_defaultlib.Instruction_Register
Compiling module xil_defaultlib.dataMemory
Compiling module xil_defaultlib.ALU
Compiling module xil_defaultlib.Accumulator
Compiling module xil_defaultlib.RISC_CPU
Compiling module xil_defaultlib.RISC_CPU_tb
Compiling module xil_defaultlib.glbl
Built simulation snapshot RISC_CPU_tb_behav
INFO: [USF-XSim-69] 'elaborate' step finished in '1' seconds
INFO: [USF-XSim-4] XSim::Simulate design
INFO: [USF-XSim-61] Executing 'SIMULATE' step in 'D:/Minh_Hung/L05_Group_2_BTL_TKVM/L05_Group_2_BTL_TKVM.sim/sim_1/behav/xsim'
INFO: [USF-XSim-98] *** Running xsim
   with args "RISC_CPU_tb_behav -key {Behavioral:sim_1:Functional:RISC_CPU_tb} -tclbatch {RISC_CPU_tb.tcl} -log {simulate.log}"
INFO: [USF-XSim-8] Loading simulator feature
Time resolution is 1 ps
source RISC_CPU_tb.tcl
# set curr_wave [current_wave_config]
# if { [string length $curr_wave] == 0 } {
#   if { [llength [get_objects]] > 0} {
#     add_wave /
#     set_property needs_save false [current_wave_config]
#   } else {
#      send_msg_id Add_Wave-1 WARNING "No top level signals found. Simulator will start without a wave window. If you want to open a wave window go to 'File->New Waveform Configuration' or type 'create_wave_config' in the TCL console."
#   }
# }
# run 1000ns
Time: 0 | PC_out: 0 | Opcode: zzz | Operand: zzzzz | Accumulator: 0 | ALU_Result: x | Instr: xx | Data_Mem: xx | Wr_En: 0 | Mux_Sel: 0 | PC_En: 0 | SKZ: 0 | JMP: 0 | LDA: 0 | ld_ac: 0 | alu_enable: 0
Time: 15000 | PC_out: 0 | Opcode: zzz | Operand: zzzzz | Accumulator: 0 | ALU_Result: x | Instr: xx | Data_Mem: xx | Wr_En: 0 | Mux_Sel: 1 | PC_En: 0 | SKZ: 0 | JMP: 0 | LDA: 0 | ld_ac: 0 | alu_enable: 0
Time: 35000 | PC_out: 0 | Opcode: zzz | Operand: zzzzz | Accumulator: 0 | ALU_Result: x | Instr: fe | Data_Mem: xx | Wr_En: 0 | Mux_Sel: 1 | PC_En: 0 | SKZ: 0 | JMP: 0 | LDA: 0 | ld_ac: 0 | alu_enable: 0
Time: 45000 | PC_out: 0 | Opcode: 111 | Operand: 11110 | Accumulator: 0 | ALU_Result: x | Instr: fe | Data_Mem: xx | Wr_En: 0 | Mux_Sel: 1 | PC_En: 0 | SKZ: 0 | JMP: 0 | LDA: 0 | ld_ac: 0 | alu_enable: 0
Time: 55000 | PC_out: 0 | Opcode: 111 | Operand: 11110 | Accumulator: 0 | ALU_Result: x | Instr: fe | Data_Mem: xx | Wr_En: 0 | Mux_Sel: 0 | PC_En: 0 | SKZ: 0 | JMP: 0 | LDA: 0 | ld_ac: 0 | alu_enable: 0
Time: 75000 | PC_out: 0 | Opcode: 111 | Operand: 11110 | Accumulator: 0 | ALU_Result: x | Instr: fe | Data_Mem: xx | Wr_En: 0 | Mux_Sel: 0 | PC_En: 1 | SKZ: 0 | JMP: 1 | LDA: 0 | ld_ac: 0 | alu_enable: 0
Time: 85000 | PC_out: 30 | Opcode: 111 | Operand: 11110 | Accumulator: 0 | ALU_Result: x | Instr: fe | Data_Mem: xx | Wr_En: 0 | Mux_Sel: 1 | PC_En: 1 | SKZ: 0 | JMP: 1 | LDA: 0 | ld_ac: 0 | alu_enable: 0
Time: 95000 | PC_out: 30 | Opcode: 111 | Operand: 11110 | Accumulator: 0 | ALU_Result: x | Instr: fe | Data_Mem: xx | Wr_En: 0 | Mux_Sel: 1 | PC_En: 0 | SKZ: 0 | JMP: 0 | LDA: 0 | ld_ac: 0 | alu_enable: 0
Time: 115000 | PC_out: 30 | Opcode: 111 | Operand: 11110 | Accumulator: 0 | ALU_Result: x | Instr: e3 | Data_Mem: xx | Wr_En: 0 | Mux_Sel: 1 | PC_En: 0 | SKZ: 0 | JMP: 0 | LDA: 0 | ld_ac: 0 | alu_enable: 0
Time: 125000 | PC_out: 30 | Opcode: 111 | Operand: 00011 | Accumulator: 0 | ALU_Result: x | Instr: e3 | Data_Mem: xx | Wr_En: 0 | Mux_Sel: 1 | PC_En: 0 | SKZ: 0 | JMP: 0 | LDA: 0 | ld_ac: 0 | alu_enable: 0
Time: 135000 | PC_out: 30 | Opcode: 111 | Operand: 00011 | Accumulator: 0 | ALU_Result: x | Instr: e3 | Data_Mem: xx | Wr_En: 0 | Mux_Sel: 0 | PC_En: 0 | SKZ: 0 | JMP: 0 | LDA: 0 | ld_ac: 0 | alu_enable: 0
Time: 155000 | PC_out: 30 | Opcode: 111 | Operand: 00011 | Accumulator: 0 | ALU_Result: x | Instr: e3 | Data_Mem: 00 | Wr_En: 0 | Mux_Sel: 0 | PC_En: 1 | SKZ: 0 | JMP: 1 | LDA: 0 | ld_ac: 0 | alu_enable: 0
Time: 165000 | PC_out: 3 | Opcode: 111 | Operand: 00011 | Accumulator: 0 | ALU_Result: x | Instr: e3 | Data_Mem: 00 | Wr_En: 0 | Mux_Sel: 1 | PC_En: 1 | SKZ: 0 | JMP: 1 | LDA: 0 | ld_ac: 0 | alu_enable: 0
Time: 175000 | PC_out: 3 | Opcode: 111 | Operand: 00011 | Accumulator: 0 | ALU_Result: x | Instr: e3 | Data_Mem: 00 | Wr_En: 0 | Mux_Sel: 1 | PC_En: 0 | SKZ: 0 | JMP: 0 | LDA: 0 | ld_ac: 0 | alu_enable: 0
Time: 195000 | PC_out: 3 | Opcode: 111 | Operand: 00011 | Accumulator: 0 | ALU_Result: x | Instr: ba | Data_Mem: 00 | Wr_En: 0 | Mux_Sel: 1 | PC_En: 0 | SKZ: 0 | JMP: 0 | LDA: 0 | ld_ac: 0 | alu_enable: 0
Time: 205000 | PC_out: 3 | Opcode: 101 | Operand: 11010 | Accumulator: 0 | ALU_Result: x | Instr: ba | Data_Mem: 00 | Wr_En: 0 | Mux_Sel: 1 | PC_En: 0 | SKZ: 0 | JMP: 0 | LDA: 0 | ld_ac: 0 | alu_enable: 0
Time: 215000 | PC_out: 3 | Opcode: 101 | Operand: 11010 | Accumulator: 0 | ALU_Result: x | Instr: ba | Data_Mem: 00 | Wr_En: 0 | Mux_Sel: 0 | PC_En: 0 | SKZ: 0 | JMP: 0 | LDA: 0 | ld_ac: 0 | alu_enable: 0
Time: 225000 | PC_out: 3 | Opcode: 101 | Operand: 11010 | Accumulator: 0 | ALU_Result: x | Instr: ba | Data_Mem: 00 | Wr_En: 0 | Mux_Sel: 0 | PC_En: 0 | SKZ: 0 | JMP: 0 | LDA: 0 | ld_ac: 0 | alu_enable: 1
Time: 235000 | PC_out: 3 | Opcode: 101 | Operand: 11010 | Accumulator: 0 | ALU_Result: 0 | Instr: ba | Data_Mem: 00 | Wr_En: 0 | Mux_Sel: 0 | PC_En: 0 | SKZ: 0 | JMP: 0 | LDA: 0 | ld_ac: 0 | alu_enable: 1
Time: 245000 | PC_out: 3 | Opcode: 101 | Operand: 11010 | Accumulator: 0 | ALU_Result: 0 | Instr: ba | Data_Mem: 00 | Wr_En: 0 | Mux_Sel: 1 | PC_En: 1 | SKZ: 0 | JMP: 0 | LDA: 0 | ld_ac: 1 | alu_enable: 0
Time: 255000 | PC_out: 4 | Opcode: 101 | Operand: 11010 | Accumulator: 0 | ALU_Result: 0 | Instr: ba | Data_Mem: 00 | Wr_En: 0 | Mux_Sel: 1 | PC_En: 0 | SKZ: 0 | JMP: 0 | LDA: 0 | ld_ac: 0 | alu_enable: 0
Time: 275000 | PC_out: 4 | Opcode: 101 | Operand: 11010 | Accumulator: 0 | ALU_Result: 0 | Instr: 20 | Data_Mem: 00 | Wr_En: 0 | Mux_Sel: 1 | PC_En: 0 | SKZ: 0 | JMP: 0 | LDA: 0 | ld_ac: 0 | alu_enable: 0
Time: 285000 | PC_out: 4 | Opcode: 001 | Operand: 00000 | Accumulator: 0 | ALU_Result: 0 | Instr: 20 | Data_Mem: 00 | Wr_En: 0 | Mux_Sel: 1 | PC_En: 0 | SKZ: 0 | JMP: 0 | LDA: 0 | ld_ac: 0 | alu_enable: 0
Time: 295000 | PC_out: 4 | Opcode: 001 | Operand: 00000 | Accumulator: 0 | ALU_Result: 0 | Instr: 20 | Data_Mem: 00 | Wr_En: 0 | Mux_Sel: 0 | PC_En: 0 | SKZ: 1 | JMP: 0 | LDA: 0 | ld_ac: 0 | alu_enable: 0
Time: 315000 | PC_out: 4 | Opcode: 001 | Operand: 00000 | Accumulator: 0 | ALU_Result: 0 | Instr: 20 | Data_Mem: 00 | Wr_En: 0 | Mux_Sel: 0 | PC_En: 1 | SKZ: 1 | JMP: 0 | LDA: 0 | ld_ac: 0 | alu_enable: 0
Time: 325000 | PC_out: 6 | Opcode: 001 | Operand: 00000 | Accumulator: 0 | ALU_Result: 0 | Instr: 20 | Data_Mem: 00 | Wr_En: 0 | Mux_Sel: 1 | PC_En: 1 | SKZ: 0 | JMP: 0 | LDA: 0 | ld_ac: 0 | alu_enable: 0
Time: 335000 | PC_out: 7 | Opcode: 001 | Operand: 00000 | Accumulator: 0 | ALU_Result: 0 | Instr: 20 | Data_Mem: 00 | Wr_En: 0 | Mux_Sel: 1 | PC_En: 0 | SKZ: 0 | JMP: 0 | LDA: 0 | ld_ac: 0 | alu_enable: 0
Time: 375000 | PC_out: 7 | Opcode: 001 | Operand: 00000 | Accumulator: 0 | ALU_Result: 0 | Instr: 20 | Data_Mem: 00 | Wr_En: 0 | Mux_Sel: 0 | PC_En: 0 | SKZ: 1 | JMP: 0 | LDA: 0 | ld_ac: 0 | alu_enable: 0
Time: 395000 | PC_out: 7 | Opcode: 001 | Operand: 00000 | Accumulator: 0 | ALU_Result: 0 | Instr: 20 | Data_Mem: 00 | Wr_En: 0 | Mux_Sel: 0 | PC_En: 1 | SKZ: 1 | JMP: 0 | LDA: 0 | ld_ac: 0 | alu_enable: 0
Time: 405000 | PC_out: 9 | Opcode: 001 | Operand: 00000 | Accumulator: 0 | ALU_Result: 0 | Instr: 20 | Data_Mem: 00 | Wr_En: 0 | Mux_Sel: 1 | PC_En: 1 | SKZ: 0 | JMP: 0 | LDA: 0 | ld_ac: 0 | alu_enable: 0
Time: 415000 | PC_out: 10 | Opcode: 001 | Operand: 00000 | Accumulator: 0 | ALU_Result: 0 | Instr: 20 | Data_Mem: 00 | Wr_En: 0 | Mux_Sel: 1 | PC_En: 0 | SKZ: 0 | JMP: 0 | LDA: 0 | ld_ac: 0 | alu_enable: 0
Time: 435000 | PC_out: 10 | Opcode: 001 | Operand: 00000 | Accumulator: 0 | ALU_Result: 0 | Instr: dc | Data_Mem: 00 | Wr_En: 0 | Mux_Sel: 1 | PC_En: 0 | SKZ: 0 | JMP: 0 | LDA: 0 | ld_ac: 0 | alu_enable: 0
Time: 445000 | PC_out: 10 | Opcode: 110 | Operand: 11100 | Accumulator: 0 | ALU_Result: 0 | Instr: dc | Data_Mem: 00 | Wr_En: 0 | Mux_Sel: 1 | PC_En: 0 | SKZ: 0 | JMP: 0 | LDA: 0 | ld_ac: 0 | alu_enable: 0
Time: 455000 | PC_out: 10 | Opcode: 110 | Operand: 11100 | Accumulator: 0 | ALU_Result: 0 | Instr: dc | Data_Mem: 00 | Wr_En: 0 | Mux_Sel: 0 | PC_En: 0 | SKZ: 0 | JMP: 0 | LDA: 0 | ld_ac: 0 | alu_enable: 0
Time: 475000 | PC_out: 10 | Opcode: 110 | Operand: 11100 | Accumulator: 0 | ALU_Result: 0 | Instr: dc | Data_Mem: aa | Wr_En: 0 | Mux_Sel: 0 | PC_En: 0 | SKZ: 0 | JMP: 0 | LDA: 0 | ld_ac: 0 | alu_enable: 0
Time: 485000 | PC_out: 10 | Opcode: 110 | Operand: 11100 | Accumulator: 0 | ALU_Result: 0 | Instr: dc | Data_Mem: 00 | Wr_En: 1 | Mux_Sel: 1 | PC_En: 1 | SKZ: 0 | JMP: 0 | LDA: 0 | ld_ac: 0 | alu_enable: 0
Time: 495000 | PC_out: 11 | Opcode: 110 | Operand: 11100 | Accumulator: 0 | ALU_Result: 0 | Instr: dc | Data_Mem: aa | Wr_En: 0 | Mux_Sel: 1 | PC_En: 0 | SKZ: 0 | JMP: 0 | LDA: 0 | ld_ac: 0 | alu_enable: 0
Time: 505000 | PC_out: 11 | Opcode: 110 | Operand: 11100 | Accumulator: 0 | ALU_Result: 0 | Instr: dc | Data_Mem: 00 | Wr_En: 0 | Mux_Sel: 1 | PC_En: 0 | SKZ: 0 | JMP: 0 | LDA: 0 | ld_ac: 0 | alu_enable: 0
Time: 515000 | PC_out: 11 | Opcode: 110 | Operand: 11100 | Accumulator: 0 | ALU_Result: 0 | Instr: ba | Data_Mem: 00 | Wr_En: 0 | Mux_Sel: 1 | PC_En: 0 | SKZ: 0 | JMP: 0 | LDA: 0 | ld_ac: 0 | alu_enable: 0
Time: 525000 | PC_out: 11 | Opcode: 101 | Operand: 11010 | Accumulator: 0 | ALU_Result: 0 | Instr: ba | Data_Mem: 00 | Wr_En: 0 | Mux_Sel: 1 | PC_En: 0 | SKZ: 0 | JMP: 0 | LDA: 0 | ld_ac: 0 | alu_enable: 0
Time: 535000 | PC_out: 11 | Opcode: 101 | Operand: 11010 | Accumulator: 0 | ALU_Result: 0 | Instr: ba | Data_Mem: 00 | Wr_En: 0 | Mux_Sel: 0 | PC_En: 0 | SKZ: 0 | JMP: 0 | LDA: 0 | ld_ac: 0 | alu_enable: 0
Time: 545000 | PC_out: 11 | Opcode: 101 | Operand: 11010 | Accumulator: 0 | ALU_Result: 0 | Instr: ba | Data_Mem: 00 | Wr_En: 0 | Mux_Sel: 0 | PC_En: 0 | SKZ: 0 | JMP: 0 | LDA: 0 | ld_ac: 0 | alu_enable: 1
Time: 565000 | PC_out: 11 | Opcode: 101 | Operand: 11010 | Accumulator: 0 | ALU_Result: 0 | Instr: ba | Data_Mem: 00 | Wr_En: 0 | Mux_Sel: 1 | PC_En: 1 | SKZ: 0 | JMP: 0 | LDA: 0 | ld_ac: 1 | alu_enable: 0
Time: 575000 | PC_out: 12 | Opcode: 101 | Operand: 11010 | Accumulator: 0 | ALU_Result: 0 | Instr: ba | Data_Mem: 00 | Wr_En: 0 | Mux_Sel: 1 | PC_En: 0 | SKZ: 0 | JMP: 0 | LDA: 0 | ld_ac: 0 | alu_enable: 0
Time: 595000 | PC_out: 12 | Opcode: 101 | Operand: 11010 | Accumulator: 0 | ALU_Result: 0 | Instr: dc | Data_Mem: 00 | Wr_En: 0 | Mux_Sel: 1 | PC_En: 0 | SKZ: 0 | JMP: 0 | LDA: 0 | ld_ac: 0 | alu_enable: 0
Time: 605000 | PC_out: 12 | Opcode: 110 | Operand: 11100 | Accumulator: 0 | ALU_Result: 0 | Instr: dc | Data_Mem: 00 | Wr_En: 0 | Mux_Sel: 1 | PC_En: 0 | SKZ: 0 | JMP: 0 | LDA: 0 | ld_ac: 0 | alu_enable: 0
Time: 615000 | PC_out: 12 | Opcode: 110 | Operand: 11100 | Accumulator: 0 | ALU_Result: 0 | Instr: dc | Data_Mem: 00 | Wr_En: 0 | Mux_Sel: 0 | PC_En: 0 | SKZ: 0 | JMP: 0 | LDA: 0 | ld_ac: 0 | alu_enable: 0
Time: 645000 | PC_out: 12 | Opcode: 110 | Operand: 11100 | Accumulator: 0 | ALU_Result: 0 | Instr: dc | Data_Mem: 00 | Wr_En: 1 | Mux_Sel: 1 | PC_En: 1 | SKZ: 0 | JMP: 0 | LDA: 0 | ld_ac: 0 | alu_enable: 0
Time: 655000 | PC_out: 13 | Opcode: 110 | Operand: 11100 | Accumulator: 0 | ALU_Result: 0 | Instr: dc | Data_Mem: 00 | Wr_En: 0 | Mux_Sel: 1 | PC_En: 0 | SKZ: 0 | JMP: 0 | LDA: 0 | ld_ac: 0 | alu_enable: 0
Time: 675000 | PC_out: 13 | Opcode: 110 | Operand: 11100 | Accumulator: 0 | ALU_Result: 0 | Instr: bc | Data_Mem: 00 | Wr_En: 0 | Mux_Sel: 1 | PC_En: 0 | SKZ: 0 | JMP: 0 | LDA: 0 | ld_ac: 0 | alu_enable: 0
Time: 685000 | PC_out: 13 | Opcode: 101 | Operand: 11100 | Accumulator: 0 | ALU_Result: 0 | Instr: bc | Data_Mem: 00 | Wr_En: 0 | Mux_Sel: 1 | PC_En: 0 | SKZ: 0 | JMP: 0 | LDA: 0 | ld_ac: 0 | alu_enable: 0
Time: 695000 | PC_out: 13 | Opcode: 101 | Operand: 11100 | Accumulator: 0 | ALU_Result: 0 | Instr: bc | Data_Mem: 00 | Wr_En: 0 | Mux_Sel: 0 | PC_En: 0 | SKZ: 0 | JMP: 0 | LDA: 0 | ld_ac: 0 | alu_enable: 0
Time: 705000 | PC_out: 13 | Opcode: 101 | Operand: 11100 | Accumulator: 0 | ALU_Result: 0 | Instr: bc | Data_Mem: 00 | Wr_En: 0 | Mux_Sel: 0 | PC_En: 0 | SKZ: 0 | JMP: 0 | LDA: 0 | ld_ac: 0 | alu_enable: 1
Time: 725000 | PC_out: 13 | Opcode: 101 | Operand: 11100 | Accumulator: 0 | ALU_Result: 0 | Instr: bc | Data_Mem: 00 | Wr_En: 0 | Mux_Sel: 1 | PC_En: 1 | SKZ: 0 | JMP: 0 | LDA: 0 | ld_ac: 1 | alu_enable: 0
Time: 735000 | PC_out: 14 | Opcode: 101 | Operand: 11100 | Accumulator: 0 | ALU_Result: 0 | Instr: bc | Data_Mem: 00 | Wr_En: 0 | Mux_Sel: 1 | PC_En: 0 | SKZ: 0 | JMP: 0 | LDA: 0 | ld_ac: 0 | alu_enable: 0
Time: 755000 | PC_out: 14 | Opcode: 101 | Operand: 11100 | Accumulator: 0 | ALU_Result: 0 | Instr: 20 | Data_Mem: 00 | Wr_En: 0 | Mux_Sel: 1 | PC_En: 0 | SKZ: 0 | JMP: 0 | LDA: 0 | ld_ac: 0 | alu_enable: 0
Time: 765000 | PC_out: 14 | Opcode: 001 | Operand: 00000 | Accumulator: 0 | ALU_Result: 0 | Instr: 20 | Data_Mem: 00 | Wr_En: 0 | Mux_Sel: 1 | PC_En: 0 | SKZ: 0 | JMP: 0 | LDA: 0 | ld_ac: 0 | alu_enable: 0
Time: 775000 | PC_out: 14 | Opcode: 001 | Operand: 00000 | Accumulator: 0 | ALU_Result: 0 | Instr: 20 | Data_Mem: 00 | Wr_En: 0 | Mux_Sel: 0 | PC_En: 0 | SKZ: 1 | JMP: 0 | LDA: 0 | ld_ac: 0 | alu_enable: 0
Time: 795000 | PC_out: 14 | Opcode: 001 | Operand: 00000 | Accumulator: 0 | ALU_Result: 0 | Instr: 20 | Data_Mem: 00 | Wr_En: 0 | Mux_Sel: 0 | PC_En: 1 | SKZ: 1 | JMP: 0 | LDA: 0 | ld_ac: 0 | alu_enable: 0
Time: 805000 | PC_out: 16 | Opcode: 001 | Operand: 00000 | Accumulator: 0 | ALU_Result: 0 | Instr: 20 | Data_Mem: 00 | Wr_En: 0 | Mux_Sel: 1 | PC_En: 1 | SKZ: 0 | JMP: 0 | LDA: 0 | ld_ac: 0 | alu_enable: 0
Time: 815000 | PC_out: 17 | Opcode: 001 | Operand: 00000 | Accumulator: 0 | ALU_Result: 0 | Instr: 20 | Data_Mem: 00 | Wr_En: 0 | Mux_Sel: 1 | PC_En: 0 | SKZ: 0 | JMP: 0 | LDA: 0 | ld_ac: 0 | alu_enable: 0
Time: 855000 | PC_out: 17 | Opcode: 001 | Operand: 00000 | Accumulator: 0 | ALU_Result: 0 | Instr: 20 | Data_Mem: 00 | Wr_En: 0 | Mux_Sel: 0 | PC_En: 0 | SKZ: 1 | JMP: 0 | LDA: 0 | ld_ac: 0 | alu_enable: 0
Time: 875000 | PC_out: 17 | Opcode: 001 | Operand: 00000 | Accumulator: 0 | ALU_Result: 0 | Instr: 20 | Data_Mem: 00 | Wr_En: 0 | Mux_Sel: 0 | PC_En: 1 | SKZ: 1 | JMP: 0 | LDA: 0 | ld_ac: 0 | alu_enable: 0
Time: 885000 | PC_out: 19 | Opcode: 001 | Operand: 00000 | Accumulator: 0 | ALU_Result: 0 | Instr: 20 | Data_Mem: 00 | Wr_En: 0 | Mux_Sel: 1 | PC_En: 1 | SKZ: 0 | JMP: 0 | LDA: 0 | ld_ac: 0 | alu_enable: 0
Time: 895000 | PC_out: 20 | Opcode: 001 | Operand: 00000 | Accumulator: 0 | ALU_Result: 0 | Instr: 20 | Data_Mem: 00 | Wr_En: 0 | Mux_Sel: 1 | PC_En: 0 | SKZ: 0 | JMP: 0 | LDA: 0 | ld_ac: 0 | alu_enable: 0
Time: 915000 | PC_out: 20 | Opcode: 001 | Operand: 00000 | Accumulator: 0 | ALU_Result: 0 | Instr: 9b | Data_Mem: 00 | Wr_En: 0 | Mux_Sel: 1 | PC_En: 0 | SKZ: 0 | JMP: 0 | LDA: 0 | ld_ac: 0 | alu_enable: 0
Time: 925000 | PC_out: 20 | Opcode: 100 | Operand: 11011 | Accumulator: 0 | ALU_Result: 0 | Instr: 9b | Data_Mem: 00 | Wr_En: 0 | Mux_Sel: 1 | PC_En: 0 | SKZ: 0 | JMP: 0 | LDA: 0 | ld_ac: 0 | alu_enable: 0
Time: 935000 | PC_out: 20 | Opcode: 100 | Operand: 11011 | Accumulator: 0 | ALU_Result: 0 | Instr: 9b | Data_Mem: 00 | Wr_En: 0 | Mux_Sel: 0 | PC_En: 0 | SKZ: 0 | JMP: 0 | LDA: 0 | ld_ac: 0 | alu_enable: 1
Time: 955000 | PC_out: 20 | Opcode: 100 | Operand: 11011 | Accumulator: 0 | ALU_Result: 0 | Instr: 9b | Data_Mem: ff | Wr_En: 0 | Mux_Sel: 0 | PC_En: 0 | SKZ: 0 | JMP: 0 | LDA: 0 | ld_ac: 0 | alu_enable: 1
Time: 965000 | PC_out: 20 | Opcode: 100 | Operand: 11011 | Accumulator: 0 | ALU_Result: 255 | Instr: 9b | Data_Mem: ff | Wr_En: 0 | Mux_Sel: 1 | PC_En: 1 | SKZ: 0 | JMP: 0 | LDA: 0 | ld_ac: 1 | alu_enable: 0
Time: 975000 | PC_out: 21 | Opcode: 100 | Operand: 11011 | Accumulator: 255 | ALU_Result: 255 | Instr: 9b | Data_Mem: ff | Wr_En: 0 | Mux_Sel: 1 | PC_En: 0 | SKZ: 0 | JMP: 0 | LDA: 0 | ld_ac: 0 | alu_enable: 0
Time: 995000 | PC_out: 21 | Opcode: 100 | Operand: 11011 | Accumulator: 255 | ALU_Result: 255 | Instr: 20 | Data_Mem: ff | Wr_En: 0 | Mux_Sel: 1 | PC_En: 0 | SKZ: 0 | JMP: 0 | LDA: 0 | ld_ac: 0 | alu_enable: 0
INFO: [USF-XSim-96] XSim completed. Design snapshot 'RISC_CPU_tb_behav' loaded.
INFO: [USF-XSim-97] XSim simulation ran for 1000ns
launch_simulation: Time (s): cpu = 00:00:02 ; elapsed = 00:00:05 . Memory (MB): peak = 2721.336 ; gain = 0.000
close_sim
INFO: [Simtcl 6-16] Simulation closed
launch_simulation
Command: launch_simulation 
INFO: [Vivado 12-12493] Simulation top is 'RISC_CPU_tb'
WARNING: [Vivado 12-13340] Unable to auto find GCC executables from simulator install path! (path not set)
INFO: [Vivado 12-5682] Launching behavioral simulation in 'D:/Minh_Hung/L05_Group_2_BTL_TKVM/L05_Group_2_BTL_TKVM.sim/sim_1/behav/xsim'
INFO: [SIM-utils-51] Simulation object is 'sim_1'
INFO: [SIM-utils-72] Using boost library from 'D:/Vivado/2024.1/tps/boost_1_72_0'
INFO: [SIM-utils-54] Inspecting design source files for 'RISC_CPU_tb' in fileset 'sim_1'...
INFO: [SIM-utils-43] Exported 'D:/Minh_Hung/L05_Group_2_BTL_TKVM/L05_Group_2_BTL_TKVM.sim/sim_1/behav/xsim/data_init.mem'
INFO: [SIM-utils-43] Exported 'D:/Minh_Hung/L05_Group_2_BTL_TKVM/L05_Group_2_BTL_TKVM.sim/sim_1/behav/xsim/instruction_file.mem'
INFO: [USF-XSim-97] Finding global include files...
INFO: [USF-XSim-98] Fetching design files from 'sim_1'...
INFO: [USF-XSim-2] XSim::Compile design
INFO: [USF-XSim-61] Executing 'COMPILE and ANALYZE' step in 'D:/Minh_Hung/L05_Group_2_BTL_TKVM/L05_Group_2_BTL_TKVM.sim/sim_1/behav/xsim'
"xvlog --incr --relax -prj RISC_CPU_tb_vlog.prj"
INFO: [VRFC 10-2263] Analyzing Verilog file "D:/Minh_Hung/L05_Group_2_BTL_TKVM/L05_Group_2_BTL_TKVM.srcs/sources_1/new/ALU.v" into library xil_defaultlib
INFO: [VRFC 10-311] analyzing module ALU
INFO: [VRFC 10-2263] Analyzing Verilog file "D:/Minh_Hung/L05_Group_2_BTL_TKVM/L05_Group_2_BTL_TKVM.srcs/sources_1/new/Accumulator.v" into library xil_defaultlib
INFO: [VRFC 10-311] analyzing module Accumulator
INFO: [VRFC 10-2263] Analyzing Verilog file "D:/Minh_Hung/L05_Group_2_BTL_TKVM/L05_Group_2_BTL_TKVM.srcs/sources_1/new/Controller.v" into library xil_defaultlib
INFO: [VRFC 10-311] analyzing module Controller
INFO: [VRFC 10-2263] Analyzing Verilog file "D:/Minh_Hung/L05_Group_2_BTL_TKVM/L05_Group_2_BTL_TKVM.srcs/sources_1/new/DataMemory.v" into library xil_defaultlib
INFO: [VRFC 10-311] analyzing module dataMemory
INFO: [VRFC 10-2263] Analyzing Verilog file "D:/Minh_Hung/L05_Group_2_BTL_TKVM/L05_Group_2_BTL_TKVM.srcs/sources_1/new/Instruction_Memory.v" into library xil_defaultlib
INFO: [VRFC 10-311] analyzing module instructionMemory
INFO: [VRFC 10-2263] Analyzing Verilog file "D:/Minh_Hung/L05_Group_2_BTL_TKVM/L05_Group_2_BTL_TKVM.srcs/sources_1/new/Instruction_register.v" into library xil_defaultlib
INFO: [VRFC 10-311] analyzing module Instruction_Register
INFO: [VRFC 10-2263] Analyzing Verilog file "D:/Minh_Hung/L05_Group_2_BTL_TKVM/L05_Group_2_BTL_TKVM.srcs/sources_1/new/Program_counter.v" into library xil_defaultlib
INFO: [VRFC 10-311] analyzing module Program_counter
INFO: [VRFC 10-2263] Analyzing Verilog file "D:/Minh_Hung/L05_Group_2_BTL_TKVM/L05_Group_2_BTL_TKVM.srcs/sources_1/new/RISC_CPU.v" into library xil_defaultlib
INFO: [VRFC 10-311] analyzing module RISC_CPU
INFO: [VRFC 10-2263] Analyzing Verilog file "D:/Minh_Hung/L05_Group_2_BTL_TKVM/L05_Group_2_BTL_TKVM.srcs/sources_1/new/addr_mux.v" into library xil_defaultlib
INFO: [VRFC 10-311] analyzing module addr_mux
INFO: [VRFC 10-2263] Analyzing Verilog file "D:/Minh_Hung/L05_Group_2_BTL_TKVM/L05_Group_2_BTL_TKVM.srcs/sim_1/new/RISC_CPU_tb.v" into library xil_defaultlib
INFO: [VRFC 10-311] analyzing module RISC_CPU_tb
INFO: [USF-XSim-69] 'compile' step finished in '2' seconds
INFO: [USF-XSim-3] XSim::Elaborate design
INFO: [USF-XSim-61] Executing 'ELABORATE' step in 'D:/Minh_Hung/L05_Group_2_BTL_TKVM/L05_Group_2_BTL_TKVM.sim/sim_1/behav/xsim'
"xelab --incr --debug typical --relax --mt 2 -L xil_defaultlib -L unisims_ver -L unimacro_ver -L secureip --snapshot RISC_CPU_tb_behav xil_defaultlib.RISC_CPU_tb xil_defaultlib.glbl -log elaborate.log"
Vivado Simulator v2024.1
Copyright 1986-2022 Xilinx, Inc. All Rights Reserved.
Copyright 2022-2024 Advanced Micro Devices, Inc. All Rights Reserved.
Running: D:/Vivado/2024.1/bin/unwrapped/win64.o/xelab.exe --incr --debug typical --relax --mt 2 -L xil_defaultlib -L unisims_ver -L unimacro_ver -L secureip --snapshot RISC_CPU_tb_behav xil_defaultlib.RISC_CPU_tb xil_defaultlib.glbl -log elaborate.log 
Using 2 slave threads.
Starting static elaboration
Pass Through NonSizing Optimizer
Completed static elaboration
Starting simulation data flow analysis
WARNING: [XSIM 43-4099] "D:/Minh_Hung/L05_Group_2_BTL_TKVM/L05_Group_2_BTL_TKVM.srcs/sources_1/new/ALU.v" Line 1. Module ALU doesn't have a timescale but at least one module in design has a timescale.
WARNING: [XSIM 43-4099] "D:/Minh_Hung/L05_Group_2_BTL_TKVM/L05_Group_2_BTL_TKVM.srcs/sources_1/new/ALU.v" Line 1. Module ALU doesn't have a timescale but at least one module in design has a timescale.
Completed simulation data flow analysis
Time Resolution for simulation is 1ps
Compiling module xil_defaultlib.Controller
Compiling module xil_defaultlib.Program_counter
Compiling module xil_defaultlib.addr_mux
Compiling module xil_defaultlib.instructionMemory
Compiling module xil_defaultlib.Instruction_Register
Compiling module xil_defaultlib.dataMemory
Compiling module xil_defaultlib.ALU
Compiling module xil_defaultlib.Accumulator
Compiling module xil_defaultlib.RISC_CPU
Compiling module xil_defaultlib.RISC_CPU_tb
Compiling module xil_defaultlib.glbl
Built simulation snapshot RISC_CPU_tb_behav
INFO: [USF-XSim-69] 'elaborate' step finished in '2' seconds
INFO: [USF-XSim-4] XSim::Simulate design
INFO: [USF-XSim-61] Executing 'SIMULATE' step in 'D:/Minh_Hung/L05_Group_2_BTL_TKVM/L05_Group_2_BTL_TKVM.sim/sim_1/behav/xsim'
INFO: [USF-XSim-98] *** Running xsim
   with args "RISC_CPU_tb_behav -key {Behavioral:sim_1:Functional:RISC_CPU_tb} -tclbatch {RISC_CPU_tb.tcl} -log {simulate.log}"
INFO: [USF-XSim-8] Loading simulator feature
Time resolution is 1 ps
source RISC_CPU_tb.tcl
# set curr_wave [current_wave_config]
# if { [string length $curr_wave] == 0 } {
#   if { [llength [get_objects]] > 0} {
#     add_wave /
#     set_property needs_save false [current_wave_config]
#   } else {
#      send_msg_id Add_Wave-1 WARNING "No top level signals found. Simulator will start without a wave window. If you want to open a wave window go to 'File->New Waveform Configuration' or type 'create_wave_config' in the TCL console."
#   }
# }
# run 1000ns
Time: 0 | PC_out: 0 | Opcode: zzz | Operand: zzzzz | Accumulator: 0 | ALU_Result: x | Instr: xx | Data_Mem: xx | Wr_En: 0 | Mux_Sel: 0 | PC_En: 0 | SKZ: 0 | JMP: 0 | LDA: 0 | ld_ac: 0 | alu_enable: 0
Time: 15000 | PC_out: 0 | Opcode: zzz | Operand: zzzzz | Accumulator: 0 | ALU_Result: x | Instr: xx | Data_Mem: xx | Wr_En: 0 | Mux_Sel: 1 | PC_En: 0 | SKZ: 0 | JMP: 0 | LDA: 0 | ld_ac: 0 | alu_enable: 0
Time: 35000 | PC_out: 0 | Opcode: zzz | Operand: zzzzz | Accumulator: 0 | ALU_Result: x | Instr: fe | Data_Mem: xx | Wr_En: 0 | Mux_Sel: 1 | PC_En: 0 | SKZ: 0 | JMP: 0 | LDA: 0 | ld_ac: 0 | alu_enable: 0
Time: 45000 | PC_out: 0 | Opcode: 111 | Operand: 11110 | Accumulator: 0 | ALU_Result: x | Instr: fe | Data_Mem: xx | Wr_En: 0 | Mux_Sel: 1 | PC_En: 0 | SKZ: 0 | JMP: 0 | LDA: 0 | ld_ac: 0 | alu_enable: 0
Time: 55000 | PC_out: 0 | Opcode: 111 | Operand: 11110 | Accumulator: 0 | ALU_Result: x | Instr: fe | Data_Mem: xx | Wr_En: 0 | Mux_Sel: 0 | PC_En: 0 | SKZ: 0 | JMP: 0 | LDA: 0 | ld_ac: 0 | alu_enable: 0
Time: 75000 | PC_out: 0 | Opcode: 111 | Operand: 11110 | Accumulator: 0 | ALU_Result: x | Instr: fe | Data_Mem: xx | Wr_En: 0 | Mux_Sel: 0 | PC_En: 1 | SKZ: 0 | JMP: 1 | LDA: 0 | ld_ac: 0 | alu_enable: 0
Time: 85000 | PC_out: 30 | Opcode: 111 | Operand: 11110 | Accumulator: 0 | ALU_Result: x | Instr: fe | Data_Mem: xx | Wr_En: 0 | Mux_Sel: 1 | PC_En: 1 | SKZ: 0 | JMP: 1 | LDA: 0 | ld_ac: 0 | alu_enable: 0
Time: 95000 | PC_out: 30 | Opcode: 111 | Operand: 11110 | Accumulator: 0 | ALU_Result: x | Instr: fe | Data_Mem: xx | Wr_En: 0 | Mux_Sel: 1 | PC_En: 0 | SKZ: 0 | JMP: 0 | LDA: 0 | ld_ac: 0 | alu_enable: 0
Time: 115000 | PC_out: 30 | Opcode: 111 | Operand: 11110 | Accumulator: 0 | ALU_Result: x | Instr: e3 | Data_Mem: xx | Wr_En: 0 | Mux_Sel: 1 | PC_En: 0 | SKZ: 0 | JMP: 0 | LDA: 0 | ld_ac: 0 | alu_enable: 0
Time: 125000 | PC_out: 30 | Opcode: 111 | Operand: 00011 | Accumulator: 0 | ALU_Result: x | Instr: e3 | Data_Mem: xx | Wr_En: 0 | Mux_Sel: 1 | PC_En: 0 | SKZ: 0 | JMP: 0 | LDA: 0 | ld_ac: 0 | alu_enable: 0
Time: 135000 | PC_out: 30 | Opcode: 111 | Operand: 00011 | Accumulator: 0 | ALU_Result: x | Instr: e3 | Data_Mem: xx | Wr_En: 0 | Mux_Sel: 0 | PC_En: 0 | SKZ: 0 | JMP: 0 | LDA: 0 | ld_ac: 0 | alu_enable: 0
Time: 155000 | PC_out: 30 | Opcode: 111 | Operand: 00011 | Accumulator: 0 | ALU_Result: x | Instr: e3 | Data_Mem: 00 | Wr_En: 0 | Mux_Sel: 0 | PC_En: 1 | SKZ: 0 | JMP: 1 | LDA: 0 | ld_ac: 0 | alu_enable: 0
Time: 165000 | PC_out: 3 | Opcode: 111 | Operand: 00011 | Accumulator: 0 | ALU_Result: x | Instr: e3 | Data_Mem: 00 | Wr_En: 0 | Mux_Sel: 1 | PC_En: 1 | SKZ: 0 | JMP: 1 | LDA: 0 | ld_ac: 0 | alu_enable: 0
Time: 175000 | PC_out: 3 | Opcode: 111 | Operand: 00011 | Accumulator: 0 | ALU_Result: x | Instr: e3 | Data_Mem: 00 | Wr_En: 0 | Mux_Sel: 1 | PC_En: 0 | SKZ: 0 | JMP: 0 | LDA: 0 | ld_ac: 0 | alu_enable: 0
Time: 195000 | PC_out: 3 | Opcode: 111 | Operand: 00011 | Accumulator: 0 | ALU_Result: x | Instr: ba | Data_Mem: 00 | Wr_En: 0 | Mux_Sel: 1 | PC_En: 0 | SKZ: 0 | JMP: 0 | LDA: 0 | ld_ac: 0 | alu_enable: 0
Time: 205000 | PC_out: 3 | Opcode: 101 | Operand: 11010 | Accumulator: 0 | ALU_Result: x | Instr: ba | Data_Mem: 00 | Wr_En: 0 | Mux_Sel: 1 | PC_En: 0 | SKZ: 0 | JMP: 0 | LDA: 0 | ld_ac: 0 | alu_enable: 0
Time: 215000 | PC_out: 3 | Opcode: 101 | Operand: 11010 | Accumulator: 0 | ALU_Result: x | Instr: ba | Data_Mem: 00 | Wr_En: 0 | Mux_Sel: 0 | PC_En: 0 | SKZ: 0 | JMP: 0 | LDA: 0 | ld_ac: 0 | alu_enable: 0
Time: 225000 | PC_out: 3 | Opcode: 101 | Operand: 11010 | Accumulator: 0 | ALU_Result: x | Instr: ba | Data_Mem: 00 | Wr_En: 0 | Mux_Sel: 0 | PC_En: 0 | SKZ: 0 | JMP: 0 | LDA: 0 | ld_ac: 0 | alu_enable: 1
Time: 235000 | PC_out: 3 | Opcode: 101 | Operand: 11010 | Accumulator: 0 | ALU_Result: 0 | Instr: ba | Data_Mem: 00 | Wr_En: 0 | Mux_Sel: 0 | PC_En: 0 | SKZ: 0 | JMP: 0 | LDA: 0 | ld_ac: 0 | alu_enable: 1
Time: 245000 | PC_out: 3 | Opcode: 101 | Operand: 11010 | Accumulator: 0 | ALU_Result: 0 | Instr: ba | Data_Mem: 00 | Wr_En: 0 | Mux_Sel: 1 | PC_En: 1 | SKZ: 0 | JMP: 0 | LDA: 0 | ld_ac: 1 | alu_enable: 0
Time: 255000 | PC_out: 4 | Opcode: 101 | Operand: 11010 | Accumulator: 0 | ALU_Result: 0 | Instr: ba | Data_Mem: 00 | Wr_En: 0 | Mux_Sel: 1 | PC_En: 0 | SKZ: 0 | JMP: 0 | LDA: 0 | ld_ac: 0 | alu_enable: 0
Time: 275000 | PC_out: 4 | Opcode: 101 | Operand: 11010 | Accumulator: 0 | ALU_Result: 0 | Instr: 20 | Data_Mem: 00 | Wr_En: 0 | Mux_Sel: 1 | PC_En: 0 | SKZ: 0 | JMP: 0 | LDA: 0 | ld_ac: 0 | alu_enable: 0
Time: 285000 | PC_out: 4 | Opcode: 001 | Operand: 00000 | Accumulator: 0 | ALU_Result: 0 | Instr: 20 | Data_Mem: 00 | Wr_En: 0 | Mux_Sel: 1 | PC_En: 0 | SKZ: 0 | JMP: 0 | LDA: 0 | ld_ac: 0 | alu_enable: 0
Time: 295000 | PC_out: 4 | Opcode: 001 | Operand: 00000 | Accumulator: 0 | ALU_Result: 0 | Instr: 20 | Data_Mem: 00 | Wr_En: 0 | Mux_Sel: 0 | PC_En: 0 | SKZ: 1 | JMP: 0 | LDA: 0 | ld_ac: 0 | alu_enable: 0
Time: 315000 | PC_out: 4 | Opcode: 001 | Operand: 00000 | Accumulator: 0 | ALU_Result: 0 | Instr: 20 | Data_Mem: 00 | Wr_En: 0 | Mux_Sel: 0 | PC_En: 1 | SKZ: 1 | JMP: 0 | LDA: 0 | ld_ac: 0 | alu_enable: 0
Time: 325000 | PC_out: 6 | Opcode: 001 | Operand: 00000 | Accumulator: 0 | ALU_Result: 0 | Instr: 20 | Data_Mem: 00 | Wr_En: 0 | Mux_Sel: 1 | PC_En: 1 | SKZ: 0 | JMP: 0 | LDA: 0 | ld_ac: 0 | alu_enable: 0
Time: 335000 | PC_out: 7 | Opcode: 001 | Operand: 00000 | Accumulator: 0 | ALU_Result: 0 | Instr: 20 | Data_Mem: 00 | Wr_En: 0 | Mux_Sel: 1 | PC_En: 0 | SKZ: 0 | JMP: 0 | LDA: 0 | ld_ac: 0 | alu_enable: 0
Time: 375000 | PC_out: 7 | Opcode: 001 | Operand: 00000 | Accumulator: 0 | ALU_Result: 0 | Instr: 20 | Data_Mem: 00 | Wr_En: 0 | Mux_Sel: 0 | PC_En: 0 | SKZ: 1 | JMP: 0 | LDA: 0 | ld_ac: 0 | alu_enable: 0
Time: 395000 | PC_out: 7 | Opcode: 001 | Operand: 00000 | Accumulator: 0 | ALU_Result: 0 | Instr: 20 | Data_Mem: 00 | Wr_En: 0 | Mux_Sel: 0 | PC_En: 1 | SKZ: 1 | JMP: 0 | LDA: 0 | ld_ac: 0 | alu_enable: 0
Time: 405000 | PC_out: 9 | Opcode: 001 | Operand: 00000 | Accumulator: 0 | ALU_Result: 0 | Instr: 20 | Data_Mem: 00 | Wr_En: 0 | Mux_Sel: 1 | PC_En: 1 | SKZ: 0 | JMP: 0 | LDA: 0 | ld_ac: 0 | alu_enable: 0
Time: 415000 | PC_out: 10 | Opcode: 001 | Operand: 00000 | Accumulator: 0 | ALU_Result: 0 | Instr: 20 | Data_Mem: 00 | Wr_En: 0 | Mux_Sel: 1 | PC_En: 0 | SKZ: 0 | JMP: 0 | LDA: 0 | ld_ac: 0 | alu_enable: 0
Time: 435000 | PC_out: 10 | Opcode: 001 | Operand: 00000 | Accumulator: 0 | ALU_Result: 0 | Instr: dc | Data_Mem: 00 | Wr_En: 0 | Mux_Sel: 1 | PC_En: 0 | SKZ: 0 | JMP: 0 | LDA: 0 | ld_ac: 0 | alu_enable: 0
Time: 445000 | PC_out: 10 | Opcode: 110 | Operand: 11100 | Accumulator: 0 | ALU_Result: 0 | Instr: dc | Data_Mem: 00 | Wr_En: 0 | Mux_Sel: 1 | PC_En: 0 | SKZ: 0 | JMP: 0 | LDA: 0 | ld_ac: 0 | alu_enable: 0
Time: 455000 | PC_out: 10 | Opcode: 110 | Operand: 11100 | Accumulator: 0 | ALU_Result: 0 | Instr: dc | Data_Mem: 00 | Wr_En: 0 | Mux_Sel: 0 | PC_En: 0 | SKZ: 0 | JMP: 0 | LDA: 0 | ld_ac: 0 | alu_enable: 0
Time: 475000 | PC_out: 10 | Opcode: 110 | Operand: 11100 | Accumulator: 0 | ALU_Result: 0 | Instr: dc | Data_Mem: aa | Wr_En: 0 | Mux_Sel: 0 | PC_En: 0 | SKZ: 0 | JMP: 0 | LDA: 0 | ld_ac: 0 | alu_enable: 0
Time: 485000 | PC_out: 10 | Opcode: 110 | Operand: 11100 | Accumulator: 0 | ALU_Result: 0 | Instr: dc | Data_Mem: 00 | Wr_En: 1 | Mux_Sel: 1 | PC_En: 1 | SKZ: 0 | JMP: 0 | LDA: 0 | ld_ac: 0 | alu_enable: 0
Time: 495000 | PC_out: 11 | Opcode: 110 | Operand: 11100 | Accumulator: 0 | ALU_Result: 0 | Instr: dc | Data_Mem: aa | Wr_En: 0 | Mux_Sel: 1 | PC_En: 0 | SKZ: 0 | JMP: 0 | LDA: 0 | ld_ac: 0 | alu_enable: 0
Time: 505000 | PC_out: 11 | Opcode: 110 | Operand: 11100 | Accumulator: 0 | ALU_Result: 0 | Instr: dc | Data_Mem: 00 | Wr_En: 0 | Mux_Sel: 1 | PC_En: 0 | SKZ: 0 | JMP: 0 | LDA: 0 | ld_ac: 0 | alu_enable: 0
Time: 515000 | PC_out: 11 | Opcode: 110 | Operand: 11100 | Accumulator: 0 | ALU_Result: 0 | Instr: ba | Data_Mem: 00 | Wr_En: 0 | Mux_Sel: 1 | PC_En: 0 | SKZ: 0 | JMP: 0 | LDA: 0 | ld_ac: 0 | alu_enable: 0
Time: 525000 | PC_out: 11 | Opcode: 101 | Operand: 11010 | Accumulator: 0 | ALU_Result: 0 | Instr: ba | Data_Mem: 00 | Wr_En: 0 | Mux_Sel: 1 | PC_En: 0 | SKZ: 0 | JMP: 0 | LDA: 0 | ld_ac: 0 | alu_enable: 0
Time: 535000 | PC_out: 11 | Opcode: 101 | Operand: 11010 | Accumulator: 0 | ALU_Result: 0 | Instr: ba | Data_Mem: 00 | Wr_En: 0 | Mux_Sel: 0 | PC_En: 0 | SKZ: 0 | JMP: 0 | LDA: 0 | ld_ac: 0 | alu_enable: 0
Time: 545000 | PC_out: 11 | Opcode: 101 | Operand: 11010 | Accumulator: 0 | ALU_Result: 0 | Instr: ba | Data_Mem: 00 | Wr_En: 0 | Mux_Sel: 0 | PC_En: 0 | SKZ: 0 | JMP: 0 | LDA: 0 | ld_ac: 0 | alu_enable: 1
Time: 565000 | PC_out: 11 | Opcode: 101 | Operand: 11010 | Accumulator: 0 | ALU_Result: 0 | Instr: ba | Data_Mem: 00 | Wr_En: 0 | Mux_Sel: 1 | PC_En: 1 | SKZ: 0 | JMP: 0 | LDA: 0 | ld_ac: 1 | alu_enable: 0
Time: 575000 | PC_out: 12 | Opcode: 101 | Operand: 11010 | Accumulator: 0 | ALU_Result: 0 | Instr: ba | Data_Mem: 00 | Wr_En: 0 | Mux_Sel: 1 | PC_En: 0 | SKZ: 0 | JMP: 0 | LDA: 0 | ld_ac: 0 | alu_enable: 0
Time: 595000 | PC_out: 12 | Opcode: 101 | Operand: 11010 | Accumulator: 0 | ALU_Result: 0 | Instr: dc | Data_Mem: 00 | Wr_En: 0 | Mux_Sel: 1 | PC_En: 0 | SKZ: 0 | JMP: 0 | LDA: 0 | ld_ac: 0 | alu_enable: 0
Time: 605000 | PC_out: 12 | Opcode: 110 | Operand: 11100 | Accumulator: 0 | ALU_Result: 0 | Instr: dc | Data_Mem: 00 | Wr_En: 0 | Mux_Sel: 1 | PC_En: 0 | SKZ: 0 | JMP: 0 | LDA: 0 | ld_ac: 0 | alu_enable: 0
Time: 615000 | PC_out: 12 | Opcode: 110 | Operand: 11100 | Accumulator: 0 | ALU_Result: 0 | Instr: dc | Data_Mem: 00 | Wr_En: 0 | Mux_Sel: 0 | PC_En: 0 | SKZ: 0 | JMP: 0 | LDA: 0 | ld_ac: 0 | alu_enable: 0
Time: 645000 | PC_out: 12 | Opcode: 110 | Operand: 11100 | Accumulator: 0 | ALU_Result: 0 | Instr: dc | Data_Mem: 00 | Wr_En: 1 | Mux_Sel: 1 | PC_En: 1 | SKZ: 0 | JMP: 0 | LDA: 0 | ld_ac: 0 | alu_enable: 0
Time: 655000 | PC_out: 13 | Opcode: 110 | Operand: 11100 | Accumulator: 0 | ALU_Result: 0 | Instr: dc | Data_Mem: 00 | Wr_En: 0 | Mux_Sel: 1 | PC_En: 0 | SKZ: 0 | JMP: 0 | LDA: 0 | ld_ac: 0 | alu_enable: 0
Time: 675000 | PC_out: 13 | Opcode: 110 | Operand: 11100 | Accumulator: 0 | ALU_Result: 0 | Instr: bc | Data_Mem: 00 | Wr_En: 0 | Mux_Sel: 1 | PC_En: 0 | SKZ: 0 | JMP: 0 | LDA: 0 | ld_ac: 0 | alu_enable: 0
Time: 685000 | PC_out: 13 | Opcode: 101 | Operand: 11100 | Accumulator: 0 | ALU_Result: 0 | Instr: bc | Data_Mem: 00 | Wr_En: 0 | Mux_Sel: 1 | PC_En: 0 | SKZ: 0 | JMP: 0 | LDA: 0 | ld_ac: 0 | alu_enable: 0
Time: 695000 | PC_out: 13 | Opcode: 101 | Operand: 11100 | Accumulator: 0 | ALU_Result: 0 | Instr: bc | Data_Mem: 00 | Wr_En: 0 | Mux_Sel: 0 | PC_En: 0 | SKZ: 0 | JMP: 0 | LDA: 0 | ld_ac: 0 | alu_enable: 0
Time: 705000 | PC_out: 13 | Opcode: 101 | Operand: 11100 | Accumulator: 0 | ALU_Result: 0 | Instr: bc | Data_Mem: 00 | Wr_En: 0 | Mux_Sel: 0 | PC_En: 0 | SKZ: 0 | JMP: 0 | LDA: 0 | ld_ac: 0 | alu_enable: 1
Time: 725000 | PC_out: 13 | Opcode: 101 | Operand: 11100 | Accumulator: 0 | ALU_Result: 0 | Instr: bc | Data_Mem: 00 | Wr_En: 0 | Mux_Sel: 1 | PC_En: 1 | SKZ: 0 | JMP: 0 | LDA: 0 | ld_ac: 1 | alu_enable: 0
Time: 735000 | PC_out: 14 | Opcode: 101 | Operand: 11100 | Accumulator: 0 | ALU_Result: 0 | Instr: bc | Data_Mem: 00 | Wr_En: 0 | Mux_Sel: 1 | PC_En: 0 | SKZ: 0 | JMP: 0 | LDA: 0 | ld_ac: 0 | alu_enable: 0
Time: 755000 | PC_out: 14 | Opcode: 101 | Operand: 11100 | Accumulator: 0 | ALU_Result: 0 | Instr: 20 | Data_Mem: 00 | Wr_En: 0 | Mux_Sel: 1 | PC_En: 0 | SKZ: 0 | JMP: 0 | LDA: 0 | ld_ac: 0 | alu_enable: 0
Time: 765000 | PC_out: 14 | Opcode: 001 | Operand: 00000 | Accumulator: 0 | ALU_Result: 0 | Instr: 20 | Data_Mem: 00 | Wr_En: 0 | Mux_Sel: 1 | PC_En: 0 | SKZ: 0 | JMP: 0 | LDA: 0 | ld_ac: 0 | alu_enable: 0
Time: 775000 | PC_out: 14 | Opcode: 001 | Operand: 00000 | Accumulator: 0 | ALU_Result: 0 | Instr: 20 | Data_Mem: 00 | Wr_En: 0 | Mux_Sel: 0 | PC_En: 0 | SKZ: 1 | JMP: 0 | LDA: 0 | ld_ac: 0 | alu_enable: 0
Time: 795000 | PC_out: 14 | Opcode: 001 | Operand: 00000 | Accumulator: 0 | ALU_Result: 0 | Instr: 20 | Data_Mem: 00 | Wr_En: 0 | Mux_Sel: 0 | PC_En: 1 | SKZ: 1 | JMP: 0 | LDA: 0 | ld_ac: 0 | alu_enable: 0
Time: 805000 | PC_out: 16 | Opcode: 001 | Operand: 00000 | Accumulator: 0 | ALU_Result: 0 | Instr: 20 | Data_Mem: 00 | Wr_En: 0 | Mux_Sel: 1 | PC_En: 1 | SKZ: 0 | JMP: 0 | LDA: 0 | ld_ac: 0 | alu_enable: 0
Time: 815000 | PC_out: 17 | Opcode: 001 | Operand: 00000 | Accumulator: 0 | ALU_Result: 0 | Instr: 20 | Data_Mem: 00 | Wr_En: 0 | Mux_Sel: 1 | PC_En: 0 | SKZ: 0 | JMP: 0 | LDA: 0 | ld_ac: 0 | alu_enable: 0
Time: 855000 | PC_out: 17 | Opcode: 001 | Operand: 00000 | Accumulator: 0 | ALU_Result: 0 | Instr: 20 | Data_Mem: 00 | Wr_En: 0 | Mux_Sel: 0 | PC_En: 0 | SKZ: 1 | JMP: 0 | LDA: 0 | ld_ac: 0 | alu_enable: 0
Time: 875000 | PC_out: 17 | Opcode: 001 | Operand: 00000 | Accumulator: 0 | ALU_Result: 0 | Instr: 20 | Data_Mem: 00 | Wr_En: 0 | Mux_Sel: 0 | PC_En: 1 | SKZ: 1 | JMP: 0 | LDA: 0 | ld_ac: 0 | alu_enable: 0
Time: 885000 | PC_out: 19 | Opcode: 001 | Operand: 00000 | Accumulator: 0 | ALU_Result: 0 | Instr: 20 | Data_Mem: 00 | Wr_En: 0 | Mux_Sel: 1 | PC_En: 1 | SKZ: 0 | JMP: 0 | LDA: 0 | ld_ac: 0 | alu_enable: 0
Time: 895000 | PC_out: 20 | Opcode: 001 | Operand: 00000 | Accumulator: 0 | ALU_Result: 0 | Instr: 20 | Data_Mem: 00 | Wr_En: 0 | Mux_Sel: 1 | PC_En: 0 | SKZ: 0 | JMP: 0 | LDA: 0 | ld_ac: 0 | alu_enable: 0
Time: 915000 | PC_out: 20 | Opcode: 001 | Operand: 00000 | Accumulator: 0 | ALU_Result: 0 | Instr: 9b | Data_Mem: 00 | Wr_En: 0 | Mux_Sel: 1 | PC_En: 0 | SKZ: 0 | JMP: 0 | LDA: 0 | ld_ac: 0 | alu_enable: 0
Time: 925000 | PC_out: 20 | Opcode: 100 | Operand: 11011 | Accumulator: 0 | ALU_Result: 0 | Instr: 9b | Data_Mem: 00 | Wr_En: 0 | Mux_Sel: 1 | PC_En: 0 | SKZ: 0 | JMP: 0 | LDA: 0 | ld_ac: 0 | alu_enable: 0
Time: 935000 | PC_out: 20 | Opcode: 100 | Operand: 11011 | Accumulator: 0 | ALU_Result: 0 | Instr: 9b | Data_Mem: 00 | Wr_En: 0 | Mux_Sel: 0 | PC_En: 0 | SKZ: 0 | JMP: 0 | LDA: 0 | ld_ac: 0 | alu_enable: 1
Time: 955000 | PC_out: 20 | Opcode: 100 | Operand: 11011 | Accumulator: 0 | ALU_Result: 0 | Instr: 9b | Data_Mem: ff | Wr_En: 0 | Mux_Sel: 0 | PC_En: 0 | SKZ: 0 | JMP: 0 | LDA: 0 | ld_ac: 0 | alu_enable: 1
Time: 965000 | PC_out: 20 | Opcode: 100 | Operand: 11011 | Accumulator: 0 | ALU_Result: 255 | Instr: 9b | Data_Mem: ff | Wr_En: 0 | Mux_Sel: 1 | PC_En: 1 | SKZ: 0 | JMP: 0 | LDA: 0 | ld_ac: 1 | alu_enable: 0
Time: 975000 | PC_out: 21 | Opcode: 100 | Operand: 11011 | Accumulator: 255 | ALU_Result: 255 | Instr: 9b | Data_Mem: ff | Wr_En: 0 | Mux_Sel: 1 | PC_En: 0 | SKZ: 0 | JMP: 0 | LDA: 0 | ld_ac: 0 | alu_enable: 0
Time: 995000 | PC_out: 21 | Opcode: 100 | Operand: 11011 | Accumulator: 255 | ALU_Result: 255 | Instr: 20 | Data_Mem: ff | Wr_En: 0 | Mux_Sel: 1 | PC_En: 0 | SKZ: 0 | JMP: 0 | LDA: 0 | ld_ac: 0 | alu_enable: 0
INFO: [USF-XSim-96] XSim completed. Design snapshot 'RISC_CPU_tb_behav' loaded.
INFO: [USF-XSim-97] XSim simulation ran for 1000ns
launch_simulation: Time (s): cpu = 00:00:02 ; elapsed = 00:00:05 . Memory (MB): peak = 2721.336 ; gain = 0.000
close_sim
INFO: [Simtcl 6-16] Simulation closed
launch_simulation
Command: launch_simulation 
INFO: [Vivado 12-12493] Simulation top is 'RISC_CPU_tb'
WARNING: [Vivado 12-13340] Unable to auto find GCC executables from simulator install path! (path not set)
INFO: [Vivado 12-5682] Launching behavioral simulation in 'D:/Minh_Hung/L05_Group_2_BTL_TKVM/L05_Group_2_BTL_TKVM.sim/sim_1/behav/xsim'
INFO: [SIM-utils-51] Simulation object is 'sim_1'
INFO: [SIM-utils-72] Using boost library from 'D:/Vivado/2024.1/tps/boost_1_72_0'
INFO: [SIM-utils-54] Inspecting design source files for 'RISC_CPU_tb' in fileset 'sim_1'...
INFO: [SIM-utils-43] Exported 'D:/Minh_Hung/L05_Group_2_BTL_TKVM/L05_Group_2_BTL_TKVM.sim/sim_1/behav/xsim/data_init.mem'
INFO: [SIM-utils-43] Exported 'D:/Minh_Hung/L05_Group_2_BTL_TKVM/L05_Group_2_BTL_TKVM.sim/sim_1/behav/xsim/instruction_file.mem'
INFO: [USF-XSim-97] Finding global include files...
INFO: [USF-XSim-98] Fetching design files from 'sim_1'...
INFO: [USF-XSim-2] XSim::Compile design
INFO: [USF-XSim-61] Executing 'COMPILE and ANALYZE' step in 'D:/Minh_Hung/L05_Group_2_BTL_TKVM/L05_Group_2_BTL_TKVM.sim/sim_1/behav/xsim'
"xvlog --incr --relax -prj RISC_CPU_tb_vlog.prj"
INFO: [VRFC 10-2263] Analyzing Verilog file "D:/Minh_Hung/L05_Group_2_BTL_TKVM/L05_Group_2_BTL_TKVM.srcs/sources_1/new/ALU.v" into library xil_defaultlib
INFO: [VRFC 10-311] analyzing module ALU
INFO: [VRFC 10-2263] Analyzing Verilog file "D:/Minh_Hung/L05_Group_2_BTL_TKVM/L05_Group_2_BTL_TKVM.srcs/sources_1/new/Accumulator.v" into library xil_defaultlib
INFO: [VRFC 10-311] analyzing module Accumulator
INFO: [VRFC 10-2263] Analyzing Verilog file "D:/Minh_Hung/L05_Group_2_BTL_TKVM/L05_Group_2_BTL_TKVM.srcs/sources_1/new/Controller.v" into library xil_defaultlib
INFO: [VRFC 10-311] analyzing module Controller
INFO: [VRFC 10-2263] Analyzing Verilog file "D:/Minh_Hung/L05_Group_2_BTL_TKVM/L05_Group_2_BTL_TKVM.srcs/sources_1/new/DataMemory.v" into library xil_defaultlib
INFO: [VRFC 10-311] analyzing module dataMemory
INFO: [VRFC 10-2263] Analyzing Verilog file "D:/Minh_Hung/L05_Group_2_BTL_TKVM/L05_Group_2_BTL_TKVM.srcs/sources_1/new/Instruction_Memory.v" into library xil_defaultlib
INFO: [VRFC 10-311] analyzing module instructionMemory
INFO: [VRFC 10-2263] Analyzing Verilog file "D:/Minh_Hung/L05_Group_2_BTL_TKVM/L05_Group_2_BTL_TKVM.srcs/sources_1/new/Instruction_register.v" into library xil_defaultlib
INFO: [VRFC 10-311] analyzing module Instruction_Register
INFO: [VRFC 10-2263] Analyzing Verilog file "D:/Minh_Hung/L05_Group_2_BTL_TKVM/L05_Group_2_BTL_TKVM.srcs/sources_1/new/Program_counter.v" into library xil_defaultlib
INFO: [VRFC 10-311] analyzing module Program_counter
INFO: [VRFC 10-2263] Analyzing Verilog file "D:/Minh_Hung/L05_Group_2_BTL_TKVM/L05_Group_2_BTL_TKVM.srcs/sources_1/new/RISC_CPU.v" into library xil_defaultlib
INFO: [VRFC 10-311] analyzing module RISC_CPU
INFO: [VRFC 10-2263] Analyzing Verilog file "D:/Minh_Hung/L05_Group_2_BTL_TKVM/L05_Group_2_BTL_TKVM.srcs/sources_1/new/addr_mux.v" into library xil_defaultlib
INFO: [VRFC 10-311] analyzing module addr_mux
INFO: [VRFC 10-2263] Analyzing Verilog file "D:/Minh_Hung/L05_Group_2_BTL_TKVM/L05_Group_2_BTL_TKVM.srcs/sim_1/new/RISC_CPU_tb.v" into library xil_defaultlib
INFO: [VRFC 10-311] analyzing module RISC_CPU_tb
INFO: [USF-XSim-69] 'compile' step finished in '1' seconds
INFO: [USF-XSim-3] XSim::Elaborate design
INFO: [USF-XSim-61] Executing 'ELABORATE' step in 'D:/Minh_Hung/L05_Group_2_BTL_TKVM/L05_Group_2_BTL_TKVM.sim/sim_1/behav/xsim'
"xelab --incr --debug typical --relax --mt 2 -L xil_defaultlib -L unisims_ver -L unimacro_ver -L secureip --snapshot RISC_CPU_tb_behav xil_defaultlib.RISC_CPU_tb xil_defaultlib.glbl -log elaborate.log"
Vivado Simulator v2024.1
Copyright 1986-2022 Xilinx, Inc. All Rights Reserved.
Copyright 2022-2024 Advanced Micro Devices, Inc. All Rights Reserved.
Running: D:/Vivado/2024.1/bin/unwrapped/win64.o/xelab.exe --incr --debug typical --relax --mt 2 -L xil_defaultlib -L unisims_ver -L unimacro_ver -L secureip --snapshot RISC_CPU_tb_behav xil_defaultlib.RISC_CPU_tb xil_defaultlib.glbl -log elaborate.log 
Using 2 slave threads.
Starting static elaboration
Pass Through NonSizing Optimizer
Completed static elaboration
Starting simulation data flow analysis
WARNING: [XSIM 43-4099] "D:/Minh_Hung/L05_Group_2_BTL_TKVM/L05_Group_2_BTL_TKVM.srcs/sources_1/new/ALU.v" Line 1. Module ALU doesn't have a timescale but at least one module in design has a timescale.
WARNING: [XSIM 43-4099] "D:/Minh_Hung/L05_Group_2_BTL_TKVM/L05_Group_2_BTL_TKVM.srcs/sources_1/new/ALU.v" Line 1. Module ALU doesn't have a timescale but at least one module in design has a timescale.
Completed simulation data flow analysis
Time Resolution for simulation is 1ps
Compiling module xil_defaultlib.Controller
Compiling module xil_defaultlib.Program_counter
Compiling module xil_defaultlib.addr_mux
Compiling module xil_defaultlib.instructionMemory
Compiling module xil_defaultlib.Instruction_Register
Compiling module xil_defaultlib.dataMemory
Compiling module xil_defaultlib.ALU
Compiling module xil_defaultlib.Accumulator
Compiling module xil_defaultlib.RISC_CPU
Compiling module xil_defaultlib.RISC_CPU_tb
Compiling module xil_defaultlib.glbl
Built simulation snapshot RISC_CPU_tb_behav
INFO: [USF-XSim-69] 'elaborate' step finished in '2' seconds
INFO: [USF-XSim-4] XSim::Simulate design
INFO: [USF-XSim-61] Executing 'SIMULATE' step in 'D:/Minh_Hung/L05_Group_2_BTL_TKVM/L05_Group_2_BTL_TKVM.sim/sim_1/behav/xsim'
INFO: [USF-XSim-98] *** Running xsim
   with args "RISC_CPU_tb_behav -key {Behavioral:sim_1:Functional:RISC_CPU_tb} -tclbatch {RISC_CPU_tb.tcl} -log {simulate.log}"
INFO: [USF-XSim-8] Loading simulator feature
Time resolution is 1 ps
source RISC_CPU_tb.tcl
# set curr_wave [current_wave_config]
# if { [string length $curr_wave] == 0 } {
#   if { [llength [get_objects]] > 0} {
#     add_wave /
#     set_property needs_save false [current_wave_config]
#   } else {
#      send_msg_id Add_Wave-1 WARNING "No top level signals found. Simulator will start without a wave window. If you want to open a wave window go to 'File->New Waveform Configuration' or type 'create_wave_config' in the TCL console."
#   }
# }
# run 1000ns
Time: 0 | PC_out: 0 | Opcode: zzz | Operand: zzzzz | Accumulator: 0 | ALU_Result: x | Instr: xx | Data_Mem: xx | Wr_En: 0 | Mux_Sel: 0 | PC_En: 0 | SKZ: 0 | JMP: 0 | LDA: 0 | ld_ac: 0 | alu_enable: 0
Time: 15000 | PC_out: 0 | Opcode: zzz | Operand: zzzzz | Accumulator: 0 | ALU_Result: x | Instr: xx | Data_Mem: xx | Wr_En: 0 | Mux_Sel: 1 | PC_En: 0 | SKZ: 0 | JMP: 0 | LDA: 0 | ld_ac: 0 | alu_enable: 0
Time: 35000 | PC_out: 0 | Opcode: zzz | Operand: zzzzz | Accumulator: 0 | ALU_Result: x | Instr: fe | Data_Mem: xx | Wr_En: 0 | Mux_Sel: 1 | PC_En: 0 | SKZ: 0 | JMP: 0 | LDA: 0 | ld_ac: 0 | alu_enable: 0
Time: 45000 | PC_out: 0 | Opcode: 111 | Operand: 11110 | Accumulator: 0 | ALU_Result: x | Instr: fe | Data_Mem: xx | Wr_En: 0 | Mux_Sel: 1 | PC_En: 0 | SKZ: 0 | JMP: 0 | LDA: 0 | ld_ac: 0 | alu_enable: 0
Time: 55000 | PC_out: 0 | Opcode: 111 | Operand: 11110 | Accumulator: 0 | ALU_Result: x | Instr: fe | Data_Mem: xx | Wr_En: 0 | Mux_Sel: 0 | PC_En: 0 | SKZ: 0 | JMP: 0 | LDA: 0 | ld_ac: 0 | alu_enable: 0
Time: 75000 | PC_out: 0 | Opcode: 111 | Operand: 11110 | Accumulator: 0 | ALU_Result: x | Instr: fe | Data_Mem: xx | Wr_En: 0 | Mux_Sel: 0 | PC_En: 1 | SKZ: 0 | JMP: 1 | LDA: 0 | ld_ac: 0 | alu_enable: 0
Time: 85000 | PC_out: 30 | Opcode: 111 | Operand: 11110 | Accumulator: 0 | ALU_Result: x | Instr: fe | Data_Mem: xx | Wr_En: 0 | Mux_Sel: 1 | PC_En: 1 | SKZ: 0 | JMP: 1 | LDA: 0 | ld_ac: 0 | alu_enable: 0
Time: 95000 | PC_out: 30 | Opcode: 111 | Operand: 11110 | Accumulator: 0 | ALU_Result: x | Instr: fe | Data_Mem: xx | Wr_En: 0 | Mux_Sel: 1 | PC_En: 0 | SKZ: 0 | JMP: 0 | LDA: 0 | ld_ac: 0 | alu_enable: 0
Time: 115000 | PC_out: 30 | Opcode: 111 | Operand: 11110 | Accumulator: 0 | ALU_Result: x | Instr: e3 | Data_Mem: xx | Wr_En: 0 | Mux_Sel: 1 | PC_En: 0 | SKZ: 0 | JMP: 0 | LDA: 0 | ld_ac: 0 | alu_enable: 0
Time: 125000 | PC_out: 30 | Opcode: 111 | Operand: 00011 | Accumulator: 0 | ALU_Result: x | Instr: e3 | Data_Mem: xx | Wr_En: 0 | Mux_Sel: 1 | PC_En: 0 | SKZ: 0 | JMP: 0 | LDA: 0 | ld_ac: 0 | alu_enable: 0
Time: 135000 | PC_out: 30 | Opcode: 111 | Operand: 00011 | Accumulator: 0 | ALU_Result: x | Instr: e3 | Data_Mem: xx | Wr_En: 0 | Mux_Sel: 0 | PC_En: 0 | SKZ: 0 | JMP: 0 | LDA: 0 | ld_ac: 0 | alu_enable: 0
Time: 155000 | PC_out: 30 | Opcode: 111 | Operand: 00011 | Accumulator: 0 | ALU_Result: x | Instr: e3 | Data_Mem: 00 | Wr_En: 0 | Mux_Sel: 0 | PC_En: 1 | SKZ: 0 | JMP: 1 | LDA: 0 | ld_ac: 0 | alu_enable: 0
Time: 165000 | PC_out: 3 | Opcode: 111 | Operand: 00011 | Accumulator: 0 | ALU_Result: x | Instr: e3 | Data_Mem: 00 | Wr_En: 0 | Mux_Sel: 1 | PC_En: 1 | SKZ: 0 | JMP: 1 | LDA: 0 | ld_ac: 0 | alu_enable: 0
Time: 175000 | PC_out: 3 | Opcode: 111 | Operand: 00011 | Accumulator: 0 | ALU_Result: x | Instr: e3 | Data_Mem: 00 | Wr_En: 0 | Mux_Sel: 1 | PC_En: 0 | SKZ: 0 | JMP: 0 | LDA: 0 | ld_ac: 0 | alu_enable: 0
Time: 195000 | PC_out: 3 | Opcode: 111 | Operand: 00011 | Accumulator: 0 | ALU_Result: x | Instr: ba | Data_Mem: 00 | Wr_En: 0 | Mux_Sel: 1 | PC_En: 0 | SKZ: 0 | JMP: 0 | LDA: 0 | ld_ac: 0 | alu_enable: 0
Time: 205000 | PC_out: 3 | Opcode: 101 | Operand: 11010 | Accumulator: 0 | ALU_Result: x | Instr: ba | Data_Mem: 00 | Wr_En: 0 | Mux_Sel: 1 | PC_En: 0 | SKZ: 0 | JMP: 0 | LDA: 0 | ld_ac: 0 | alu_enable: 0
Time: 215000 | PC_out: 3 | Opcode: 101 | Operand: 11010 | Accumulator: 0 | ALU_Result: x | Instr: ba | Data_Mem: 00 | Wr_En: 0 | Mux_Sel: 0 | PC_En: 0 | SKZ: 0 | JMP: 0 | LDA: 0 | ld_ac: 0 | alu_enable: 0
Time: 225000 | PC_out: 3 | Opcode: 101 | Operand: 11010 | Accumulator: 0 | ALU_Result: x | Instr: ba | Data_Mem: 00 | Wr_En: 0 | Mux_Sel: 0 | PC_En: 0 | SKZ: 0 | JMP: 0 | LDA: 0 | ld_ac: 0 | alu_enable: 1
Time: 235000 | PC_out: 3 | Opcode: 101 | Operand: 11010 | Accumulator: 0 | ALU_Result: 0 | Instr: ba | Data_Mem: 00 | Wr_En: 0 | Mux_Sel: 0 | PC_En: 0 | SKZ: 0 | JMP: 0 | LDA: 0 | ld_ac: 0 | alu_enable: 1
Time: 245000 | PC_out: 3 | Opcode: 101 | Operand: 11010 | Accumulator: 0 | ALU_Result: 0 | Instr: ba | Data_Mem: 00 | Wr_En: 0 | Mux_Sel: 1 | PC_En: 1 | SKZ: 0 | JMP: 0 | LDA: 0 | ld_ac: 1 | alu_enable: 0
Time: 255000 | PC_out: 4 | Opcode: 101 | Operand: 11010 | Accumulator: 0 | ALU_Result: 0 | Instr: ba | Data_Mem: 00 | Wr_En: 0 | Mux_Sel: 1 | PC_En: 0 | SKZ: 0 | JMP: 0 | LDA: 0 | ld_ac: 0 | alu_enable: 0
Time: 275000 | PC_out: 4 | Opcode: 101 | Operand: 11010 | Accumulator: 0 | ALU_Result: 0 | Instr: 20 | Data_Mem: 00 | Wr_En: 0 | Mux_Sel: 1 | PC_En: 0 | SKZ: 0 | JMP: 0 | LDA: 0 | ld_ac: 0 | alu_enable: 0
Time: 285000 | PC_out: 4 | Opcode: 001 | Operand: 00000 | Accumulator: 0 | ALU_Result: 0 | Instr: 20 | Data_Mem: 00 | Wr_En: 0 | Mux_Sel: 1 | PC_En: 0 | SKZ: 0 | JMP: 0 | LDA: 0 | ld_ac: 0 | alu_enable: 0
Time: 295000 | PC_out: 4 | Opcode: 001 | Operand: 00000 | Accumulator: 0 | ALU_Result: 0 | Instr: 20 | Data_Mem: 00 | Wr_En: 0 | Mux_Sel: 0 | PC_En: 0 | SKZ: 1 | JMP: 0 | LDA: 0 | ld_ac: 0 | alu_enable: 0
Time: 315000 | PC_out: 4 | Opcode: 001 | Operand: 00000 | Accumulator: 0 | ALU_Result: 0 | Instr: 20 | Data_Mem: 00 | Wr_En: 0 | Mux_Sel: 0 | PC_En: 1 | SKZ: 1 | JMP: 0 | LDA: 0 | ld_ac: 0 | alu_enable: 0
Time: 325000 | PC_out: 6 | Opcode: 001 | Operand: 00000 | Accumulator: 0 | ALU_Result: 0 | Instr: 20 | Data_Mem: 00 | Wr_En: 0 | Mux_Sel: 1 | PC_En: 1 | SKZ: 0 | JMP: 0 | LDA: 0 | ld_ac: 0 | alu_enable: 0
Time: 335000 | PC_out: 7 | Opcode: 001 | Operand: 00000 | Accumulator: 0 | ALU_Result: 0 | Instr: 20 | Data_Mem: 00 | Wr_En: 0 | Mux_Sel: 1 | PC_En: 0 | SKZ: 0 | JMP: 0 | LDA: 0 | ld_ac: 0 | alu_enable: 0
Time: 375000 | PC_out: 7 | Opcode: 001 | Operand: 00000 | Accumulator: 0 | ALU_Result: 0 | Instr: 20 | Data_Mem: 00 | Wr_En: 0 | Mux_Sel: 0 | PC_En: 0 | SKZ: 1 | JMP: 0 | LDA: 0 | ld_ac: 0 | alu_enable: 0
Time: 395000 | PC_out: 7 | Opcode: 001 | Operand: 00000 | Accumulator: 0 | ALU_Result: 0 | Instr: 20 | Data_Mem: 00 | Wr_En: 0 | Mux_Sel: 0 | PC_En: 1 | SKZ: 1 | JMP: 0 | LDA: 0 | ld_ac: 0 | alu_enable: 0
Time: 405000 | PC_out: 9 | Opcode: 001 | Operand: 00000 | Accumulator: 0 | ALU_Result: 0 | Instr: 20 | Data_Mem: 00 | Wr_En: 0 | Mux_Sel: 1 | PC_En: 1 | SKZ: 0 | JMP: 0 | LDA: 0 | ld_ac: 0 | alu_enable: 0
Time: 415000 | PC_out: 10 | Opcode: 001 | Operand: 00000 | Accumulator: 0 | ALU_Result: 0 | Instr: 20 | Data_Mem: 00 | Wr_En: 0 | Mux_Sel: 1 | PC_En: 0 | SKZ: 0 | JMP: 0 | LDA: 0 | ld_ac: 0 | alu_enable: 0
Time: 435000 | PC_out: 10 | Opcode: 001 | Operand: 00000 | Accumulator: 0 | ALU_Result: 0 | Instr: dc | Data_Mem: 00 | Wr_En: 0 | Mux_Sel: 1 | PC_En: 0 | SKZ: 0 | JMP: 0 | LDA: 0 | ld_ac: 0 | alu_enable: 0
Time: 445000 | PC_out: 10 | Opcode: 110 | Operand: 11100 | Accumulator: 0 | ALU_Result: 0 | Instr: dc | Data_Mem: 00 | Wr_En: 0 | Mux_Sel: 1 | PC_En: 0 | SKZ: 0 | JMP: 0 | LDA: 0 | ld_ac: 0 | alu_enable: 0
Time: 455000 | PC_out: 10 | Opcode: 110 | Operand: 11100 | Accumulator: 0 | ALU_Result: 0 | Instr: dc | Data_Mem: 00 | Wr_En: 0 | Mux_Sel: 0 | PC_En: 0 | SKZ: 0 | JMP: 0 | LDA: 0 | ld_ac: 0 | alu_enable: 0
Time: 475000 | PC_out: 10 | Opcode: 110 | Operand: 11100 | Accumulator: 0 | ALU_Result: 0 | Instr: dc | Data_Mem: aa | Wr_En: 0 | Mux_Sel: 0 | PC_En: 0 | SKZ: 0 | JMP: 0 | LDA: 0 | ld_ac: 0 | alu_enable: 0
Time: 485000 | PC_out: 10 | Opcode: 110 | Operand: 11100 | Accumulator: 0 | ALU_Result: 0 | Instr: dc | Data_Mem: 00 | Wr_En: 1 | Mux_Sel: 1 | PC_En: 1 | SKZ: 0 | JMP: 0 | LDA: 0 | ld_ac: 0 | alu_enable: 0
Time: 495000 | PC_out: 11 | Opcode: 110 | Operand: 11100 | Accumulator: 0 | ALU_Result: 0 | Instr: dc | Data_Mem: aa | Wr_En: 0 | Mux_Sel: 1 | PC_En: 0 | SKZ: 0 | JMP: 0 | LDA: 0 | ld_ac: 0 | alu_enable: 0
Time: 505000 | PC_out: 11 | Opcode: 110 | Operand: 11100 | Accumulator: 0 | ALU_Result: 0 | Instr: dc | Data_Mem: 00 | Wr_En: 0 | Mux_Sel: 1 | PC_En: 0 | SKZ: 0 | JMP: 0 | LDA: 0 | ld_ac: 0 | alu_enable: 0
Time: 515000 | PC_out: 11 | Opcode: 110 | Operand: 11100 | Accumulator: 0 | ALU_Result: 0 | Instr: ba | Data_Mem: 00 | Wr_En: 0 | Mux_Sel: 1 | PC_En: 0 | SKZ: 0 | JMP: 0 | LDA: 0 | ld_ac: 0 | alu_enable: 0
Time: 525000 | PC_out: 11 | Opcode: 101 | Operand: 11010 | Accumulator: 0 | ALU_Result: 0 | Instr: ba | Data_Mem: 00 | Wr_En: 0 | Mux_Sel: 1 | PC_En: 0 | SKZ: 0 | JMP: 0 | LDA: 0 | ld_ac: 0 | alu_enable: 0
Time: 535000 | PC_out: 11 | Opcode: 101 | Operand: 11010 | Accumulator: 0 | ALU_Result: 0 | Instr: ba | Data_Mem: 00 | Wr_En: 0 | Mux_Sel: 0 | PC_En: 0 | SKZ: 0 | JMP: 0 | LDA: 0 | ld_ac: 0 | alu_enable: 0
Time: 545000 | PC_out: 11 | Opcode: 101 | Operand: 11010 | Accumulator: 0 | ALU_Result: 0 | Instr: ba | Data_Mem: 00 | Wr_En: 0 | Mux_Sel: 0 | PC_En: 0 | SKZ: 0 | JMP: 0 | LDA: 0 | ld_ac: 0 | alu_enable: 1
Time: 565000 | PC_out: 11 | Opcode: 101 | Operand: 11010 | Accumulator: 0 | ALU_Result: 0 | Instr: ba | Data_Mem: 00 | Wr_En: 0 | Mux_Sel: 1 | PC_En: 1 | SKZ: 0 | JMP: 0 | LDA: 0 | ld_ac: 1 | alu_enable: 0
Time: 575000 | PC_out: 12 | Opcode: 101 | Operand: 11010 | Accumulator: 0 | ALU_Result: 0 | Instr: ba | Data_Mem: 00 | Wr_En: 0 | Mux_Sel: 1 | PC_En: 0 | SKZ: 0 | JMP: 0 | LDA: 0 | ld_ac: 0 | alu_enable: 0
Time: 595000 | PC_out: 12 | Opcode: 101 | Operand: 11010 | Accumulator: 0 | ALU_Result: 0 | Instr: dc | Data_Mem: 00 | Wr_En: 0 | Mux_Sel: 1 | PC_En: 0 | SKZ: 0 | JMP: 0 | LDA: 0 | ld_ac: 0 | alu_enable: 0
Time: 605000 | PC_out: 12 | Opcode: 110 | Operand: 11100 | Accumulator: 0 | ALU_Result: 0 | Instr: dc | Data_Mem: 00 | Wr_En: 0 | Mux_Sel: 1 | PC_En: 0 | SKZ: 0 | JMP: 0 | LDA: 0 | ld_ac: 0 | alu_enable: 0
Time: 615000 | PC_out: 12 | Opcode: 110 | Operand: 11100 | Accumulator: 0 | ALU_Result: 0 | Instr: dc | Data_Mem: 00 | Wr_En: 0 | Mux_Sel: 0 | PC_En: 0 | SKZ: 0 | JMP: 0 | LDA: 0 | ld_ac: 0 | alu_enable: 0
Time: 645000 | PC_out: 12 | Opcode: 110 | Operand: 11100 | Accumulator: 0 | ALU_Result: 0 | Instr: dc | Data_Mem: 00 | Wr_En: 1 | Mux_Sel: 1 | PC_En: 1 | SKZ: 0 | JMP: 0 | LDA: 0 | ld_ac: 0 | alu_enable: 0
Time: 655000 | PC_out: 13 | Opcode: 110 | Operand: 11100 | Accumulator: 0 | ALU_Result: 0 | Instr: dc | Data_Mem: 00 | Wr_En: 0 | Mux_Sel: 1 | PC_En: 0 | SKZ: 0 | JMP: 0 | LDA: 0 | ld_ac: 0 | alu_enable: 0
Time: 675000 | PC_out: 13 | Opcode: 110 | Operand: 11100 | Accumulator: 0 | ALU_Result: 0 | Instr: bc | Data_Mem: 00 | Wr_En: 0 | Mux_Sel: 1 | PC_En: 0 | SKZ: 0 | JMP: 0 | LDA: 0 | ld_ac: 0 | alu_enable: 0
Time: 685000 | PC_out: 13 | Opcode: 101 | Operand: 11100 | Accumulator: 0 | ALU_Result: 0 | Instr: bc | Data_Mem: 00 | Wr_En: 0 | Mux_Sel: 1 | PC_En: 0 | SKZ: 0 | JMP: 0 | LDA: 0 | ld_ac: 0 | alu_enable: 0
Time: 695000 | PC_out: 13 | Opcode: 101 | Operand: 11100 | Accumulator: 0 | ALU_Result: 0 | Instr: bc | Data_Mem: 00 | Wr_En: 0 | Mux_Sel: 0 | PC_En: 0 | SKZ: 0 | JMP: 0 | LDA: 0 | ld_ac: 0 | alu_enable: 0
Time: 705000 | PC_out: 13 | Opcode: 101 | Operand: 11100 | Accumulator: 0 | ALU_Result: 0 | Instr: bc | Data_Mem: 00 | Wr_En: 0 | Mux_Sel: 0 | PC_En: 0 | SKZ: 0 | JMP: 0 | LDA: 0 | ld_ac: 0 | alu_enable: 1
Time: 725000 | PC_out: 13 | Opcode: 101 | Operand: 11100 | Accumulator: 0 | ALU_Result: 0 | Instr: bc | Data_Mem: 00 | Wr_En: 0 | Mux_Sel: 1 | PC_En: 1 | SKZ: 0 | JMP: 0 | LDA: 0 | ld_ac: 1 | alu_enable: 0
Time: 735000 | PC_out: 14 | Opcode: 101 | Operand: 11100 | Accumulator: 0 | ALU_Result: 0 | Instr: bc | Data_Mem: 00 | Wr_En: 0 | Mux_Sel: 1 | PC_En: 0 | SKZ: 0 | JMP: 0 | LDA: 0 | ld_ac: 0 | alu_enable: 0
Time: 755000 | PC_out: 14 | Opcode: 101 | Operand: 11100 | Accumulator: 0 | ALU_Result: 0 | Instr: 20 | Data_Mem: 00 | Wr_En: 0 | Mux_Sel: 1 | PC_En: 0 | SKZ: 0 | JMP: 0 | LDA: 0 | ld_ac: 0 | alu_enable: 0
Time: 765000 | PC_out: 14 | Opcode: 001 | Operand: 00000 | Accumulator: 0 | ALU_Result: 0 | Instr: 20 | Data_Mem: 00 | Wr_En: 0 | Mux_Sel: 1 | PC_En: 0 | SKZ: 0 | JMP: 0 | LDA: 0 | ld_ac: 0 | alu_enable: 0
Time: 775000 | PC_out: 14 | Opcode: 001 | Operand: 00000 | Accumulator: 0 | ALU_Result: 0 | Instr: 20 | Data_Mem: 00 | Wr_En: 0 | Mux_Sel: 0 | PC_En: 0 | SKZ: 1 | JMP: 0 | LDA: 0 | ld_ac: 0 | alu_enable: 0
Time: 795000 | PC_out: 14 | Opcode: 001 | Operand: 00000 | Accumulator: 0 | ALU_Result: 0 | Instr: 20 | Data_Mem: 00 | Wr_En: 0 | Mux_Sel: 0 | PC_En: 1 | SKZ: 1 | JMP: 0 | LDA: 0 | ld_ac: 0 | alu_enable: 0
Time: 805000 | PC_out: 16 | Opcode: 001 | Operand: 00000 | Accumulator: 0 | ALU_Result: 0 | Instr: 20 | Data_Mem: 00 | Wr_En: 0 | Mux_Sel: 1 | PC_En: 1 | SKZ: 0 | JMP: 0 | LDA: 0 | ld_ac: 0 | alu_enable: 0
Time: 815000 | PC_out: 17 | Opcode: 001 | Operand: 00000 | Accumulator: 0 | ALU_Result: 0 | Instr: 20 | Data_Mem: 00 | Wr_En: 0 | Mux_Sel: 1 | PC_En: 0 | SKZ: 0 | JMP: 0 | LDA: 0 | ld_ac: 0 | alu_enable: 0
Time: 855000 | PC_out: 17 | Opcode: 001 | Operand: 00000 | Accumulator: 0 | ALU_Result: 0 | Instr: 20 | Data_Mem: 00 | Wr_En: 0 | Mux_Sel: 0 | PC_En: 0 | SKZ: 1 | JMP: 0 | LDA: 0 | ld_ac: 0 | alu_enable: 0
Time: 875000 | PC_out: 17 | Opcode: 001 | Operand: 00000 | Accumulator: 0 | ALU_Result: 0 | Instr: 20 | Data_Mem: 00 | Wr_En: 0 | Mux_Sel: 0 | PC_En: 1 | SKZ: 1 | JMP: 0 | LDA: 0 | ld_ac: 0 | alu_enable: 0
Time: 885000 | PC_out: 19 | Opcode: 001 | Operand: 00000 | Accumulator: 0 | ALU_Result: 0 | Instr: 20 | Data_Mem: 00 | Wr_En: 0 | Mux_Sel: 1 | PC_En: 1 | SKZ: 0 | JMP: 0 | LDA: 0 | ld_ac: 0 | alu_enable: 0
Time: 895000 | PC_out: 20 | Opcode: 001 | Operand: 00000 | Accumulator: 0 | ALU_Result: 0 | Instr: 20 | Data_Mem: 00 | Wr_En: 0 | Mux_Sel: 1 | PC_En: 0 | SKZ: 0 | JMP: 0 | LDA: 0 | ld_ac: 0 | alu_enable: 0
Time: 915000 | PC_out: 20 | Opcode: 001 | Operand: 00000 | Accumulator: 0 | ALU_Result: 0 | Instr: 9b | Data_Mem: 00 | Wr_En: 0 | Mux_Sel: 1 | PC_En: 0 | SKZ: 0 | JMP: 0 | LDA: 0 | ld_ac: 0 | alu_enable: 0
Time: 925000 | PC_out: 20 | Opcode: 100 | Operand: 11011 | Accumulator: 0 | ALU_Result: 0 | Instr: 9b | Data_Mem: 00 | Wr_En: 0 | Mux_Sel: 1 | PC_En: 0 | SKZ: 0 | JMP: 0 | LDA: 0 | ld_ac: 0 | alu_enable: 0
Time: 935000 | PC_out: 20 | Opcode: 100 | Operand: 11011 | Accumulator: 0 | ALU_Result: 0 | Instr: 9b | Data_Mem: 00 | Wr_En: 0 | Mux_Sel: 0 | PC_En: 0 | SKZ: 0 | JMP: 0 | LDA: 0 | ld_ac: 0 | alu_enable: 1
Time: 955000 | PC_out: 20 | Opcode: 100 | Operand: 11011 | Accumulator: 0 | ALU_Result: 0 | Instr: 9b | Data_Mem: ff | Wr_En: 0 | Mux_Sel: 0 | PC_En: 0 | SKZ: 0 | JMP: 0 | LDA: 0 | ld_ac: 0 | alu_enable: 1
Time: 965000 | PC_out: 20 | Opcode: 100 | Operand: 11011 | Accumulator: 0 | ALU_Result: 255 | Instr: 9b | Data_Mem: ff | Wr_En: 0 | Mux_Sel: 1 | PC_En: 1 | SKZ: 0 | JMP: 0 | LDA: 0 | ld_ac: 1 | alu_enable: 0
Time: 975000 | PC_out: 21 | Opcode: 100 | Operand: 11011 | Accumulator: 255 | ALU_Result: 255 | Instr: 9b | Data_Mem: ff | Wr_En: 0 | Mux_Sel: 1 | PC_En: 0 | SKZ: 0 | JMP: 0 | LDA: 0 | ld_ac: 0 | alu_enable: 0
Time: 995000 | PC_out: 21 | Opcode: 100 | Operand: 11011 | Accumulator: 255 | ALU_Result: 255 | Instr: 20 | Data_Mem: ff | Wr_En: 0 | Mux_Sel: 1 | PC_En: 0 | SKZ: 0 | JMP: 0 | LDA: 0 | ld_ac: 0 | alu_enable: 0
INFO: [USF-XSim-96] XSim completed. Design snapshot 'RISC_CPU_tb_behav' loaded.
INFO: [USF-XSim-97] XSim simulation ran for 1000ns
launch_simulation: Time (s): cpu = 00:00:01 ; elapsed = 00:00:05 . Memory (MB): peak = 2721.336 ; gain = 0.000
close_sim
INFO: [Simtcl 6-16] Simulation closed
launch_simulation
Command: launch_simulation 
INFO: [Vivado 12-12493] Simulation top is 'RISC_CPU_tb'
WARNING: [Vivado 12-13340] Unable to auto find GCC executables from simulator install path! (path not set)
INFO: [Vivado 12-5682] Launching behavioral simulation in 'D:/Minh_Hung/L05_Group_2_BTL_TKVM/L05_Group_2_BTL_TKVM.sim/sim_1/behav/xsim'
INFO: [SIM-utils-51] Simulation object is 'sim_1'
INFO: [SIM-utils-72] Using boost library from 'D:/Vivado/2024.1/tps/boost_1_72_0'
INFO: [SIM-utils-54] Inspecting design source files for 'RISC_CPU_tb' in fileset 'sim_1'...
INFO: [SIM-utils-43] Exported 'D:/Minh_Hung/L05_Group_2_BTL_TKVM/L05_Group_2_BTL_TKVM.sim/sim_1/behav/xsim/data_init.mem'
INFO: [SIM-utils-43] Exported 'D:/Minh_Hung/L05_Group_2_BTL_TKVM/L05_Group_2_BTL_TKVM.sim/sim_1/behav/xsim/instruction_file.mem'
INFO: [USF-XSim-97] Finding global include files...
INFO: [USF-XSim-98] Fetching design files from 'sim_1'...
INFO: [USF-XSim-2] XSim::Compile design
INFO: [USF-XSim-61] Executing 'COMPILE and ANALYZE' step in 'D:/Minh_Hung/L05_Group_2_BTL_TKVM/L05_Group_2_BTL_TKVM.sim/sim_1/behav/xsim'
"xvlog --incr --relax -prj RISC_CPU_tb_vlog.prj"
INFO: [VRFC 10-2263] Analyzing Verilog file "D:/Minh_Hung/L05_Group_2_BTL_TKVM/L05_Group_2_BTL_TKVM.srcs/sources_1/new/ALU.v" into library xil_defaultlib
INFO: [VRFC 10-311] analyzing module ALU
INFO: [VRFC 10-2263] Analyzing Verilog file "D:/Minh_Hung/L05_Group_2_BTL_TKVM/L05_Group_2_BTL_TKVM.srcs/sources_1/new/Accumulator.v" into library xil_defaultlib
INFO: [VRFC 10-311] analyzing module Accumulator
INFO: [VRFC 10-2263] Analyzing Verilog file "D:/Minh_Hung/L05_Group_2_BTL_TKVM/L05_Group_2_BTL_TKVM.srcs/sources_1/new/Controller.v" into library xil_defaultlib
INFO: [VRFC 10-311] analyzing module Controller
INFO: [VRFC 10-2263] Analyzing Verilog file "D:/Minh_Hung/L05_Group_2_BTL_TKVM/L05_Group_2_BTL_TKVM.srcs/sources_1/new/DataMemory.v" into library xil_defaultlib
INFO: [VRFC 10-311] analyzing module dataMemory
INFO: [VRFC 10-2263] Analyzing Verilog file "D:/Minh_Hung/L05_Group_2_BTL_TKVM/L05_Group_2_BTL_TKVM.srcs/sources_1/new/Instruction_Memory.v" into library xil_defaultlib
INFO: [VRFC 10-311] analyzing module instructionMemory
INFO: [VRFC 10-2263] Analyzing Verilog file "D:/Minh_Hung/L05_Group_2_BTL_TKVM/L05_Group_2_BTL_TKVM.srcs/sources_1/new/Instruction_register.v" into library xil_defaultlib
INFO: [VRFC 10-311] analyzing module Instruction_Register
INFO: [VRFC 10-2263] Analyzing Verilog file "D:/Minh_Hung/L05_Group_2_BTL_TKVM/L05_Group_2_BTL_TKVM.srcs/sources_1/new/Program_counter.v" into library xil_defaultlib
INFO: [VRFC 10-311] analyzing module Program_counter
INFO: [VRFC 10-2263] Analyzing Verilog file "D:/Minh_Hung/L05_Group_2_BTL_TKVM/L05_Group_2_BTL_TKVM.srcs/sources_1/new/RISC_CPU.v" into library xil_defaultlib
INFO: [VRFC 10-311] analyzing module RISC_CPU
INFO: [VRFC 10-2263] Analyzing Verilog file "D:/Minh_Hung/L05_Group_2_BTL_TKVM/L05_Group_2_BTL_TKVM.srcs/sources_1/new/addr_mux.v" into library xil_defaultlib
INFO: [VRFC 10-311] analyzing module addr_mux
INFO: [VRFC 10-2263] Analyzing Verilog file "D:/Minh_Hung/L05_Group_2_BTL_TKVM/L05_Group_2_BTL_TKVM.srcs/sim_1/new/RISC_CPU_tb.v" into library xil_defaultlib
INFO: [VRFC 10-311] analyzing module RISC_CPU_tb
INFO: [USF-XSim-69] 'compile' step finished in '2' seconds
INFO: [USF-XSim-3] XSim::Elaborate design
INFO: [USF-XSim-61] Executing 'ELABORATE' step in 'D:/Minh_Hung/L05_Group_2_BTL_TKVM/L05_Group_2_BTL_TKVM.sim/sim_1/behav/xsim'
"xelab --incr --debug typical --relax --mt 2 -L xil_defaultlib -L unisims_ver -L unimacro_ver -L secureip --snapshot RISC_CPU_tb_behav xil_defaultlib.RISC_CPU_tb xil_defaultlib.glbl -log elaborate.log"
Vivado Simulator v2024.1
Copyright 1986-2022 Xilinx, Inc. All Rights Reserved.
Copyright 2022-2024 Advanced Micro Devices, Inc. All Rights Reserved.
Running: D:/Vivado/2024.1/bin/unwrapped/win64.o/xelab.exe --incr --debug typical --relax --mt 2 -L xil_defaultlib -L unisims_ver -L unimacro_ver -L secureip --snapshot RISC_CPU_tb_behav xil_defaultlib.RISC_CPU_tb xil_defaultlib.glbl -log elaborate.log 
Using 2 slave threads.
Starting static elaboration
Pass Through NonSizing Optimizer
Completed static elaboration
Starting simulation data flow analysis
WARNING: [XSIM 43-4099] "D:/Minh_Hung/L05_Group_2_BTL_TKVM/L05_Group_2_BTL_TKVM.srcs/sources_1/new/ALU.v" Line 1. Module ALU doesn't have a timescale but at least one module in design has a timescale.
WARNING: [XSIM 43-4099] "D:/Minh_Hung/L05_Group_2_BTL_TKVM/L05_Group_2_BTL_TKVM.srcs/sources_1/new/ALU.v" Line 1. Module ALU doesn't have a timescale but at least one module in design has a timescale.
Completed simulation data flow analysis
Time Resolution for simulation is 1ps
Compiling module xil_defaultlib.Controller
Compiling module xil_defaultlib.Program_counter
Compiling module xil_defaultlib.addr_mux
Compiling module xil_defaultlib.instructionMemory
Compiling module xil_defaultlib.Instruction_Register
Compiling module xil_defaultlib.dataMemory
Compiling module xil_defaultlib.ALU
Compiling module xil_defaultlib.Accumulator
Compiling module xil_defaultlib.RISC_CPU
Compiling module xil_defaultlib.RISC_CPU_tb
Compiling module xil_defaultlib.glbl
Built simulation snapshot RISC_CPU_tb_behav
INFO: [USF-XSim-69] 'elaborate' step finished in '2' seconds
INFO: [USF-XSim-4] XSim::Simulate design
INFO: [USF-XSim-61] Executing 'SIMULATE' step in 'D:/Minh_Hung/L05_Group_2_BTL_TKVM/L05_Group_2_BTL_TKVM.sim/sim_1/behav/xsim'
INFO: [USF-XSim-98] *** Running xsim
   with args "RISC_CPU_tb_behav -key {Behavioral:sim_1:Functional:RISC_CPU_tb} -tclbatch {RISC_CPU_tb.tcl} -log {simulate.log}"
INFO: [USF-XSim-8] Loading simulator feature
Time resolution is 1 ps
source RISC_CPU_tb.tcl
# set curr_wave [current_wave_config]
# if { [string length $curr_wave] == 0 } {
#   if { [llength [get_objects]] > 0} {
#     add_wave /
#     set_property needs_save false [current_wave_config]
#   } else {
#      send_msg_id Add_Wave-1 WARNING "No top level signals found. Simulator will start without a wave window. If you want to open a wave window go to 'File->New Waveform Configuration' or type 'create_wave_config' in the TCL console."
#   }
# }
# run 1000ns
Time: 0 | PC_out: 0 | Opcode: zzz | Operand: zzzzz | Accumulator: 0 | ALU_Result: x | Instr: xx | Data_Mem: xx | Wr_En: 0 | Mux_Sel: 0 | PC_En: 0 | SKZ: 0 | JMP: 0 | LDA: 0 | ld_ac: 0 | alu_enable: 0
Time: 15000 | PC_out: 0 | Opcode: zzz | Operand: zzzzz | Accumulator: 0 | ALU_Result: x | Instr: xx | Data_Mem: xx | Wr_En: 0 | Mux_Sel: 1 | PC_En: 0 | SKZ: 0 | JMP: 0 | LDA: 0 | ld_ac: 0 | alu_enable: 0
Time: 35000 | PC_out: 0 | Opcode: zzz | Operand: zzzzz | Accumulator: 0 | ALU_Result: x | Instr: fe | Data_Mem: xx | Wr_En: 0 | Mux_Sel: 1 | PC_En: 0 | SKZ: 0 | JMP: 0 | LDA: 0 | ld_ac: 0 | alu_enable: 0
Time: 45000 | PC_out: 0 | Opcode: 111 | Operand: 11110 | Accumulator: 0 | ALU_Result: x | Instr: fe | Data_Mem: xx | Wr_En: 0 | Mux_Sel: 1 | PC_En: 0 | SKZ: 0 | JMP: 0 | LDA: 0 | ld_ac: 0 | alu_enable: 0
Time: 55000 | PC_out: 0 | Opcode: 111 | Operand: 11110 | Accumulator: 0 | ALU_Result: x | Instr: fe | Data_Mem: xx | Wr_En: 0 | Mux_Sel: 0 | PC_En: 0 | SKZ: 0 | JMP: 0 | LDA: 0 | ld_ac: 0 | alu_enable: 0
Time: 75000 | PC_out: 0 | Opcode: 111 | Operand: 11110 | Accumulator: 0 | ALU_Result: x | Instr: fe | Data_Mem: xx | Wr_En: 0 | Mux_Sel: 0 | PC_En: 1 | SKZ: 0 | JMP: 1 | LDA: 0 | ld_ac: 0 | alu_enable: 0
Time: 85000 | PC_out: 30 | Opcode: 111 | Operand: 11110 | Accumulator: 0 | ALU_Result: x | Instr: fe | Data_Mem: xx | Wr_En: 0 | Mux_Sel: 1 | PC_En: 0 | SKZ: 0 | JMP: 1 | LDA: 0 | ld_ac: 0 | alu_enable: 0
Time: 95000 | PC_out: 30 | Opcode: 111 | Operand: 11110 | Accumulator: 0 | ALU_Result: x | Instr: fe | Data_Mem: xx | Wr_En: 0 | Mux_Sel: 1 | PC_En: 0 | SKZ: 0 | JMP: 0 | LDA: 0 | ld_ac: 0 | alu_enable: 0
Time: 115000 | PC_out: 30 | Opcode: 111 | Operand: 11110 | Accumulator: 0 | ALU_Result: x | Instr: e3 | Data_Mem: xx | Wr_En: 0 | Mux_Sel: 1 | PC_En: 0 | SKZ: 0 | JMP: 0 | LDA: 0 | ld_ac: 0 | alu_enable: 0
Time: 125000 | PC_out: 30 | Opcode: 111 | Operand: 00011 | Accumulator: 0 | ALU_Result: x | Instr: e3 | Data_Mem: xx | Wr_En: 0 | Mux_Sel: 1 | PC_En: 0 | SKZ: 0 | JMP: 0 | LDA: 0 | ld_ac: 0 | alu_enable: 0
Time: 135000 | PC_out: 30 | Opcode: 111 | Operand: 00011 | Accumulator: 0 | ALU_Result: x | Instr: e3 | Data_Mem: xx | Wr_En: 0 | Mux_Sel: 0 | PC_En: 0 | SKZ: 0 | JMP: 0 | LDA: 0 | ld_ac: 0 | alu_enable: 0
Time: 155000 | PC_out: 30 | Opcode: 111 | Operand: 00011 | Accumulator: 0 | ALU_Result: x | Instr: e3 | Data_Mem: 00 | Wr_En: 0 | Mux_Sel: 0 | PC_En: 1 | SKZ: 0 | JMP: 1 | LDA: 0 | ld_ac: 0 | alu_enable: 0
Time: 165000 | PC_out: 3 | Opcode: 111 | Operand: 00011 | Accumulator: 0 | ALU_Result: x | Instr: e3 | Data_Mem: 00 | Wr_En: 0 | Mux_Sel: 1 | PC_En: 0 | SKZ: 0 | JMP: 1 | LDA: 0 | ld_ac: 0 | alu_enable: 0
Time: 175000 | PC_out: 3 | Opcode: 111 | Operand: 00011 | Accumulator: 0 | ALU_Result: x | Instr: e3 | Data_Mem: 00 | Wr_En: 0 | Mux_Sel: 1 | PC_En: 0 | SKZ: 0 | JMP: 0 | LDA: 0 | ld_ac: 0 | alu_enable: 0
Time: 195000 | PC_out: 3 | Opcode: 111 | Operand: 00011 | Accumulator: 0 | ALU_Result: x | Instr: ba | Data_Mem: 00 | Wr_En: 0 | Mux_Sel: 1 | PC_En: 0 | SKZ: 0 | JMP: 0 | LDA: 0 | ld_ac: 0 | alu_enable: 0
Time: 205000 | PC_out: 3 | Opcode: 101 | Operand: 11010 | Accumulator: 0 | ALU_Result: x | Instr: ba | Data_Mem: 00 | Wr_En: 0 | Mux_Sel: 1 | PC_En: 0 | SKZ: 0 | JMP: 0 | LDA: 0 | ld_ac: 0 | alu_enable: 0
Time: 215000 | PC_out: 3 | Opcode: 101 | Operand: 11010 | Accumulator: 0 | ALU_Result: x | Instr: ba | Data_Mem: 00 | Wr_En: 0 | Mux_Sel: 0 | PC_En: 0 | SKZ: 0 | JMP: 0 | LDA: 0 | ld_ac: 0 | alu_enable: 0
Time: 225000 | PC_out: 3 | Opcode: 101 | Operand: 11010 | Accumulator: 0 | ALU_Result: x | Instr: ba | Data_Mem: 00 | Wr_En: 0 | Mux_Sel: 0 | PC_En: 0 | SKZ: 0 | JMP: 0 | LDA: 0 | ld_ac: 0 | alu_enable: 1
Time: 235000 | PC_out: 3 | Opcode: 101 | Operand: 11010 | Accumulator: 0 | ALU_Result: 0 | Instr: ba | Data_Mem: 00 | Wr_En: 0 | Mux_Sel: 0 | PC_En: 0 | SKZ: 0 | JMP: 0 | LDA: 0 | ld_ac: 0 | alu_enable: 1
Time: 245000 | PC_out: 3 | Opcode: 101 | Operand: 11010 | Accumulator: 0 | ALU_Result: 0 | Instr: ba | Data_Mem: 00 | Wr_En: 0 | Mux_Sel: 1 | PC_En: 1 | SKZ: 0 | JMP: 0 | LDA: 0 | ld_ac: 1 | alu_enable: 0
Time: 255000 | PC_out: 4 | Opcode: 101 | Operand: 11010 | Accumulator: 0 | ALU_Result: 0 | Instr: ba | Data_Mem: 00 | Wr_En: 0 | Mux_Sel: 1 | PC_En: 0 | SKZ: 0 | JMP: 0 | LDA: 0 | ld_ac: 0 | alu_enable: 0
Time: 275000 | PC_out: 4 | Opcode: 101 | Operand: 11010 | Accumulator: 0 | ALU_Result: 0 | Instr: 20 | Data_Mem: 00 | Wr_En: 0 | Mux_Sel: 1 | PC_En: 0 | SKZ: 0 | JMP: 0 | LDA: 0 | ld_ac: 0 | alu_enable: 0
Time: 285000 | PC_out: 4 | Opcode: 001 | Operand: 00000 | Accumulator: 0 | ALU_Result: 0 | Instr: 20 | Data_Mem: 00 | Wr_En: 0 | Mux_Sel: 1 | PC_En: 0 | SKZ: 0 | JMP: 0 | LDA: 0 | ld_ac: 0 | alu_enable: 0
Time: 295000 | PC_out: 4 | Opcode: 001 | Operand: 00000 | Accumulator: 0 | ALU_Result: 0 | Instr: 20 | Data_Mem: 00 | Wr_En: 0 | Mux_Sel: 0 | PC_En: 0 | SKZ: 1 | JMP: 0 | LDA: 0 | ld_ac: 0 | alu_enable: 0
Time: 315000 | PC_out: 4 | Opcode: 001 | Operand: 00000 | Accumulator: 0 | ALU_Result: 0 | Instr: 20 | Data_Mem: 00 | Wr_En: 0 | Mux_Sel: 0 | PC_En: 1 | SKZ: 1 | JMP: 0 | LDA: 0 | ld_ac: 0 | alu_enable: 0
Time: 325000 | PC_out: 6 | Opcode: 001 | Operand: 00000 | Accumulator: 0 | ALU_Result: 0 | Instr: 20 | Data_Mem: 00 | Wr_En: 0 | Mux_Sel: 1 | PC_En: 0 | SKZ: 0 | JMP: 0 | LDA: 0 | ld_ac: 0 | alu_enable: 0
Time: 355000 | PC_out: 6 | Opcode: 001 | Operand: 00000 | Accumulator: 0 | ALU_Result: 0 | Instr: bb | Data_Mem: 00 | Wr_En: 0 | Mux_Sel: 1 | PC_En: 0 | SKZ: 0 | JMP: 0 | LDA: 0 | ld_ac: 0 | alu_enable: 0
Time: 365000 | PC_out: 6 | Opcode: 101 | Operand: 11011 | Accumulator: 0 | ALU_Result: 0 | Instr: bb | Data_Mem: 00 | Wr_En: 0 | Mux_Sel: 1 | PC_En: 0 | SKZ: 0 | JMP: 0 | LDA: 0 | ld_ac: 0 | alu_enable: 0
Time: 375000 | PC_out: 6 | Opcode: 101 | Operand: 11011 | Accumulator: 0 | ALU_Result: 0 | Instr: bb | Data_Mem: 00 | Wr_En: 0 | Mux_Sel: 0 | PC_En: 0 | SKZ: 0 | JMP: 0 | LDA: 0 | ld_ac: 0 | alu_enable: 0
Time: 385000 | PC_out: 6 | Opcode: 101 | Operand: 11011 | Accumulator: 0 | ALU_Result: 0 | Instr: bb | Data_Mem: 00 | Wr_En: 0 | Mux_Sel: 0 | PC_En: 0 | SKZ: 0 | JMP: 0 | LDA: 0 | ld_ac: 0 | alu_enable: 1
Time: 395000 | PC_out: 6 | Opcode: 101 | Operand: 11011 | Accumulator: 0 | ALU_Result: 0 | Instr: bb | Data_Mem: ff | Wr_En: 0 | Mux_Sel: 0 | PC_En: 0 | SKZ: 0 | JMP: 0 | LDA: 0 | ld_ac: 0 | alu_enable: 1
Time: 405000 | PC_out: 6 | Opcode: 101 | Operand: 11011 | Accumulator: 0 | ALU_Result: 255 | Instr: bb | Data_Mem: ff | Wr_En: 0 | Mux_Sel: 1 | PC_En: 1 | SKZ: 0 | JMP: 0 | LDA: 0 | ld_ac: 1 | alu_enable: 0
Time: 415000 | PC_out: 7 | Opcode: 101 | Operand: 11011 | Accumulator: 255 | ALU_Result: 255 | Instr: bb | Data_Mem: ff | Wr_En: 0 | Mux_Sel: 1 | PC_En: 0 | SKZ: 0 | JMP: 0 | LDA: 0 | ld_ac: 0 | alu_enable: 0
Time: 435000 | PC_out: 7 | Opcode: 101 | Operand: 11011 | Accumulator: 255 | ALU_Result: 255 | Instr: 20 | Data_Mem: ff | Wr_En: 0 | Mux_Sel: 1 | PC_En: 0 | SKZ: 0 | JMP: 0 | LDA: 0 | ld_ac: 0 | alu_enable: 0
Time: 445000 | PC_out: 7 | Opcode: 001 | Operand: 00000 | Accumulator: 255 | ALU_Result: 255 | Instr: 20 | Data_Mem: ff | Wr_En: 0 | Mux_Sel: 1 | PC_En: 0 | SKZ: 0 | JMP: 0 | LDA: 0 | ld_ac: 0 | alu_enable: 0
Time: 455000 | PC_out: 7 | Opcode: 001 | Operand: 00000 | Accumulator: 255 | ALU_Result: 255 | Instr: 20 | Data_Mem: ff | Wr_En: 0 | Mux_Sel: 0 | PC_En: 0 | SKZ: 1 | JMP: 0 | LDA: 0 | ld_ac: 0 | alu_enable: 0
Time: 475000 | PC_out: 7 | Opcode: 001 | Operand: 00000 | Accumulator: 255 | ALU_Result: 255 | Instr: 20 | Data_Mem: 00 | Wr_En: 0 | Mux_Sel: 0 | PC_En: 1 | SKZ: 1 | JMP: 0 | LDA: 0 | ld_ac: 0 | alu_enable: 0
Time: 485000 | PC_out: 8 | Opcode: 001 | Operand: 00000 | Accumulator: 255 | ALU_Result: 255 | Instr: 20 | Data_Mem: 00 | Wr_En: 0 | Mux_Sel: 1 | PC_En: 0 | SKZ: 0 | JMP: 0 | LDA: 0 | ld_ac: 0 | alu_enable: 0
Time: 515000 | PC_out: 8 | Opcode: 001 | Operand: 00000 | Accumulator: 255 | ALU_Result: 255 | Instr: ea | Data_Mem: 00 | Wr_En: 0 | Mux_Sel: 1 | PC_En: 0 | SKZ: 0 | JMP: 0 | LDA: 0 | ld_ac: 0 | alu_enable: 0
Time: 525000 | PC_out: 8 | Opcode: 111 | Operand: 01010 | Accumulator: 255 | ALU_Result: 255 | Instr: ea | Data_Mem: 00 | Wr_En: 0 | Mux_Sel: 1 | PC_En: 0 | SKZ: 0 | JMP: 0 | LDA: 0 | ld_ac: 0 | alu_enable: 0
Time: 535000 | PC_out: 8 | Opcode: 111 | Operand: 01010 | Accumulator: 255 | ALU_Result: 255 | Instr: ea | Data_Mem: 00 | Wr_En: 0 | Mux_Sel: 0 | PC_En: 0 | SKZ: 0 | JMP: 0 | LDA: 0 | ld_ac: 0 | alu_enable: 0
Time: 555000 | PC_out: 8 | Opcode: 111 | Operand: 01010 | Accumulator: 255 | ALU_Result: 255 | Instr: ea | Data_Mem: 00 | Wr_En: 0 | Mux_Sel: 0 | PC_En: 1 | SKZ: 0 | JMP: 1 | LDA: 0 | ld_ac: 0 | alu_enable: 0
Time: 565000 | PC_out: 10 | Opcode: 111 | Operand: 01010 | Accumulator: 255 | ALU_Result: 255 | Instr: ea | Data_Mem: 00 | Wr_En: 0 | Mux_Sel: 1 | PC_En: 0 | SKZ: 0 | JMP: 1 | LDA: 0 | ld_ac: 0 | alu_enable: 0
Time: 575000 | PC_out: 10 | Opcode: 111 | Operand: 01010 | Accumulator: 255 | ALU_Result: 255 | Instr: ea | Data_Mem: 00 | Wr_En: 0 | Mux_Sel: 1 | PC_En: 0 | SKZ: 0 | JMP: 0 | LDA: 0 | ld_ac: 0 | alu_enable: 0
Time: 595000 | PC_out: 10 | Opcode: 111 | Operand: 01010 | Accumulator: 255 | ALU_Result: 255 | Instr: dc | Data_Mem: 00 | Wr_En: 0 | Mux_Sel: 1 | PC_En: 0 | SKZ: 0 | JMP: 0 | LDA: 0 | ld_ac: 0 | alu_enable: 0
Time: 605000 | PC_out: 10 | Opcode: 110 | Operand: 11100 | Accumulator: 255 | ALU_Result: 255 | Instr: dc | Data_Mem: 00 | Wr_En: 0 | Mux_Sel: 1 | PC_En: 0 | SKZ: 0 | JMP: 0 | LDA: 0 | ld_ac: 0 | alu_enable: 0
Time: 615000 | PC_out: 10 | Opcode: 110 | Operand: 11100 | Accumulator: 255 | ALU_Result: 255 | Instr: dc | Data_Mem: 00 | Wr_En: 0 | Mux_Sel: 0 | PC_En: 0 | SKZ: 0 | JMP: 0 | LDA: 0 | ld_ac: 0 | alu_enable: 0
Time: 635000 | PC_out: 10 | Opcode: 110 | Operand: 11100 | Accumulator: 255 | ALU_Result: 255 | Instr: dc | Data_Mem: aa | Wr_En: 0 | Mux_Sel: 0 | PC_En: 0 | SKZ: 0 | JMP: 0 | LDA: 0 | ld_ac: 0 | alu_enable: 0
Time: 645000 | PC_out: 10 | Opcode: 110 | Operand: 11100 | Accumulator: 255 | ALU_Result: 255 | Instr: dc | Data_Mem: ff | Wr_En: 1 | Mux_Sel: 1 | PC_En: 0 | SKZ: 0 | JMP: 0 | LDA: 0 | ld_ac: 0 | alu_enable: 0
Time: 655000 | PC_out: 10 | Opcode: 110 | Operand: 11100 | Accumulator: 255 | ALU_Result: 255 | Instr: dc | Data_Mem: aa | Wr_En: 0 | Mux_Sel: 1 | PC_En: 0 | SKZ: 0 | JMP: 0 | LDA: 0 | ld_ac: 0 | alu_enable: 0
Time: 665000 | PC_out: 10 | Opcode: 110 | Operand: 11100 | Accumulator: 255 | ALU_Result: 255 | Instr: dc | Data_Mem: ff | Wr_En: 0 | Mux_Sel: 1 | PC_En: 0 | SKZ: 0 | JMP: 0 | LDA: 0 | ld_ac: 0 | alu_enable: 0
Time: 695000 | PC_out: 10 | Opcode: 110 | Operand: 11100 | Accumulator: 255 | ALU_Result: 255 | Instr: dc | Data_Mem: ff | Wr_En: 0 | Mux_Sel: 0 | PC_En: 0 | SKZ: 0 | JMP: 0 | LDA: 0 | ld_ac: 0 | alu_enable: 0
Time: 725000 | PC_out: 10 | Opcode: 110 | Operand: 11100 | Accumulator: 255 | ALU_Result: 255 | Instr: dc | Data_Mem: ff | Wr_En: 1 | Mux_Sel: 1 | PC_En: 0 | SKZ: 0 | JMP: 0 | LDA: 0 | ld_ac: 0 | alu_enable: 0
Time: 735000 | PC_out: 10 | Opcode: 110 | Operand: 11100 | Accumulator: 255 | ALU_Result: 255 | Instr: dc | Data_Mem: ff | Wr_En: 0 | Mux_Sel: 1 | PC_En: 0 | SKZ: 0 | JMP: 0 | LDA: 0 | ld_ac: 0 | alu_enable: 0
Time: 775000 | PC_out: 10 | Opcode: 110 | Operand: 11100 | Accumulator: 255 | ALU_Result: 255 | Instr: dc | Data_Mem: ff | Wr_En: 0 | Mux_Sel: 0 | PC_En: 0 | SKZ: 0 | JMP: 0 | LDA: 0 | ld_ac: 0 | alu_enable: 0
Time: 805000 | PC_out: 10 | Opcode: 110 | Operand: 11100 | Accumulator: 255 | ALU_Result: 255 | Instr: dc | Data_Mem: ff | Wr_En: 1 | Mux_Sel: 1 | PC_En: 0 | SKZ: 0 | JMP: 0 | LDA: 0 | ld_ac: 0 | alu_enable: 0
Time: 815000 | PC_out: 10 | Opcode: 110 | Operand: 11100 | Accumulator: 255 | ALU_Result: 255 | Instr: dc | Data_Mem: ff | Wr_En: 0 | Mux_Sel: 1 | PC_En: 0 | SKZ: 0 | JMP: 0 | LDA: 0 | ld_ac: 0 | alu_enable: 0
Time: 855000 | PC_out: 10 | Opcode: 110 | Operand: 11100 | Accumulator: 255 | ALU_Result: 255 | Instr: dc | Data_Mem: ff | Wr_En: 0 | Mux_Sel: 0 | PC_En: 0 | SKZ: 0 | JMP: 0 | LDA: 0 | ld_ac: 0 | alu_enable: 0
Time: 885000 | PC_out: 10 | Opcode: 110 | Operand: 11100 | Accumulator: 255 | ALU_Result: 255 | Instr: dc | Data_Mem: ff | Wr_En: 1 | Mux_Sel: 1 | PC_En: 0 | SKZ: 0 | JMP: 0 | LDA: 0 | ld_ac: 0 | alu_enable: 0
Time: 895000 | PC_out: 10 | Opcode: 110 | Operand: 11100 | Accumulator: 255 | ALU_Result: 255 | Instr: dc | Data_Mem: ff | Wr_En: 0 | Mux_Sel: 1 | PC_En: 0 | SKZ: 0 | JMP: 0 | LDA: 0 | ld_ac: 0 | alu_enable: 0
Time: 935000 | PC_out: 10 | Opcode: 110 | Operand: 11100 | Accumulator: 255 | ALU_Result: 255 | Instr: dc | Data_Mem: ff | Wr_En: 0 | Mux_Sel: 0 | PC_En: 0 | SKZ: 0 | JMP: 0 | LDA: 0 | ld_ac: 0 | alu_enable: 0
Time: 965000 | PC_out: 10 | Opcode: 110 | Operand: 11100 | Accumulator: 255 | ALU_Result: 255 | Instr: dc | Data_Mem: ff | Wr_En: 1 | Mux_Sel: 1 | PC_En: 0 | SKZ: 0 | JMP: 0 | LDA: 0 | ld_ac: 0 | alu_enable: 0
Time: 975000 | PC_out: 10 | Opcode: 110 | Operand: 11100 | Accumulator: 255 | ALU_Result: 255 | Instr: dc | Data_Mem: ff | Wr_En: 0 | Mux_Sel: 1 | PC_En: 0 | SKZ: 0 | JMP: 0 | LDA: 0 | ld_ac: 0 | alu_enable: 0
INFO: [USF-XSim-96] XSim completed. Design snapshot 'RISC_CPU_tb_behav' loaded.
INFO: [USF-XSim-97] XSim simulation ran for 1000ns
launch_simulation: Time (s): cpu = 00:00:02 ; elapsed = 00:00:05 . Memory (MB): peak = 2721.336 ; gain = 0.000
close_sim
INFO: [Simtcl 6-16] Simulation closed
launch_simulation
Command: launch_simulation 
INFO: [Vivado 12-12493] Simulation top is 'RISC_CPU_tb'
WARNING: [Vivado 12-13340] Unable to auto find GCC executables from simulator install path! (path not set)
INFO: [Vivado 12-5682] Launching behavioral simulation in 'D:/Minh_Hung/L05_Group_2_BTL_TKVM/L05_Group_2_BTL_TKVM.sim/sim_1/behav/xsim'
INFO: [SIM-utils-51] Simulation object is 'sim_1'
INFO: [SIM-utils-72] Using boost library from 'D:/Vivado/2024.1/tps/boost_1_72_0'
INFO: [SIM-utils-54] Inspecting design source files for 'RISC_CPU_tb' in fileset 'sim_1'...
INFO: [SIM-utils-43] Exported 'D:/Minh_Hung/L05_Group_2_BTL_TKVM/L05_Group_2_BTL_TKVM.sim/sim_1/behav/xsim/data_init.mem'
INFO: [SIM-utils-43] Exported 'D:/Minh_Hung/L05_Group_2_BTL_TKVM/L05_Group_2_BTL_TKVM.sim/sim_1/behav/xsim/instruction_file.mem'
INFO: [USF-XSim-97] Finding global include files...
INFO: [USF-XSim-98] Fetching design files from 'sim_1'...
INFO: [USF-XSim-2] XSim::Compile design
INFO: [USF-XSim-61] Executing 'COMPILE and ANALYZE' step in 'D:/Minh_Hung/L05_Group_2_BTL_TKVM/L05_Group_2_BTL_TKVM.sim/sim_1/behav/xsim'
"xvlog --incr --relax -prj RISC_CPU_tb_vlog.prj"
INFO: [VRFC 10-2263] Analyzing Verilog file "D:/Minh_Hung/L05_Group_2_BTL_TKVM/L05_Group_2_BTL_TKVM.srcs/sources_1/new/ALU.v" into library xil_defaultlib
INFO: [VRFC 10-311] analyzing module ALU
INFO: [VRFC 10-2263] Analyzing Verilog file "D:/Minh_Hung/L05_Group_2_BTL_TKVM/L05_Group_2_BTL_TKVM.srcs/sources_1/new/Accumulator.v" into library xil_defaultlib
INFO: [VRFC 10-311] analyzing module Accumulator
INFO: [VRFC 10-2263] Analyzing Verilog file "D:/Minh_Hung/L05_Group_2_BTL_TKVM/L05_Group_2_BTL_TKVM.srcs/sources_1/new/Controller.v" into library xil_defaultlib
INFO: [VRFC 10-311] analyzing module Controller
INFO: [VRFC 10-2263] Analyzing Verilog file "D:/Minh_Hung/L05_Group_2_BTL_TKVM/L05_Group_2_BTL_TKVM.srcs/sources_1/new/DataMemory.v" into library xil_defaultlib
INFO: [VRFC 10-311] analyzing module dataMemory
INFO: [VRFC 10-2263] Analyzing Verilog file "D:/Minh_Hung/L05_Group_2_BTL_TKVM/L05_Group_2_BTL_TKVM.srcs/sources_1/new/Instruction_Memory.v" into library xil_defaultlib
INFO: [VRFC 10-311] analyzing module instructionMemory
INFO: [VRFC 10-2263] Analyzing Verilog file "D:/Minh_Hung/L05_Group_2_BTL_TKVM/L05_Group_2_BTL_TKVM.srcs/sources_1/new/Instruction_register.v" into library xil_defaultlib
INFO: [VRFC 10-311] analyzing module Instruction_Register
INFO: [VRFC 10-2263] Analyzing Verilog file "D:/Minh_Hung/L05_Group_2_BTL_TKVM/L05_Group_2_BTL_TKVM.srcs/sources_1/new/Program_counter.v" into library xil_defaultlib
INFO: [VRFC 10-311] analyzing module Program_counter
INFO: [VRFC 10-2263] Analyzing Verilog file "D:/Minh_Hung/L05_Group_2_BTL_TKVM/L05_Group_2_BTL_TKVM.srcs/sources_1/new/RISC_CPU.v" into library xil_defaultlib
INFO: [VRFC 10-311] analyzing module RISC_CPU
INFO: [VRFC 10-2263] Analyzing Verilog file "D:/Minh_Hung/L05_Group_2_BTL_TKVM/L05_Group_2_BTL_TKVM.srcs/sources_1/new/addr_mux.v" into library xil_defaultlib
INFO: [VRFC 10-311] analyzing module addr_mux
INFO: [VRFC 10-2263] Analyzing Verilog file "D:/Minh_Hung/L05_Group_2_BTL_TKVM/L05_Group_2_BTL_TKVM.srcs/sim_1/new/RISC_CPU_tb.v" into library xil_defaultlib
INFO: [VRFC 10-311] analyzing module RISC_CPU_tb
INFO: [USF-XSim-69] 'compile' step finished in '1' seconds
INFO: [USF-XSim-3] XSim::Elaborate design
INFO: [USF-XSim-61] Executing 'ELABORATE' step in 'D:/Minh_Hung/L05_Group_2_BTL_TKVM/L05_Group_2_BTL_TKVM.sim/sim_1/behav/xsim'
"xelab --incr --debug typical --relax --mt 2 -L xil_defaultlib -L unisims_ver -L unimacro_ver -L secureip --snapshot RISC_CPU_tb_behav xil_defaultlib.RISC_CPU_tb xil_defaultlib.glbl -log elaborate.log"
Vivado Simulator v2024.1
Copyright 1986-2022 Xilinx, Inc. All Rights Reserved.
Copyright 2022-2024 Advanced Micro Devices, Inc. All Rights Reserved.
Running: D:/Vivado/2024.1/bin/unwrapped/win64.o/xelab.exe --incr --debug typical --relax --mt 2 -L xil_defaultlib -L unisims_ver -L unimacro_ver -L secureip --snapshot RISC_CPU_tb_behav xil_defaultlib.RISC_CPU_tb xil_defaultlib.glbl -log elaborate.log 
Using 2 slave threads.
Starting static elaboration
Pass Through NonSizing Optimizer
Completed static elaboration
Starting simulation data flow analysis
WARNING: [XSIM 43-4099] "D:/Minh_Hung/L05_Group_2_BTL_TKVM/L05_Group_2_BTL_TKVM.srcs/sources_1/new/ALU.v" Line 1. Module ALU doesn't have a timescale but at least one module in design has a timescale.
WARNING: [XSIM 43-4099] "D:/Minh_Hung/L05_Group_2_BTL_TKVM/L05_Group_2_BTL_TKVM.srcs/sources_1/new/ALU.v" Line 1. Module ALU doesn't have a timescale but at least one module in design has a timescale.
Completed simulation data flow analysis
Time Resolution for simulation is 1ps
Compiling module xil_defaultlib.Controller
Compiling module xil_defaultlib.Program_counter
Compiling module xil_defaultlib.addr_mux
Compiling module xil_defaultlib.instructionMemory
Compiling module xil_defaultlib.Instruction_Register
Compiling module xil_defaultlib.dataMemory
Compiling module xil_defaultlib.ALU
Compiling module xil_defaultlib.Accumulator
Compiling module xil_defaultlib.RISC_CPU
Compiling module xil_defaultlib.RISC_CPU_tb
Compiling module xil_defaultlib.glbl
Built simulation snapshot RISC_CPU_tb_behav
INFO: [USF-XSim-69] 'elaborate' step finished in '2' seconds
INFO: [USF-XSim-4] XSim::Simulate design
INFO: [USF-XSim-61] Executing 'SIMULATE' step in 'D:/Minh_Hung/L05_Group_2_BTL_TKVM/L05_Group_2_BTL_TKVM.sim/sim_1/behav/xsim'
INFO: [USF-XSim-98] *** Running xsim
   with args "RISC_CPU_tb_behav -key {Behavioral:sim_1:Functional:RISC_CPU_tb} -tclbatch {RISC_CPU_tb.tcl} -log {simulate.log}"
INFO: [USF-XSim-8] Loading simulator feature
Time resolution is 1 ps
source RISC_CPU_tb.tcl
# set curr_wave [current_wave_config]
# if { [string length $curr_wave] == 0 } {
#   if { [llength [get_objects]] > 0} {
#     add_wave /
#     set_property needs_save false [current_wave_config]
#   } else {
#      send_msg_id Add_Wave-1 WARNING "No top level signals found. Simulator will start without a wave window. If you want to open a wave window go to 'File->New Waveform Configuration' or type 'create_wave_config' in the TCL console."
#   }
# }
# run 1000ns
Time: 0 | PC_out: 0 | Opcode: zzz | Operand: zzzzz | Accumulator: 0 | ALU_Result: x | Instr: xx | Data_Mem: xx | Wr_En: 0 | Mux_Sel: 0 | PC_En: 0 | SKZ: 0 | JMP: 0 | LDA: 0 | ld_ac: 0 | alu_enable: 0
Time: 15000 | PC_out: 0 | Opcode: zzz | Operand: zzzzz | Accumulator: 0 | ALU_Result: x | Instr: xx | Data_Mem: xx | Wr_En: 0 | Mux_Sel: 1 | PC_En: 0 | SKZ: 0 | JMP: 0 | LDA: 0 | ld_ac: 0 | alu_enable: 0
Time: 35000 | PC_out: 0 | Opcode: zzz | Operand: zzzzz | Accumulator: 0 | ALU_Result: x | Instr: fe | Data_Mem: xx | Wr_En: 0 | Mux_Sel: 1 | PC_En: 0 | SKZ: 0 | JMP: 0 | LDA: 0 | ld_ac: 0 | alu_enable: 0
Time: 45000 | PC_out: 0 | Opcode: 111 | Operand: 11110 | Accumulator: 0 | ALU_Result: x | Instr: fe | Data_Mem: xx | Wr_En: 0 | Mux_Sel: 1 | PC_En: 0 | SKZ: 0 | JMP: 0 | LDA: 0 | ld_ac: 0 | alu_enable: 0
Time: 55000 | PC_out: 0 | Opcode: 111 | Operand: 11110 | Accumulator: 0 | ALU_Result: x | Instr: fe | Data_Mem: xx | Wr_En: 0 | Mux_Sel: 0 | PC_En: 0 | SKZ: 0 | JMP: 0 | LDA: 0 | ld_ac: 0 | alu_enable: 0
Time: 75000 | PC_out: 0 | Opcode: 111 | Operand: 11110 | Accumulator: 0 | ALU_Result: x | Instr: fe | Data_Mem: xx | Wr_En: 0 | Mux_Sel: 0 | PC_En: 1 | SKZ: 0 | JMP: 1 | LDA: 0 | ld_ac: 0 | alu_enable: 0
Time: 85000 | PC_out: 30 | Opcode: 111 | Operand: 11110 | Accumulator: 0 | ALU_Result: x | Instr: fe | Data_Mem: xx | Wr_En: 0 | Mux_Sel: 1 | PC_En: 1 | SKZ: 0 | JMP: 1 | LDA: 0 | ld_ac: 0 | alu_enable: 0
Time: 95000 | PC_out: 30 | Opcode: 111 | Operand: 11110 | Accumulator: 0 | ALU_Result: x | Instr: fe | Data_Mem: xx | Wr_En: 0 | Mux_Sel: 1 | PC_En: 0 | SKZ: 0 | JMP: 0 | LDA: 0 | ld_ac: 0 | alu_enable: 0
Time: 115000 | PC_out: 30 | Opcode: 111 | Operand: 11110 | Accumulator: 0 | ALU_Result: x | Instr: e3 | Data_Mem: xx | Wr_En: 0 | Mux_Sel: 1 | PC_En: 0 | SKZ: 0 | JMP: 0 | LDA: 0 | ld_ac: 0 | alu_enable: 0
Time: 125000 | PC_out: 30 | Opcode: 111 | Operand: 00011 | Accumulator: 0 | ALU_Result: x | Instr: e3 | Data_Mem: xx | Wr_En: 0 | Mux_Sel: 1 | PC_En: 0 | SKZ: 0 | JMP: 0 | LDA: 0 | ld_ac: 0 | alu_enable: 0
Time: 135000 | PC_out: 30 | Opcode: 111 | Operand: 00011 | Accumulator: 0 | ALU_Result: x | Instr: e3 | Data_Mem: xx | Wr_En: 0 | Mux_Sel: 0 | PC_En: 0 | SKZ: 0 | JMP: 0 | LDA: 0 | ld_ac: 0 | alu_enable: 0
Time: 155000 | PC_out: 30 | Opcode: 111 | Operand: 00011 | Accumulator: 0 | ALU_Result: x | Instr: e3 | Data_Mem: 00 | Wr_En: 0 | Mux_Sel: 0 | PC_En: 1 | SKZ: 0 | JMP: 1 | LDA: 0 | ld_ac: 0 | alu_enable: 0
Time: 165000 | PC_out: 3 | Opcode: 111 | Operand: 00011 | Accumulator: 0 | ALU_Result: x | Instr: e3 | Data_Mem: 00 | Wr_En: 0 | Mux_Sel: 1 | PC_En: 1 | SKZ: 0 | JMP: 1 | LDA: 0 | ld_ac: 0 | alu_enable: 0
Time: 175000 | PC_out: 3 | Opcode: 111 | Operand: 00011 | Accumulator: 0 | ALU_Result: x | Instr: e3 | Data_Mem: 00 | Wr_En: 0 | Mux_Sel: 1 | PC_En: 0 | SKZ: 0 | JMP: 0 | LDA: 0 | ld_ac: 0 | alu_enable: 0
Time: 195000 | PC_out: 3 | Opcode: 111 | Operand: 00011 | Accumulator: 0 | ALU_Result: x | Instr: ba | Data_Mem: 00 | Wr_En: 0 | Mux_Sel: 1 | PC_En: 0 | SKZ: 0 | JMP: 0 | LDA: 0 | ld_ac: 0 | alu_enable: 0
Time: 205000 | PC_out: 3 | Opcode: 101 | Operand: 11010 | Accumulator: 0 | ALU_Result: x | Instr: ba | Data_Mem: 00 | Wr_En: 0 | Mux_Sel: 1 | PC_En: 0 | SKZ: 0 | JMP: 0 | LDA: 0 | ld_ac: 0 | alu_enable: 0
Time: 215000 | PC_out: 3 | Opcode: 101 | Operand: 11010 | Accumulator: 0 | ALU_Result: x | Instr: ba | Data_Mem: 00 | Wr_En: 0 | Mux_Sel: 0 | PC_En: 0 | SKZ: 0 | JMP: 0 | LDA: 0 | ld_ac: 0 | alu_enable: 0
Time: 225000 | PC_out: 3 | Opcode: 101 | Operand: 11010 | Accumulator: 0 | ALU_Result: x | Instr: ba | Data_Mem: 00 | Wr_En: 0 | Mux_Sel: 0 | PC_En: 0 | SKZ: 0 | JMP: 0 | LDA: 0 | ld_ac: 0 | alu_enable: 1
Time: 235000 | PC_out: 3 | Opcode: 101 | Operand: 11010 | Accumulator: 0 | ALU_Result: 0 | Instr: ba | Data_Mem: 00 | Wr_En: 0 | Mux_Sel: 0 | PC_En: 0 | SKZ: 0 | JMP: 0 | LDA: 0 | ld_ac: 0 | alu_enable: 1
Time: 245000 | PC_out: 3 | Opcode: 101 | Operand: 11010 | Accumulator: 0 | ALU_Result: 0 | Instr: ba | Data_Mem: 00 | Wr_En: 0 | Mux_Sel: 1 | PC_En: 1 | SKZ: 0 | JMP: 0 | LDA: 0 | ld_ac: 1 | alu_enable: 0
Time: 255000 | PC_out: 4 | Opcode: 101 | Operand: 11010 | Accumulator: 0 | ALU_Result: 0 | Instr: ba | Data_Mem: 00 | Wr_En: 0 | Mux_Sel: 1 | PC_En: 0 | SKZ: 0 | JMP: 0 | LDA: 0 | ld_ac: 0 | alu_enable: 0
Time: 275000 | PC_out: 4 | Opcode: 101 | Operand: 11010 | Accumulator: 0 | ALU_Result: 0 | Instr: 20 | Data_Mem: 00 | Wr_En: 0 | Mux_Sel: 1 | PC_En: 0 | SKZ: 0 | JMP: 0 | LDA: 0 | ld_ac: 0 | alu_enable: 0
Time: 285000 | PC_out: 4 | Opcode: 001 | Operand: 00000 | Accumulator: 0 | ALU_Result: 0 | Instr: 20 | Data_Mem: 00 | Wr_En: 0 | Mux_Sel: 1 | PC_En: 0 | SKZ: 0 | JMP: 0 | LDA: 0 | ld_ac: 0 | alu_enable: 0
Time: 295000 | PC_out: 4 | Opcode: 001 | Operand: 00000 | Accumulator: 0 | ALU_Result: 0 | Instr: 20 | Data_Mem: 00 | Wr_En: 0 | Mux_Sel: 0 | PC_En: 0 | SKZ: 1 | JMP: 0 | LDA: 0 | ld_ac: 0 | alu_enable: 0
Time: 315000 | PC_out: 4 | Opcode: 001 | Operand: 00000 | Accumulator: 0 | ALU_Result: 0 | Instr: 20 | Data_Mem: 00 | Wr_En: 0 | Mux_Sel: 0 | PC_En: 1 | SKZ: 1 | JMP: 0 | LDA: 0 | ld_ac: 0 | alu_enable: 0
Time: 325000 | PC_out: 6 | Opcode: 001 | Operand: 00000 | Accumulator: 0 | ALU_Result: 0 | Instr: 20 | Data_Mem: 00 | Wr_En: 0 | Mux_Sel: 1 | PC_En: 1 | SKZ: 0 | JMP: 0 | LDA: 0 | ld_ac: 0 | alu_enable: 0
Time: 335000 | PC_out: 7 | Opcode: 001 | Operand: 00000 | Accumulator: 0 | ALU_Result: 0 | Instr: 20 | Data_Mem: 00 | Wr_En: 0 | Mux_Sel: 1 | PC_En: 0 | SKZ: 0 | JMP: 0 | LDA: 0 | ld_ac: 0 | alu_enable: 0
Time: 375000 | PC_out: 7 | Opcode: 001 | Operand: 00000 | Accumulator: 0 | ALU_Result: 0 | Instr: 20 | Data_Mem: 00 | Wr_En: 0 | Mux_Sel: 0 | PC_En: 0 | SKZ: 1 | JMP: 0 | LDA: 0 | ld_ac: 0 | alu_enable: 0
Time: 395000 | PC_out: 7 | Opcode: 001 | Operand: 00000 | Accumulator: 0 | ALU_Result: 0 | Instr: 20 | Data_Mem: 00 | Wr_En: 0 | Mux_Sel: 0 | PC_En: 1 | SKZ: 1 | JMP: 0 | LDA: 0 | ld_ac: 0 | alu_enable: 0
Time: 405000 | PC_out: 9 | Opcode: 001 | Operand: 00000 | Accumulator: 0 | ALU_Result: 0 | Instr: 20 | Data_Mem: 00 | Wr_En: 0 | Mux_Sel: 1 | PC_En: 1 | SKZ: 0 | JMP: 0 | LDA: 0 | ld_ac: 0 | alu_enable: 0
Time: 415000 | PC_out: 10 | Opcode: 001 | Operand: 00000 | Accumulator: 0 | ALU_Result: 0 | Instr: 20 | Data_Mem: 00 | Wr_En: 0 | Mux_Sel: 1 | PC_En: 0 | SKZ: 0 | JMP: 0 | LDA: 0 | ld_ac: 0 | alu_enable: 0
Time: 435000 | PC_out: 10 | Opcode: 001 | Operand: 00000 | Accumulator: 0 | ALU_Result: 0 | Instr: dc | Data_Mem: 00 | Wr_En: 0 | Mux_Sel: 1 | PC_En: 0 | SKZ: 0 | JMP: 0 | LDA: 0 | ld_ac: 0 | alu_enable: 0
Time: 445000 | PC_out: 10 | Opcode: 110 | Operand: 11100 | Accumulator: 0 | ALU_Result: 0 | Instr: dc | Data_Mem: 00 | Wr_En: 0 | Mux_Sel: 1 | PC_En: 0 | SKZ: 0 | JMP: 0 | LDA: 0 | ld_ac: 0 | alu_enable: 0
Time: 455000 | PC_out: 10 | Opcode: 110 | Operand: 11100 | Accumulator: 0 | ALU_Result: 0 | Instr: dc | Data_Mem: 00 | Wr_En: 0 | Mux_Sel: 0 | PC_En: 0 | SKZ: 0 | JMP: 0 | LDA: 0 | ld_ac: 0 | alu_enable: 0
Time: 475000 | PC_out: 10 | Opcode: 110 | Operand: 11100 | Accumulator: 0 | ALU_Result: 0 | Instr: dc | Data_Mem: aa | Wr_En: 0 | Mux_Sel: 0 | PC_En: 0 | SKZ: 0 | JMP: 0 | LDA: 0 | ld_ac: 0 | alu_enable: 0
Time: 485000 | PC_out: 10 | Opcode: 110 | Operand: 11100 | Accumulator: 0 | ALU_Result: 0 | Instr: dc | Data_Mem: 00 | Wr_En: 1 | Mux_Sel: 1 | PC_En: 1 | SKZ: 0 | JMP: 0 | LDA: 0 | ld_ac: 0 | alu_enable: 0
Time: 495000 | PC_out: 11 | Opcode: 110 | Operand: 11100 | Accumulator: 0 | ALU_Result: 0 | Instr: dc | Data_Mem: aa | Wr_En: 0 | Mux_Sel: 1 | PC_En: 0 | SKZ: 0 | JMP: 0 | LDA: 0 | ld_ac: 0 | alu_enable: 0
Time: 505000 | PC_out: 11 | Opcode: 110 | Operand: 11100 | Accumulator: 0 | ALU_Result: 0 | Instr: dc | Data_Mem: 00 | Wr_En: 0 | Mux_Sel: 1 | PC_En: 0 | SKZ: 0 | JMP: 0 | LDA: 0 | ld_ac: 0 | alu_enable: 0
Time: 515000 | PC_out: 11 | Opcode: 110 | Operand: 11100 | Accumulator: 0 | ALU_Result: 0 | Instr: ba | Data_Mem: 00 | Wr_En: 0 | Mux_Sel: 1 | PC_En: 0 | SKZ: 0 | JMP: 0 | LDA: 0 | ld_ac: 0 | alu_enable: 0
Time: 525000 | PC_out: 11 | Opcode: 101 | Operand: 11010 | Accumulator: 0 | ALU_Result: 0 | Instr: ba | Data_Mem: 00 | Wr_En: 0 | Mux_Sel: 1 | PC_En: 0 | SKZ: 0 | JMP: 0 | LDA: 0 | ld_ac: 0 | alu_enable: 0
Time: 535000 | PC_out: 11 | Opcode: 101 | Operand: 11010 | Accumulator: 0 | ALU_Result: 0 | Instr: ba | Data_Mem: 00 | Wr_En: 0 | Mux_Sel: 0 | PC_En: 0 | SKZ: 0 | JMP: 0 | LDA: 0 | ld_ac: 0 | alu_enable: 0
Time: 545000 | PC_out: 11 | Opcode: 101 | Operand: 11010 | Accumulator: 0 | ALU_Result: 0 | Instr: ba | Data_Mem: 00 | Wr_En: 0 | Mux_Sel: 0 | PC_En: 0 | SKZ: 0 | JMP: 0 | LDA: 0 | ld_ac: 0 | alu_enable: 1
Time: 565000 | PC_out: 11 | Opcode: 101 | Operand: 11010 | Accumulator: 0 | ALU_Result: 0 | Instr: ba | Data_Mem: 00 | Wr_En: 0 | Mux_Sel: 1 | PC_En: 1 | SKZ: 0 | JMP: 0 | LDA: 0 | ld_ac: 1 | alu_enable: 0
Time: 575000 | PC_out: 12 | Opcode: 101 | Operand: 11010 | Accumulator: 0 | ALU_Result: 0 | Instr: ba | Data_Mem: 00 | Wr_En: 0 | Mux_Sel: 1 | PC_En: 0 | SKZ: 0 | JMP: 0 | LDA: 0 | ld_ac: 0 | alu_enable: 0
Time: 595000 | PC_out: 12 | Opcode: 101 | Operand: 11010 | Accumulator: 0 | ALU_Result: 0 | Instr: dc | Data_Mem: 00 | Wr_En: 0 | Mux_Sel: 1 | PC_En: 0 | SKZ: 0 | JMP: 0 | LDA: 0 | ld_ac: 0 | alu_enable: 0
Time: 605000 | PC_out: 12 | Opcode: 110 | Operand: 11100 | Accumulator: 0 | ALU_Result: 0 | Instr: dc | Data_Mem: 00 | Wr_En: 0 | Mux_Sel: 1 | PC_En: 0 | SKZ: 0 | JMP: 0 | LDA: 0 | ld_ac: 0 | alu_enable: 0
Time: 615000 | PC_out: 12 | Opcode: 110 | Operand: 11100 | Accumulator: 0 | ALU_Result: 0 | Instr: dc | Data_Mem: 00 | Wr_En: 0 | Mux_Sel: 0 | PC_En: 0 | SKZ: 0 | JMP: 0 | LDA: 0 | ld_ac: 0 | alu_enable: 0
Time: 645000 | PC_out: 12 | Opcode: 110 | Operand: 11100 | Accumulator: 0 | ALU_Result: 0 | Instr: dc | Data_Mem: 00 | Wr_En: 1 | Mux_Sel: 1 | PC_En: 1 | SKZ: 0 | JMP: 0 | LDA: 0 | ld_ac: 0 | alu_enable: 0
Time: 655000 | PC_out: 13 | Opcode: 110 | Operand: 11100 | Accumulator: 0 | ALU_Result: 0 | Instr: dc | Data_Mem: 00 | Wr_En: 0 | Mux_Sel: 1 | PC_En: 0 | SKZ: 0 | JMP: 0 | LDA: 0 | ld_ac: 0 | alu_enable: 0
Time: 675000 | PC_out: 13 | Opcode: 110 | Operand: 11100 | Accumulator: 0 | ALU_Result: 0 | Instr: bc | Data_Mem: 00 | Wr_En: 0 | Mux_Sel: 1 | PC_En: 0 | SKZ: 0 | JMP: 0 | LDA: 0 | ld_ac: 0 | alu_enable: 0
Time: 685000 | PC_out: 13 | Opcode: 101 | Operand: 11100 | Accumulator: 0 | ALU_Result: 0 | Instr: bc | Data_Mem: 00 | Wr_En: 0 | Mux_Sel: 1 | PC_En: 0 | SKZ: 0 | JMP: 0 | LDA: 0 | ld_ac: 0 | alu_enable: 0
Time: 695000 | PC_out: 13 | Opcode: 101 | Operand: 11100 | Accumulator: 0 | ALU_Result: 0 | Instr: bc | Data_Mem: 00 | Wr_En: 0 | Mux_Sel: 0 | PC_En: 0 | SKZ: 0 | JMP: 0 | LDA: 0 | ld_ac: 0 | alu_enable: 0
Time: 705000 | PC_out: 13 | Opcode: 101 | Operand: 11100 | Accumulator: 0 | ALU_Result: 0 | Instr: bc | Data_Mem: 00 | Wr_En: 0 | Mux_Sel: 0 | PC_En: 0 | SKZ: 0 | JMP: 0 | LDA: 0 | ld_ac: 0 | alu_enable: 1
Time: 725000 | PC_out: 13 | Opcode: 101 | Operand: 11100 | Accumulator: 0 | ALU_Result: 0 | Instr: bc | Data_Mem: 00 | Wr_En: 0 | Mux_Sel: 1 | PC_En: 1 | SKZ: 0 | JMP: 0 | LDA: 0 | ld_ac: 1 | alu_enable: 0
Time: 735000 | PC_out: 14 | Opcode: 101 | Operand: 11100 | Accumulator: 0 | ALU_Result: 0 | Instr: bc | Data_Mem: 00 | Wr_En: 0 | Mux_Sel: 1 | PC_En: 0 | SKZ: 0 | JMP: 0 | LDA: 0 | ld_ac: 0 | alu_enable: 0
Time: 755000 | PC_out: 14 | Opcode: 101 | Operand: 11100 | Accumulator: 0 | ALU_Result: 0 | Instr: 20 | Data_Mem: 00 | Wr_En: 0 | Mux_Sel: 1 | PC_En: 0 | SKZ: 0 | JMP: 0 | LDA: 0 | ld_ac: 0 | alu_enable: 0
Time: 765000 | PC_out: 14 | Opcode: 001 | Operand: 00000 | Accumulator: 0 | ALU_Result: 0 | Instr: 20 | Data_Mem: 00 | Wr_En: 0 | Mux_Sel: 1 | PC_En: 0 | SKZ: 0 | JMP: 0 | LDA: 0 | ld_ac: 0 | alu_enable: 0
Time: 775000 | PC_out: 14 | Opcode: 001 | Operand: 00000 | Accumulator: 0 | ALU_Result: 0 | Instr: 20 | Data_Mem: 00 | Wr_En: 0 | Mux_Sel: 0 | PC_En: 0 | SKZ: 1 | JMP: 0 | LDA: 0 | ld_ac: 0 | alu_enable: 0
Time: 795000 | PC_out: 14 | Opcode: 001 | Operand: 00000 | Accumulator: 0 | ALU_Result: 0 | Instr: 20 | Data_Mem: 00 | Wr_En: 0 | Mux_Sel: 0 | PC_En: 1 | SKZ: 1 | JMP: 0 | LDA: 0 | ld_ac: 0 | alu_enable: 0
Time: 805000 | PC_out: 16 | Opcode: 001 | Operand: 00000 | Accumulator: 0 | ALU_Result: 0 | Instr: 20 | Data_Mem: 00 | Wr_En: 0 | Mux_Sel: 1 | PC_En: 1 | SKZ: 0 | JMP: 0 | LDA: 0 | ld_ac: 0 | alu_enable: 0
Time: 815000 | PC_out: 17 | Opcode: 001 | Operand: 00000 | Accumulator: 0 | ALU_Result: 0 | Instr: 20 | Data_Mem: 00 | Wr_En: 0 | Mux_Sel: 1 | PC_En: 0 | SKZ: 0 | JMP: 0 | LDA: 0 | ld_ac: 0 | alu_enable: 0
Time: 855000 | PC_out: 17 | Opcode: 001 | Operand: 00000 | Accumulator: 0 | ALU_Result: 0 | Instr: 20 | Data_Mem: 00 | Wr_En: 0 | Mux_Sel: 0 | PC_En: 0 | SKZ: 1 | JMP: 0 | LDA: 0 | ld_ac: 0 | alu_enable: 0
Time: 875000 | PC_out: 17 | Opcode: 001 | Operand: 00000 | Accumulator: 0 | ALU_Result: 0 | Instr: 20 | Data_Mem: 00 | Wr_En: 0 | Mux_Sel: 0 | PC_En: 1 | SKZ: 1 | JMP: 0 | LDA: 0 | ld_ac: 0 | alu_enable: 0
Time: 885000 | PC_out: 19 | Opcode: 001 | Operand: 00000 | Accumulator: 0 | ALU_Result: 0 | Instr: 20 | Data_Mem: 00 | Wr_En: 0 | Mux_Sel: 1 | PC_En: 1 | SKZ: 0 | JMP: 0 | LDA: 0 | ld_ac: 0 | alu_enable: 0
Time: 895000 | PC_out: 20 | Opcode: 001 | Operand: 00000 | Accumulator: 0 | ALU_Result: 0 | Instr: 20 | Data_Mem: 00 | Wr_En: 0 | Mux_Sel: 1 | PC_En: 0 | SKZ: 0 | JMP: 0 | LDA: 0 | ld_ac: 0 | alu_enable: 0
Time: 915000 | PC_out: 20 | Opcode: 001 | Operand: 00000 | Accumulator: 0 | ALU_Result: 0 | Instr: 9b | Data_Mem: 00 | Wr_En: 0 | Mux_Sel: 1 | PC_En: 0 | SKZ: 0 | JMP: 0 | LDA: 0 | ld_ac: 0 | alu_enable: 0
Time: 925000 | PC_out: 20 | Opcode: 100 | Operand: 11011 | Accumulator: 0 | ALU_Result: 0 | Instr: 9b | Data_Mem: 00 | Wr_En: 0 | Mux_Sel: 1 | PC_En: 0 | SKZ: 0 | JMP: 0 | LDA: 0 | ld_ac: 0 | alu_enable: 0
Time: 935000 | PC_out: 20 | Opcode: 100 | Operand: 11011 | Accumulator: 0 | ALU_Result: 0 | Instr: 9b | Data_Mem: 00 | Wr_En: 0 | Mux_Sel: 0 | PC_En: 0 | SKZ: 0 | JMP: 0 | LDA: 0 | ld_ac: 0 | alu_enable: 1
Time: 955000 | PC_out: 20 | Opcode: 100 | Operand: 11011 | Accumulator: 0 | ALU_Result: 0 | Instr: 9b | Data_Mem: ff | Wr_En: 0 | Mux_Sel: 0 | PC_En: 0 | SKZ: 0 | JMP: 0 | LDA: 0 | ld_ac: 0 | alu_enable: 1
Time: 965000 | PC_out: 20 | Opcode: 100 | Operand: 11011 | Accumulator: 0 | ALU_Result: 255 | Instr: 9b | Data_Mem: ff | Wr_En: 0 | Mux_Sel: 1 | PC_En: 1 | SKZ: 0 | JMP: 0 | LDA: 0 | ld_ac: 1 | alu_enable: 0
Time: 975000 | PC_out: 21 | Opcode: 100 | Operand: 11011 | Accumulator: 255 | ALU_Result: 255 | Instr: 9b | Data_Mem: ff | Wr_En: 0 | Mux_Sel: 1 | PC_En: 0 | SKZ: 0 | JMP: 0 | LDA: 0 | ld_ac: 0 | alu_enable: 0
Time: 995000 | PC_out: 21 | Opcode: 100 | Operand: 11011 | Accumulator: 255 | ALU_Result: 255 | Instr: 20 | Data_Mem: ff | Wr_En: 0 | Mux_Sel: 1 | PC_En: 0 | SKZ: 0 | JMP: 0 | LDA: 0 | ld_ac: 0 | alu_enable: 0
INFO: [USF-XSim-96] XSim completed. Design snapshot 'RISC_CPU_tb_behav' loaded.
INFO: [USF-XSim-97] XSim simulation ran for 1000ns
launch_simulation: Time (s): cpu = 00:00:02 ; elapsed = 00:00:05 . Memory (MB): peak = 2721.336 ; gain = 0.000
close_sim
INFO: [Simtcl 6-16] Simulation closed
launch_simulation
Command: launch_simulation 
INFO: [Vivado 12-12493] Simulation top is 'RISC_CPU_tb'
WARNING: [Vivado 12-13340] Unable to auto find GCC executables from simulator install path! (path not set)
INFO: [Vivado 12-5682] Launching behavioral simulation in 'D:/Minh_Hung/L05_Group_2_BTL_TKVM/L05_Group_2_BTL_TKVM.sim/sim_1/behav/xsim'
INFO: [SIM-utils-51] Simulation object is 'sim_1'
INFO: [SIM-utils-72] Using boost library from 'D:/Vivado/2024.1/tps/boost_1_72_0'
INFO: [SIM-utils-54] Inspecting design source files for 'RISC_CPU_tb' in fileset 'sim_1'...
INFO: [SIM-utils-43] Exported 'D:/Minh_Hung/L05_Group_2_BTL_TKVM/L05_Group_2_BTL_TKVM.sim/sim_1/behav/xsim/data_init.mem'
INFO: [SIM-utils-43] Exported 'D:/Minh_Hung/L05_Group_2_BTL_TKVM/L05_Group_2_BTL_TKVM.sim/sim_1/behav/xsim/instruction_file.mem'
INFO: [USF-XSim-97] Finding global include files...
INFO: [USF-XSim-98] Fetching design files from 'sim_1'...
INFO: [USF-XSim-2] XSim::Compile design
INFO: [USF-XSim-61] Executing 'COMPILE and ANALYZE' step in 'D:/Minh_Hung/L05_Group_2_BTL_TKVM/L05_Group_2_BTL_TKVM.sim/sim_1/behav/xsim'
"xvlog --incr --relax -prj RISC_CPU_tb_vlog.prj"
INFO: [VRFC 10-2263] Analyzing Verilog file "D:/Minh_Hung/L05_Group_2_BTL_TKVM/L05_Group_2_BTL_TKVM.srcs/sources_1/new/ALU.v" into library xil_defaultlib
INFO: [VRFC 10-311] analyzing module ALU
INFO: [VRFC 10-2263] Analyzing Verilog file "D:/Minh_Hung/L05_Group_2_BTL_TKVM/L05_Group_2_BTL_TKVM.srcs/sources_1/new/Accumulator.v" into library xil_defaultlib
INFO: [VRFC 10-311] analyzing module Accumulator
INFO: [VRFC 10-2263] Analyzing Verilog file "D:/Minh_Hung/L05_Group_2_BTL_TKVM/L05_Group_2_BTL_TKVM.srcs/sources_1/new/Controller.v" into library xil_defaultlib
INFO: [VRFC 10-311] analyzing module Controller
INFO: [VRFC 10-2263] Analyzing Verilog file "D:/Minh_Hung/L05_Group_2_BTL_TKVM/L05_Group_2_BTL_TKVM.srcs/sources_1/new/DataMemory.v" into library xil_defaultlib
INFO: [VRFC 10-311] analyzing module dataMemory
INFO: [VRFC 10-2263] Analyzing Verilog file "D:/Minh_Hung/L05_Group_2_BTL_TKVM/L05_Group_2_BTL_TKVM.srcs/sources_1/new/Instruction_Memory.v" into library xil_defaultlib
INFO: [VRFC 10-311] analyzing module instructionMemory
INFO: [VRFC 10-2263] Analyzing Verilog file "D:/Minh_Hung/L05_Group_2_BTL_TKVM/L05_Group_2_BTL_TKVM.srcs/sources_1/new/Instruction_register.v" into library xil_defaultlib
INFO: [VRFC 10-311] analyzing module Instruction_Register
INFO: [VRFC 10-2263] Analyzing Verilog file "D:/Minh_Hung/L05_Group_2_BTL_TKVM/L05_Group_2_BTL_TKVM.srcs/sources_1/new/Program_counter.v" into library xil_defaultlib
INFO: [VRFC 10-311] analyzing module Program_counter
INFO: [VRFC 10-2263] Analyzing Verilog file "D:/Minh_Hung/L05_Group_2_BTL_TKVM/L05_Group_2_BTL_TKVM.srcs/sources_1/new/RISC_CPU.v" into library xil_defaultlib
INFO: [VRFC 10-311] analyzing module RISC_CPU
INFO: [VRFC 10-2263] Analyzing Verilog file "D:/Minh_Hung/L05_Group_2_BTL_TKVM/L05_Group_2_BTL_TKVM.srcs/sources_1/new/addr_mux.v" into library xil_defaultlib
INFO: [VRFC 10-311] analyzing module addr_mux
INFO: [VRFC 10-2263] Analyzing Verilog file "D:/Minh_Hung/L05_Group_2_BTL_TKVM/L05_Group_2_BTL_TKVM.srcs/sim_1/new/RISC_CPU_tb.v" into library xil_defaultlib
INFO: [VRFC 10-311] analyzing module RISC_CPU_tb
INFO: [USF-XSim-69] 'compile' step finished in '1' seconds
INFO: [USF-XSim-3] XSim::Elaborate design
INFO: [USF-XSim-61] Executing 'ELABORATE' step in 'D:/Minh_Hung/L05_Group_2_BTL_TKVM/L05_Group_2_BTL_TKVM.sim/sim_1/behav/xsim'
"xelab --incr --debug typical --relax --mt 2 -L xil_defaultlib -L unisims_ver -L unimacro_ver -L secureip --snapshot RISC_CPU_tb_behav xil_defaultlib.RISC_CPU_tb xil_defaultlib.glbl -log elaborate.log"
Vivado Simulator v2024.1
Copyright 1986-2022 Xilinx, Inc. All Rights Reserved.
Copyright 2022-2024 Advanced Micro Devices, Inc. All Rights Reserved.
Running: D:/Vivado/2024.1/bin/unwrapped/win64.o/xelab.exe --incr --debug typical --relax --mt 2 -L xil_defaultlib -L unisims_ver -L unimacro_ver -L secureip --snapshot RISC_CPU_tb_behav xil_defaultlib.RISC_CPU_tb xil_defaultlib.glbl -log elaborate.log 
Using 2 slave threads.
Starting static elaboration
Pass Through NonSizing Optimizer
Completed static elaboration
Starting simulation data flow analysis
WARNING: [XSIM 43-4099] "D:/Minh_Hung/L05_Group_2_BTL_TKVM/L05_Group_2_BTL_TKVM.srcs/sources_1/new/ALU.v" Line 1. Module ALU doesn't have a timescale but at least one module in design has a timescale.
WARNING: [XSIM 43-4099] "D:/Minh_Hung/L05_Group_2_BTL_TKVM/L05_Group_2_BTL_TKVM.srcs/sources_1/new/ALU.v" Line 1. Module ALU doesn't have a timescale but at least one module in design has a timescale.
Completed simulation data flow analysis
Time Resolution for simulation is 1ps
Compiling module xil_defaultlib.Controller
Compiling module xil_defaultlib.Program_counter
Compiling module xil_defaultlib.addr_mux
Compiling module xil_defaultlib.instructionMemory
Compiling module xil_defaultlib.Instruction_Register
Compiling module xil_defaultlib.dataMemory
Compiling module xil_defaultlib.ALU
Compiling module xil_defaultlib.Accumulator
Compiling module xil_defaultlib.RISC_CPU
Compiling module xil_defaultlib.RISC_CPU_tb
Compiling module xil_defaultlib.glbl
Built simulation snapshot RISC_CPU_tb_behav
INFO: [USF-XSim-69] 'elaborate' step finished in '2' seconds
INFO: [USF-XSim-4] XSim::Simulate design
INFO: [USF-XSim-61] Executing 'SIMULATE' step in 'D:/Minh_Hung/L05_Group_2_BTL_TKVM/L05_Group_2_BTL_TKVM.sim/sim_1/behav/xsim'
INFO: [USF-XSim-98] *** Running xsim
   with args "RISC_CPU_tb_behav -key {Behavioral:sim_1:Functional:RISC_CPU_tb} -tclbatch {RISC_CPU_tb.tcl} -log {simulate.log}"
INFO: [USF-XSim-8] Loading simulator feature
Time resolution is 1 ps
source RISC_CPU_tb.tcl
# set curr_wave [current_wave_config]
# if { [string length $curr_wave] == 0 } {
#   if { [llength [get_objects]] > 0} {
#     add_wave /
#     set_property needs_save false [current_wave_config]
#   } else {
#      send_msg_id Add_Wave-1 WARNING "No top level signals found. Simulator will start without a wave window. If you want to open a wave window go to 'File->New Waveform Configuration' or type 'create_wave_config' in the TCL console."
#   }
# }
# run 1000ns
Time: 0 | PC_out: 0 | Opcode: zzz | Operand: zzzzz | Accumulator: 0 | ALU_Result: x | Instr: xx | Data_Mem: xx | Wr_En: 0 | Mux_Sel: 0 | PC_En: 0 | SKZ: 0 | JMP: 0 | LDA: 0 | ld_ac: 0 | alu_enable: 0
Time: 15000 | PC_out: 0 | Opcode: zzz | Operand: zzzzz | Accumulator: 0 | ALU_Result: x | Instr: xx | Data_Mem: xx | Wr_En: 0 | Mux_Sel: 1 | PC_En: 0 | SKZ: 0 | JMP: 0 | LDA: 0 | ld_ac: 0 | alu_enable: 0
Time: 35000 | PC_out: 0 | Opcode: xxx | Operand: xxxxx | Accumulator: 0 | ALU_Result: x | Instr: fe | Data_Mem: xx | Wr_En: 0 | Mux_Sel: 1 | PC_En: 0 | SKZ: 0 | JMP: 0 | LDA: 0 | ld_ac: 0 | alu_enable: 0
Time: 45000 | PC_out: 0 | Opcode: 111 | Operand: 11110 | Accumulator: 0 | ALU_Result: x | Instr: fe | Data_Mem: xx | Wr_En: 0 | Mux_Sel: 0 | PC_En: 1 | SKZ: 0 | JMP: 0 | LDA: 0 | ld_ac: 0 | alu_enable: 0
Time: 55000 | PC_out: 1 | Opcode: 111 | Operand: 11110 | Accumulator: 0 | ALU_Result: x | Instr: fe | Data_Mem: xx | Wr_En: 0 | Mux_Sel: 0 | PC_En: 0 | SKZ: 0 | JMP: 0 | LDA: 0 | ld_ac: 0 | alu_enable: 0
Time: 65000 | PC_out: 1 | Opcode: 111 | Operand: 11110 | Accumulator: 0 | ALU_Result: x | Instr: fe | Data_Mem: xx | Wr_En: 0 | Mux_Sel: 0 | PC_En: 1 | SKZ: 0 | JMP: 1 | LDA: 0 | ld_ac: 0 | alu_enable: 0
Time: 75000 | PC_out: 30 | Opcode: 111 | Operand: 11110 | Accumulator: 0 | ALU_Result: x | Instr: fe | Data_Mem: xx | Wr_En: 0 | Mux_Sel: 1 | PC_En: 1 | SKZ: 0 | JMP: 1 | LDA: 0 | ld_ac: 0 | alu_enable: 0
Time: 85000 | PC_out: 30 | Opcode: 111 | Operand: 11110 | Accumulator: 0 | ALU_Result: x | Instr: fe | Data_Mem: xx | Wr_En: 0 | Mux_Sel: 1 | PC_En: 0 | SKZ: 0 | JMP: 0 | LDA: 0 | ld_ac: 0 | alu_enable: 0
Time: 105000 | PC_out: 30 | Opcode: 111 | Operand: 11110 | Accumulator: 0 | ALU_Result: x | Instr: e3 | Data_Mem: xx | Wr_En: 0 | Mux_Sel: 1 | PC_En: 0 | SKZ: 0 | JMP: 0 | LDA: 0 | ld_ac: 0 | alu_enable: 0
Time: 115000 | PC_out: 30 | Opcode: 111 | Operand: 00011 | Accumulator: 0 | ALU_Result: x | Instr: e3 | Data_Mem: xx | Wr_En: 0 | Mux_Sel: 1 | PC_En: 0 | SKZ: 0 | JMP: 0 | LDA: 0 | ld_ac: 0 | alu_enable: 0
Time: 125000 | PC_out: 30 | Opcode: 111 | Operand: 00011 | Accumulator: 0 | ALU_Result: x | Instr: e3 | Data_Mem: xx | Wr_En: 0 | Mux_Sel: 0 | PC_En: 1 | SKZ: 0 | JMP: 0 | LDA: 0 | ld_ac: 0 | alu_enable: 0
Time: 135000 | PC_out: 31 | Opcode: 111 | Operand: 00011 | Accumulator: 0 | ALU_Result: x | Instr: e3 | Data_Mem: xx | Wr_En: 0 | Mux_Sel: 0 | PC_En: 0 | SKZ: 0 | JMP: 0 | LDA: 0 | ld_ac: 0 | alu_enable: 0
Time: 145000 | PC_out: 31 | Opcode: 111 | Operand: 00011 | Accumulator: 0 | ALU_Result: x | Instr: e3 | Data_Mem: 00 | Wr_En: 0 | Mux_Sel: 0 | PC_En: 1 | SKZ: 0 | JMP: 1 | LDA: 0 | ld_ac: 0 | alu_enable: 0
Time: 155000 | PC_out: 3 | Opcode: 111 | Operand: 00011 | Accumulator: 0 | ALU_Result: x | Instr: e3 | Data_Mem: 00 | Wr_En: 0 | Mux_Sel: 1 | PC_En: 1 | SKZ: 0 | JMP: 1 | LDA: 0 | ld_ac: 0 | alu_enable: 0
Time: 165000 | PC_out: 3 | Opcode: 111 | Operand: 00011 | Accumulator: 0 | ALU_Result: x | Instr: e3 | Data_Mem: 00 | Wr_En: 0 | Mux_Sel: 1 | PC_En: 0 | SKZ: 0 | JMP: 0 | LDA: 0 | ld_ac: 0 | alu_enable: 0
Time: 185000 | PC_out: 3 | Opcode: 111 | Operand: 00011 | Accumulator: 0 | ALU_Result: x | Instr: ba | Data_Mem: 00 | Wr_En: 0 | Mux_Sel: 1 | PC_En: 0 | SKZ: 0 | JMP: 0 | LDA: 0 | ld_ac: 0 | alu_enable: 0
Time: 195000 | PC_out: 3 | Opcode: 101 | Operand: 11010 | Accumulator: 0 | ALU_Result: x | Instr: ba | Data_Mem: 00 | Wr_En: 0 | Mux_Sel: 1 | PC_En: 0 | SKZ: 0 | JMP: 0 | LDA: 0 | ld_ac: 0 | alu_enable: 0
Time: 205000 | PC_out: 3 | Opcode: 101 | Operand: 11010 | Accumulator: 0 | ALU_Result: x | Instr: ba | Data_Mem: 00 | Wr_En: 0 | Mux_Sel: 0 | PC_En: 1 | SKZ: 0 | JMP: 0 | LDA: 0 | ld_ac: 0 | alu_enable: 0
Time: 215000 | PC_out: 4 | Opcode: 101 | Operand: 11010 | Accumulator: 0 | ALU_Result: x | Instr: ba | Data_Mem: 00 | Wr_En: 0 | Mux_Sel: 0 | PC_En: 0 | SKZ: 0 | JMP: 0 | LDA: 0 | ld_ac: 0 | alu_enable: 1
Time: 225000 | PC_out: 4 | Opcode: 101 | Operand: 11010 | Accumulator: 0 | ALU_Result: 0 | Instr: ba | Data_Mem: 00 | Wr_En: 0 | Mux_Sel: 0 | PC_En: 0 | SKZ: 0 | JMP: 0 | LDA: 0 | ld_ac: 0 | alu_enable: 1
Time: 235000 | PC_out: 4 | Opcode: 101 | Operand: 11010 | Accumulator: 0 | ALU_Result: 0 | Instr: ba | Data_Mem: 00 | Wr_En: 0 | Mux_Sel: 1 | PC_En: 1 | SKZ: 0 | JMP: 0 | LDA: 1 | ld_ac: 1 | alu_enable: 0
Time: 245000 | PC_out: 5 | Opcode: 101 | Operand: 11010 | Accumulator: 0 | ALU_Result: 0 | Instr: ba | Data_Mem: 00 | Wr_En: 0 | Mux_Sel: 1 | PC_En: 0 | SKZ: 0 | JMP: 0 | LDA: 0 | ld_ac: 0 | alu_enable: 0
Time: 265000 | PC_out: 5 | Opcode: 101 | Operand: 11010 | Accumulator: 0 | ALU_Result: 0 | Instr: 00 | Data_Mem: 00 | Wr_En: 0 | Mux_Sel: 1 | PC_En: 0 | SKZ: 0 | JMP: 0 | LDA: 0 | ld_ac: 0 | alu_enable: 0
Time: 275000 | PC_out: 5 | Opcode: 000 | Operand: 00000 | Accumulator: 0 | ALU_Result: 0 | Instr: 00 | Data_Mem: 00 | Wr_En: 0 | Mux_Sel: 1 | PC_En: 0 | SKZ: 0 | JMP: 0 | LDA: 0 | ld_ac: 0 | alu_enable: 0
Time: 285000 | PC_out: 5 | Opcode: 000 | Operand: 00000 | Accumulator: 0 | ALU_Result: 0 | Instr: 00 | Data_Mem: 00 | Wr_En: 0 | Mux_Sel: 0 | PC_En: 1 | SKZ: 0 | JMP: 0 | LDA: 0 | ld_ac: 0 | alu_enable: 0
Time: 295000 | PC_out: 6 | Opcode: 000 | Operand: 00000 | Accumulator: 0 | ALU_Result: 0 | Instr: 00 | Data_Mem: 00 | Wr_En: 0 | Mux_Sel: 0 | PC_En: 0 | SKZ: 0 | JMP: 0 | LDA: 0 | ld_ac: 0 | alu_enable: 0
INFO: [USF-XSim-96] XSim completed. Design snapshot 'RISC_CPU_tb_behav' loaded.
INFO: [USF-XSim-97] XSim simulation ran for 1000ns
launch_simulation: Time (s): cpu = 00:00:01 ; elapsed = 00:00:05 . Memory (MB): peak = 2721.336 ; gain = 0.000
close_sim
INFO: [Simtcl 6-16] Simulation closed
launch_simulation
Command: launch_simulation 
INFO: [Vivado 12-12493] Simulation top is 'RISC_CPU_tb'
WARNING: [Vivado 12-13340] Unable to auto find GCC executables from simulator install path! (path not set)
INFO: [Vivado 12-5682] Launching behavioral simulation in 'D:/Minh_Hung/L05_Group_2_BTL_TKVM/L05_Group_2_BTL_TKVM.sim/sim_1/behav/xsim'
INFO: [SIM-utils-51] Simulation object is 'sim_1'
INFO: [SIM-utils-72] Using boost library from 'D:/Vivado/2024.1/tps/boost_1_72_0'
INFO: [SIM-utils-54] Inspecting design source files for 'RISC_CPU_tb' in fileset 'sim_1'...
INFO: [SIM-utils-43] Exported 'D:/Minh_Hung/L05_Group_2_BTL_TKVM/L05_Group_2_BTL_TKVM.sim/sim_1/behav/xsim/data_init.mem'
INFO: [SIM-utils-43] Exported 'D:/Minh_Hung/L05_Group_2_BTL_TKVM/L05_Group_2_BTL_TKVM.sim/sim_1/behav/xsim/instruction_file.mem'
INFO: [USF-XSim-97] Finding global include files...
INFO: [USF-XSim-98] Fetching design files from 'sim_1'...
INFO: [USF-XSim-2] XSim::Compile design
INFO: [USF-XSim-61] Executing 'COMPILE and ANALYZE' step in 'D:/Minh_Hung/L05_Group_2_BTL_TKVM/L05_Group_2_BTL_TKVM.sim/sim_1/behav/xsim'
"xvlog --incr --relax -prj RISC_CPU_tb_vlog.prj"
INFO: [VRFC 10-2263] Analyzing Verilog file "D:/Minh_Hung/L05_Group_2_BTL_TKVM/L05_Group_2_BTL_TKVM.srcs/sources_1/new/ALU.v" into library xil_defaultlib
INFO: [VRFC 10-311] analyzing module ALU
INFO: [VRFC 10-2263] Analyzing Verilog file "D:/Minh_Hung/L05_Group_2_BTL_TKVM/L05_Group_2_BTL_TKVM.srcs/sources_1/new/Accumulator.v" into library xil_defaultlib
INFO: [VRFC 10-311] analyzing module Accumulator
INFO: [VRFC 10-2263] Analyzing Verilog file "D:/Minh_Hung/L05_Group_2_BTL_TKVM/L05_Group_2_BTL_TKVM.srcs/sources_1/new/Controller.v" into library xil_defaultlib
INFO: [VRFC 10-311] analyzing module Controller
INFO: [VRFC 10-2263] Analyzing Verilog file "D:/Minh_Hung/L05_Group_2_BTL_TKVM/L05_Group_2_BTL_TKVM.srcs/sources_1/new/DataMemory.v" into library xil_defaultlib
INFO: [VRFC 10-311] analyzing module dataMemory
INFO: [VRFC 10-2263] Analyzing Verilog file "D:/Minh_Hung/L05_Group_2_BTL_TKVM/L05_Group_2_BTL_TKVM.srcs/sources_1/new/Instruction_Memory.v" into library xil_defaultlib
INFO: [VRFC 10-311] analyzing module instructionMemory
INFO: [VRFC 10-2263] Analyzing Verilog file "D:/Minh_Hung/L05_Group_2_BTL_TKVM/L05_Group_2_BTL_TKVM.srcs/sources_1/new/Instruction_register.v" into library xil_defaultlib
INFO: [VRFC 10-311] analyzing module Instruction_Register
INFO: [VRFC 10-2263] Analyzing Verilog file "D:/Minh_Hung/L05_Group_2_BTL_TKVM/L05_Group_2_BTL_TKVM.srcs/sources_1/new/Program_counter.v" into library xil_defaultlib
INFO: [VRFC 10-311] analyzing module Program_counter
INFO: [VRFC 10-2263] Analyzing Verilog file "D:/Minh_Hung/L05_Group_2_BTL_TKVM/L05_Group_2_BTL_TKVM.srcs/sources_1/new/RISC_CPU.v" into library xil_defaultlib
INFO: [VRFC 10-311] analyzing module RISC_CPU
INFO: [VRFC 10-2263] Analyzing Verilog file "D:/Minh_Hung/L05_Group_2_BTL_TKVM/L05_Group_2_BTL_TKVM.srcs/sources_1/new/addr_mux.v" into library xil_defaultlib
INFO: [VRFC 10-311] analyzing module addr_mux
INFO: [VRFC 10-2263] Analyzing Verilog file "D:/Minh_Hung/L05_Group_2_BTL_TKVM/L05_Group_2_BTL_TKVM.srcs/sim_1/new/RISC_CPU_tb.v" into library xil_defaultlib
INFO: [VRFC 10-311] analyzing module RISC_CPU_tb
INFO: [USF-XSim-69] 'compile' step finished in '1' seconds
INFO: [USF-XSim-3] XSim::Elaborate design
INFO: [USF-XSim-61] Executing 'ELABORATE' step in 'D:/Minh_Hung/L05_Group_2_BTL_TKVM/L05_Group_2_BTL_TKVM.sim/sim_1/behav/xsim'
"xelab --incr --debug typical --relax --mt 2 -L xil_defaultlib -L unisims_ver -L unimacro_ver -L secureip --snapshot RISC_CPU_tb_behav xil_defaultlib.RISC_CPU_tb xil_defaultlib.glbl -log elaborate.log"
Vivado Simulator v2024.1
Copyright 1986-2022 Xilinx, Inc. All Rights Reserved.
Copyright 2022-2024 Advanced Micro Devices, Inc. All Rights Reserved.
Running: D:/Vivado/2024.1/bin/unwrapped/win64.o/xelab.exe --incr --debug typical --relax --mt 2 -L xil_defaultlib -L unisims_ver -L unimacro_ver -L secureip --snapshot RISC_CPU_tb_behav xil_defaultlib.RISC_CPU_tb xil_defaultlib.glbl -log elaborate.log 
Using 2 slave threads.
Starting static elaboration
Pass Through NonSizing Optimizer
Completed static elaboration
Starting simulation data flow analysis
WARNING: [XSIM 43-4099] "D:/Minh_Hung/L05_Group_2_BTL_TKVM/L05_Group_2_BTL_TKVM.srcs/sources_1/new/ALU.v" Line 1. Module ALU doesn't have a timescale but at least one module in design has a timescale.
WARNING: [XSIM 43-4099] "D:/Minh_Hung/L05_Group_2_BTL_TKVM/L05_Group_2_BTL_TKVM.srcs/sources_1/new/ALU.v" Line 1. Module ALU doesn't have a timescale but at least one module in design has a timescale.
Completed simulation data flow analysis
Time Resolution for simulation is 1ps
Compiling module xil_defaultlib.Controller
Compiling module xil_defaultlib.Program_counter
Compiling module xil_defaultlib.addr_mux
Compiling module xil_defaultlib.instructionMemory
Compiling module xil_defaultlib.Instruction_Register
Compiling module xil_defaultlib.dataMemory
Compiling module xil_defaultlib.ALU
Compiling module xil_defaultlib.Accumulator
Compiling module xil_defaultlib.RISC_CPU
Compiling module xil_defaultlib.RISC_CPU_tb
Compiling module xil_defaultlib.glbl
Built simulation snapshot RISC_CPU_tb_behav
INFO: [USF-XSim-69] 'elaborate' step finished in '2' seconds
INFO: [USF-XSim-4] XSim::Simulate design
INFO: [USF-XSim-61] Executing 'SIMULATE' step in 'D:/Minh_Hung/L05_Group_2_BTL_TKVM/L05_Group_2_BTL_TKVM.sim/sim_1/behav/xsim'
INFO: [USF-XSim-98] *** Running xsim
   with args "RISC_CPU_tb_behav -key {Behavioral:sim_1:Functional:RISC_CPU_tb} -tclbatch {RISC_CPU_tb.tcl} -log {simulate.log}"
INFO: [USF-XSim-8] Loading simulator feature
Time resolution is 1 ps
source RISC_CPU_tb.tcl
# set curr_wave [current_wave_config]
# if { [string length $curr_wave] == 0 } {
#   if { [llength [get_objects]] > 0} {
#     add_wave /
#     set_property needs_save false [current_wave_config]
#   } else {
#      send_msg_id Add_Wave-1 WARNING "No top level signals found. Simulator will start without a wave window. If you want to open a wave window go to 'File->New Waveform Configuration' or type 'create_wave_config' in the TCL console."
#   }
# }
# run 1000ns
Time: 0 | PC_out: 0 | Opcode: zzz | Operand: zzzzz | Accumulator: 0 | ALU_Result: x | Instr: xx | Data_Mem: xx | Wr_En: 0 | Mux_Sel: 0 | PC_En: 0 | SKZ: 0 | JMP: 0 | LDA: 0 | ld_ac: 0 | alu_enable: 0
Time: 15000 | PC_out: 0 | Opcode: zzz | Operand: zzzzz | Accumulator: 0 | ALU_Result: x | Instr: xx | Data_Mem: xx | Wr_En: 0 | Mux_Sel: 1 | PC_En: 0 | SKZ: 0 | JMP: 0 | LDA: 0 | ld_ac: 0 | alu_enable: 0
Time: 35000 | PC_out: 0 | Opcode: xxx | Operand: xxxxx | Accumulator: 0 | ALU_Result: x | Instr: fe | Data_Mem: xx | Wr_En: 0 | Mux_Sel: 1 | PC_En: 0 | SKZ: 0 | JMP: 0 | LDA: 0 | ld_ac: 0 | alu_enable: 0
Time: 45000 | PC_out: 0 | Opcode: 111 | Operand: 11110 | Accumulator: 0 | ALU_Result: x | Instr: fe | Data_Mem: xx | Wr_En: 0 | Mux_Sel: 0 | PC_En: 1 | SKZ: 0 | JMP: 0 | LDA: 0 | ld_ac: 0 | alu_enable: 0
Time: 55000 | PC_out: 1 | Opcode: 111 | Operand: 11110 | Accumulator: 0 | ALU_Result: x | Instr: fe | Data_Mem: xx | Wr_En: 0 | Mux_Sel: 0 | PC_En: 0 | SKZ: 0 | JMP: 0 | LDA: 0 | ld_ac: 0 | alu_enable: 0
Time: 65000 | PC_out: 1 | Opcode: 111 | Operand: 11110 | Accumulator: 0 | ALU_Result: x | Instr: fe | Data_Mem: xx | Wr_En: 0 | Mux_Sel: 0 | PC_En: 1 | SKZ: 0 | JMP: 1 | LDA: 0 | ld_ac: 0 | alu_enable: 0
Time: 75000 | PC_out: 30 | Opcode: 111 | Operand: 11110 | Accumulator: 0 | ALU_Result: x | Instr: fe | Data_Mem: xx | Wr_En: 0 | Mux_Sel: 1 | PC_En: 1 | SKZ: 0 | JMP: 1 | LDA: 0 | ld_ac: 0 | alu_enable: 0
Time: 85000 | PC_out: 30 | Opcode: 111 | Operand: 11110 | Accumulator: 0 | ALU_Result: x | Instr: fe | Data_Mem: xx | Wr_En: 0 | Mux_Sel: 1 | PC_En: 0 | SKZ: 0 | JMP: 0 | LDA: 0 | ld_ac: 0 | alu_enable: 0
Time: 105000 | PC_out: 30 | Opcode: 111 | Operand: 11110 | Accumulator: 0 | ALU_Result: x | Instr: e3 | Data_Mem: xx | Wr_En: 0 | Mux_Sel: 1 | PC_En: 0 | SKZ: 0 | JMP: 0 | LDA: 0 | ld_ac: 0 | alu_enable: 0
Time: 115000 | PC_out: 30 | Opcode: 111 | Operand: 00011 | Accumulator: 0 | ALU_Result: x | Instr: e3 | Data_Mem: xx | Wr_En: 0 | Mux_Sel: 1 | PC_En: 0 | SKZ: 0 | JMP: 0 | LDA: 0 | ld_ac: 0 | alu_enable: 0
Time: 125000 | PC_out: 30 | Opcode: 111 | Operand: 00011 | Accumulator: 0 | ALU_Result: x | Instr: e3 | Data_Mem: xx | Wr_En: 0 | Mux_Sel: 0 | PC_En: 1 | SKZ: 0 | JMP: 0 | LDA: 0 | ld_ac: 0 | alu_enable: 0
Time: 135000 | PC_out: 31 | Opcode: 111 | Operand: 00011 | Accumulator: 0 | ALU_Result: x | Instr: e3 | Data_Mem: xx | Wr_En: 0 | Mux_Sel: 0 | PC_En: 0 | SKZ: 0 | JMP: 0 | LDA: 0 | ld_ac: 0 | alu_enable: 0
Time: 145000 | PC_out: 31 | Opcode: 111 | Operand: 00011 | Accumulator: 0 | ALU_Result: x | Instr: e3 | Data_Mem: 00 | Wr_En: 0 | Mux_Sel: 0 | PC_En: 1 | SKZ: 0 | JMP: 1 | LDA: 0 | ld_ac: 0 | alu_enable: 0
Time: 155000 | PC_out: 3 | Opcode: 111 | Operand: 00011 | Accumulator: 0 | ALU_Result: x | Instr: e3 | Data_Mem: 00 | Wr_En: 0 | Mux_Sel: 1 | PC_En: 1 | SKZ: 0 | JMP: 1 | LDA: 0 | ld_ac: 0 | alu_enable: 0
Time: 165000 | PC_out: 3 | Opcode: 111 | Operand: 00011 | Accumulator: 0 | ALU_Result: x | Instr: e3 | Data_Mem: 00 | Wr_En: 0 | Mux_Sel: 1 | PC_En: 0 | SKZ: 0 | JMP: 0 | LDA: 0 | ld_ac: 0 | alu_enable: 0
Time: 185000 | PC_out: 3 | Opcode: 111 | Operand: 00011 | Accumulator: 0 | ALU_Result: x | Instr: ba | Data_Mem: 00 | Wr_En: 0 | Mux_Sel: 1 | PC_En: 0 | SKZ: 0 | JMP: 0 | LDA: 0 | ld_ac: 0 | alu_enable: 0
Time: 195000 | PC_out: 3 | Opcode: 101 | Operand: 11010 | Accumulator: 0 | ALU_Result: x | Instr: ba | Data_Mem: 00 | Wr_En: 0 | Mux_Sel: 1 | PC_En: 0 | SKZ: 0 | JMP: 0 | LDA: 0 | ld_ac: 0 | alu_enable: 0
Time: 205000 | PC_out: 3 | Opcode: 101 | Operand: 11010 | Accumulator: 0 | ALU_Result: x | Instr: ba | Data_Mem: 00 | Wr_En: 0 | Mux_Sel: 0 | PC_En: 1 | SKZ: 0 | JMP: 0 | LDA: 0 | ld_ac: 0 | alu_enable: 0
Time: 215000 | PC_out: 4 | Opcode: 101 | Operand: 11010 | Accumulator: 0 | ALU_Result: x | Instr: ba | Data_Mem: 00 | Wr_En: 0 | Mux_Sel: 0 | PC_En: 0 | SKZ: 0 | JMP: 0 | LDA: 0 | ld_ac: 0 | alu_enable: 1
Time: 225000 | PC_out: 4 | Opcode: 101 | Operand: 11010 | Accumulator: 0 | ALU_Result: 0 | Instr: ba | Data_Mem: 00 | Wr_En: 0 | Mux_Sel: 0 | PC_En: 0 | SKZ: 0 | JMP: 0 | LDA: 0 | ld_ac: 0 | alu_enable: 1
Time: 235000 | PC_out: 4 | Opcode: 101 | Operand: 11010 | Accumulator: 0 | ALU_Result: 0 | Instr: ba | Data_Mem: 00 | Wr_En: 0 | Mux_Sel: 1 | PC_En: 1 | SKZ: 0 | JMP: 0 | LDA: 1 | ld_ac: 1 | alu_enable: 0
Time: 245000 | PC_out: 5 | Opcode: 101 | Operand: 11010 | Accumulator: 0 | ALU_Result: 0 | Instr: ba | Data_Mem: 00 | Wr_En: 0 | Mux_Sel: 1 | PC_En: 0 | SKZ: 0 | JMP: 0 | LDA: 0 | ld_ac: 0 | alu_enable: 0
Time: 265000 | PC_out: 5 | Opcode: 101 | Operand: 11010 | Accumulator: 0 | ALU_Result: 0 | Instr: 00 | Data_Mem: 00 | Wr_En: 0 | Mux_Sel: 1 | PC_En: 0 | SKZ: 0 | JMP: 0 | LDA: 0 | ld_ac: 0 | alu_enable: 0
Time: 275000 | PC_out: 5 | Opcode: 000 | Operand: 00000 | Accumulator: 0 | ALU_Result: 0 | Instr: 00 | Data_Mem: 00 | Wr_En: 0 | Mux_Sel: 1 | PC_En: 0 | SKZ: 0 | JMP: 0 | LDA: 0 | ld_ac: 0 | alu_enable: 0
Time: 285000 | PC_out: 5 | Opcode: 000 | Operand: 00000 | Accumulator: 0 | ALU_Result: 0 | Instr: 00 | Data_Mem: 00 | Wr_En: 0 | Mux_Sel: 0 | PC_En: 1 | SKZ: 0 | JMP: 0 | LDA: 0 | ld_ac: 0 | alu_enable: 0
Time: 295000 | PC_out: 6 | Opcode: 000 | Operand: 00000 | Accumulator: 0 | ALU_Result: 0 | Instr: 00 | Data_Mem: 00 | Wr_En: 0 | Mux_Sel: 0 | PC_En: 0 | SKZ: 0 | JMP: 0 | LDA: 0 | ld_ac: 0 | alu_enable: 0
INFO: [USF-XSim-96] XSim completed. Design snapshot 'RISC_CPU_tb_behav' loaded.
INFO: [USF-XSim-97] XSim simulation ran for 1000ns
launch_simulation: Time (s): cpu = 00:00:02 ; elapsed = 00:00:05 . Memory (MB): peak = 2721.336 ; gain = 0.000
close_sim
INFO: [Simtcl 6-16] Simulation closed
launch_simulation
Command: launch_simulation 
INFO: [Vivado 12-12493] Simulation top is 'RISC_CPU_tb'
WARNING: [Vivado 12-13340] Unable to auto find GCC executables from simulator install path! (path not set)
INFO: [Vivado 12-5682] Launching behavioral simulation in 'D:/Minh_Hung/L05_Group_2_BTL_TKVM/L05_Group_2_BTL_TKVM.sim/sim_1/behav/xsim'
INFO: [SIM-utils-51] Simulation object is 'sim_1'
INFO: [SIM-utils-72] Using boost library from 'D:/Vivado/2024.1/tps/boost_1_72_0'
INFO: [SIM-utils-54] Inspecting design source files for 'RISC_CPU_tb' in fileset 'sim_1'...
INFO: [SIM-utils-43] Exported 'D:/Minh_Hung/L05_Group_2_BTL_TKVM/L05_Group_2_BTL_TKVM.sim/sim_1/behav/xsim/data_init.mem'
INFO: [SIM-utils-43] Exported 'D:/Minh_Hung/L05_Group_2_BTL_TKVM/L05_Group_2_BTL_TKVM.sim/sim_1/behav/xsim/instruction_file.mem'
INFO: [USF-XSim-97] Finding global include files...
INFO: [USF-XSim-98] Fetching design files from 'sim_1'...
INFO: [USF-XSim-2] XSim::Compile design
INFO: [USF-XSim-61] Executing 'COMPILE and ANALYZE' step in 'D:/Minh_Hung/L05_Group_2_BTL_TKVM/L05_Group_2_BTL_TKVM.sim/sim_1/behav/xsim'
"xvlog --incr --relax -prj RISC_CPU_tb_vlog.prj"
INFO: [VRFC 10-2263] Analyzing Verilog file "D:/Minh_Hung/L05_Group_2_BTL_TKVM/L05_Group_2_BTL_TKVM.srcs/sources_1/new/ALU.v" into library xil_defaultlib
INFO: [VRFC 10-311] analyzing module ALU
INFO: [VRFC 10-2263] Analyzing Verilog file "D:/Minh_Hung/L05_Group_2_BTL_TKVM/L05_Group_2_BTL_TKVM.srcs/sources_1/new/Accumulator.v" into library xil_defaultlib
INFO: [VRFC 10-311] analyzing module Accumulator
INFO: [VRFC 10-2263] Analyzing Verilog file "D:/Minh_Hung/L05_Group_2_BTL_TKVM/L05_Group_2_BTL_TKVM.srcs/sources_1/new/Controller.v" into library xil_defaultlib
INFO: [VRFC 10-311] analyzing module Controller
INFO: [VRFC 10-2263] Analyzing Verilog file "D:/Minh_Hung/L05_Group_2_BTL_TKVM/L05_Group_2_BTL_TKVM.srcs/sources_1/new/DataMemory.v" into library xil_defaultlib
INFO: [VRFC 10-311] analyzing module dataMemory
INFO: [VRFC 10-2263] Analyzing Verilog file "D:/Minh_Hung/L05_Group_2_BTL_TKVM/L05_Group_2_BTL_TKVM.srcs/sources_1/new/Instruction_Memory.v" into library xil_defaultlib
INFO: [VRFC 10-311] analyzing module instructionMemory
INFO: [VRFC 10-2263] Analyzing Verilog file "D:/Minh_Hung/L05_Group_2_BTL_TKVM/L05_Group_2_BTL_TKVM.srcs/sources_1/new/Instruction_register.v" into library xil_defaultlib
INFO: [VRFC 10-311] analyzing module Instruction_Register
INFO: [VRFC 10-2263] Analyzing Verilog file "D:/Minh_Hung/L05_Group_2_BTL_TKVM/L05_Group_2_BTL_TKVM.srcs/sources_1/new/Program_counter.v" into library xil_defaultlib
INFO: [VRFC 10-311] analyzing module Program_counter
INFO: [VRFC 10-2263] Analyzing Verilog file "D:/Minh_Hung/L05_Group_2_BTL_TKVM/L05_Group_2_BTL_TKVM.srcs/sources_1/new/RISC_CPU.v" into library xil_defaultlib
INFO: [VRFC 10-311] analyzing module RISC_CPU
INFO: [VRFC 10-2263] Analyzing Verilog file "D:/Minh_Hung/L05_Group_2_BTL_TKVM/L05_Group_2_BTL_TKVM.srcs/sources_1/new/addr_mux.v" into library xil_defaultlib
INFO: [VRFC 10-311] analyzing module addr_mux
INFO: [VRFC 10-2263] Analyzing Verilog file "D:/Minh_Hung/L05_Group_2_BTL_TKVM/L05_Group_2_BTL_TKVM.srcs/sim_1/new/RISC_CPU_tb.v" into library xil_defaultlib
INFO: [VRFC 10-311] analyzing module RISC_CPU_tb
INFO: [USF-XSim-69] 'compile' step finished in '1' seconds
INFO: [USF-XSim-3] XSim::Elaborate design
INFO: [USF-XSim-61] Executing 'ELABORATE' step in 'D:/Minh_Hung/L05_Group_2_BTL_TKVM/L05_Group_2_BTL_TKVM.sim/sim_1/behav/xsim'
"xelab --incr --debug typical --relax --mt 2 -L xil_defaultlib -L unisims_ver -L unimacro_ver -L secureip --snapshot RISC_CPU_tb_behav xil_defaultlib.RISC_CPU_tb xil_defaultlib.glbl -log elaborate.log"
Vivado Simulator v2024.1
Copyright 1986-2022 Xilinx, Inc. All Rights Reserved.
Copyright 2022-2024 Advanced Micro Devices, Inc. All Rights Reserved.
Running: D:/Vivado/2024.1/bin/unwrapped/win64.o/xelab.exe --incr --debug typical --relax --mt 2 -L xil_defaultlib -L unisims_ver -L unimacro_ver -L secureip --snapshot RISC_CPU_tb_behav xil_defaultlib.RISC_CPU_tb xil_defaultlib.glbl -log elaborate.log 
Using 2 slave threads.
Starting static elaboration
Pass Through NonSizing Optimizer
Completed static elaboration
Starting simulation data flow analysis
WARNING: [XSIM 43-4099] "D:/Minh_Hung/L05_Group_2_BTL_TKVM/L05_Group_2_BTL_TKVM.srcs/sources_1/new/ALU.v" Line 1. Module ALU doesn't have a timescale but at least one module in design has a timescale.
WARNING: [XSIM 43-4099] "D:/Minh_Hung/L05_Group_2_BTL_TKVM/L05_Group_2_BTL_TKVM.srcs/sources_1/new/ALU.v" Line 1. Module ALU doesn't have a timescale but at least one module in design has a timescale.
Completed simulation data flow analysis
Time Resolution for simulation is 1ps
Compiling module xil_defaultlib.Controller
Compiling module xil_defaultlib.Program_counter
Compiling module xil_defaultlib.addr_mux
Compiling module xil_defaultlib.instructionMemory
Compiling module xil_defaultlib.Instruction_Register
Compiling module xil_defaultlib.dataMemory
Compiling module xil_defaultlib.ALU
Compiling module xil_defaultlib.Accumulator
Compiling module xil_defaultlib.RISC_CPU
Compiling module xil_defaultlib.RISC_CPU_tb
Compiling module xil_defaultlib.glbl
Built simulation snapshot RISC_CPU_tb_behav
INFO: [USF-XSim-69] 'elaborate' step finished in '2' seconds
INFO: [USF-XSim-4] XSim::Simulate design
INFO: [USF-XSim-61] Executing 'SIMULATE' step in 'D:/Minh_Hung/L05_Group_2_BTL_TKVM/L05_Group_2_BTL_TKVM.sim/sim_1/behav/xsim'
INFO: [USF-XSim-98] *** Running xsim
   with args "RISC_CPU_tb_behav -key {Behavioral:sim_1:Functional:RISC_CPU_tb} -tclbatch {RISC_CPU_tb.tcl} -log {simulate.log}"
INFO: [USF-XSim-8] Loading simulator feature
Time resolution is 1 ps
source RISC_CPU_tb.tcl
# set curr_wave [current_wave_config]
# if { [string length $curr_wave] == 0 } {
#   if { [llength [get_objects]] > 0} {
#     add_wave /
#     set_property needs_save false [current_wave_config]
#   } else {
#      send_msg_id Add_Wave-1 WARNING "No top level signals found. Simulator will start without a wave window. If you want to open a wave window go to 'File->New Waveform Configuration' or type 'create_wave_config' in the TCL console."
#   }
# }
# run 1000ns
Time: 0 | PC_out: 0 | Opcode: zzz | Operand: zzzzz | Accumulator: 0 | ALU_Result: x | Instr: xx | Data_Mem: xx | Wr_En: 0 | Mux_Sel: 0 | PC_En: 0 | SKZ: 0 | JMP: 0 | LDA: 0 | ld_ac: 0 | alu_enable: 0
Time: 15000 | PC_out: 0 | Opcode: zzz | Operand: zzzzz | Accumulator: 0 | ALU_Result: x | Instr: xx | Data_Mem: xx | Wr_En: 0 | Mux_Sel: 1 | PC_En: 0 | SKZ: 0 | JMP: 0 | LDA: 0 | ld_ac: 0 | alu_enable: 0
Time: 35000 | PC_out: 0 | Opcode: xxx | Operand: xxxxx | Accumulator: 0 | ALU_Result: x | Instr: fe | Data_Mem: xx | Wr_En: 0 | Mux_Sel: 1 | PC_En: 0 | SKZ: 0 | JMP: 0 | LDA: 0 | ld_ac: 0 | alu_enable: 0
Time: 45000 | PC_out: 0 | Opcode: 111 | Operand: 11110 | Accumulator: 0 | ALU_Result: x | Instr: fe | Data_Mem: xx | Wr_En: 0 | Mux_Sel: 0 | PC_En: 1 | SKZ: 0 | JMP: 0 | LDA: 0 | ld_ac: 0 | alu_enable: 0
Time: 55000 | PC_out: 1 | Opcode: 111 | Operand: 11110 | Accumulator: 0 | ALU_Result: x | Instr: fe | Data_Mem: xx | Wr_En: 0 | Mux_Sel: 0 | PC_En: 1 | SKZ: 0 | JMP: 0 | LDA: 0 | ld_ac: 0 | alu_enable: 0
Time: 65000 | PC_out: 2 | Opcode: 111 | Operand: 11110 | Accumulator: 0 | ALU_Result: x | Instr: fe | Data_Mem: xx | Wr_En: 0 | Mux_Sel: 0 | PC_En: 1 | SKZ: 0 | JMP: 1 | LDA: 0 | ld_ac: 0 | alu_enable: 0
Time: 75000 | PC_out: 30 | Opcode: 111 | Operand: 11110 | Accumulator: 0 | ALU_Result: x | Instr: fe | Data_Mem: xx | Wr_En: 0 | Mux_Sel: 1 | PC_En: 1 | SKZ: 0 | JMP: 1 | LDA: 0 | ld_ac: 0 | alu_enable: 0
Time: 85000 | PC_out: 30 | Opcode: 111 | Operand: 11110 | Accumulator: 0 | ALU_Result: x | Instr: fe | Data_Mem: xx | Wr_En: 0 | Mux_Sel: 1 | PC_En: 0 | SKZ: 0 | JMP: 0 | LDA: 0 | ld_ac: 0 | alu_enable: 0
Time: 105000 | PC_out: 30 | Opcode: 111 | Operand: 11110 | Accumulator: 0 | ALU_Result: x | Instr: e3 | Data_Mem: xx | Wr_En: 0 | Mux_Sel: 1 | PC_En: 0 | SKZ: 0 | JMP: 0 | LDA: 0 | ld_ac: 0 | alu_enable: 0
Time: 115000 | PC_out: 30 | Opcode: 111 | Operand: 00011 | Accumulator: 0 | ALU_Result: x | Instr: e3 | Data_Mem: xx | Wr_En: 0 | Mux_Sel: 1 | PC_En: 0 | SKZ: 0 | JMP: 0 | LDA: 0 | ld_ac: 0 | alu_enable: 0
Time: 125000 | PC_out: 30 | Opcode: 111 | Operand: 00011 | Accumulator: 0 | ALU_Result: x | Instr: e3 | Data_Mem: xx | Wr_En: 0 | Mux_Sel: 0 | PC_En: 1 | SKZ: 0 | JMP: 0 | LDA: 0 | ld_ac: 0 | alu_enable: 0
Time: 135000 | PC_out: 31 | Opcode: 111 | Operand: 00011 | Accumulator: 0 | ALU_Result: x | Instr: e3 | Data_Mem: xx | Wr_En: 0 | Mux_Sel: 0 | PC_En: 1 | SKZ: 0 | JMP: 0 | LDA: 0 | ld_ac: 0 | alu_enable: 0
Time: 145000 | PC_out: 0 | Opcode: 111 | Operand: 00011 | Accumulator: 0 | ALU_Result: x | Instr: e3 | Data_Mem: 00 | Wr_En: 0 | Mux_Sel: 0 | PC_En: 1 | SKZ: 0 | JMP: 1 | LDA: 0 | ld_ac: 0 | alu_enable: 0
Time: 155000 | PC_out: 3 | Opcode: 111 | Operand: 00011 | Accumulator: 0 | ALU_Result: x | Instr: e3 | Data_Mem: 00 | Wr_En: 0 | Mux_Sel: 1 | PC_En: 1 | SKZ: 0 | JMP: 1 | LDA: 0 | ld_ac: 0 | alu_enable: 0
Time: 165000 | PC_out: 3 | Opcode: 111 | Operand: 00011 | Accumulator: 0 | ALU_Result: x | Instr: e3 | Data_Mem: 00 | Wr_En: 0 | Mux_Sel: 1 | PC_En: 0 | SKZ: 0 | JMP: 0 | LDA: 0 | ld_ac: 0 | alu_enable: 0
Time: 185000 | PC_out: 3 | Opcode: 111 | Operand: 00011 | Accumulator: 0 | ALU_Result: x | Instr: ba | Data_Mem: 00 | Wr_En: 0 | Mux_Sel: 1 | PC_En: 0 | SKZ: 0 | JMP: 0 | LDA: 0 | ld_ac: 0 | alu_enable: 0
Time: 195000 | PC_out: 3 | Opcode: 101 | Operand: 11010 | Accumulator: 0 | ALU_Result: x | Instr: ba | Data_Mem: 00 | Wr_En: 0 | Mux_Sel: 1 | PC_En: 0 | SKZ: 0 | JMP: 0 | LDA: 0 | ld_ac: 0 | alu_enable: 0
Time: 205000 | PC_out: 3 | Opcode: 101 | Operand: 11010 | Accumulator: 0 | ALU_Result: x | Instr: ba | Data_Mem: 00 | Wr_En: 0 | Mux_Sel: 0 | PC_En: 1 | SKZ: 0 | JMP: 0 | LDA: 0 | ld_ac: 0 | alu_enable: 0
Time: 215000 | PC_out: 4 | Opcode: 101 | Operand: 11010 | Accumulator: 0 | ALU_Result: x | Instr: ba | Data_Mem: 00 | Wr_En: 0 | Mux_Sel: 0 | PC_En: 0 | SKZ: 0 | JMP: 0 | LDA: 0 | ld_ac: 0 | alu_enable: 1
Time: 225000 | PC_out: 4 | Opcode: 101 | Operand: 11010 | Accumulator: 0 | ALU_Result: 0 | Instr: ba | Data_Mem: 00 | Wr_En: 0 | Mux_Sel: 0 | PC_En: 0 | SKZ: 0 | JMP: 0 | LDA: 0 | ld_ac: 0 | alu_enable: 1
Time: 235000 | PC_out: 4 | Opcode: 101 | Operand: 11010 | Accumulator: 0 | ALU_Result: 0 | Instr: ba | Data_Mem: 00 | Wr_En: 0 | Mux_Sel: 1 | PC_En: 1 | SKZ: 0 | JMP: 0 | LDA: 1 | ld_ac: 1 | alu_enable: 0
Time: 245000 | PC_out: 5 | Opcode: 101 | Operand: 11010 | Accumulator: 0 | ALU_Result: 0 | Instr: ba | Data_Mem: 00 | Wr_En: 0 | Mux_Sel: 1 | PC_En: 0 | SKZ: 0 | JMP: 0 | LDA: 0 | ld_ac: 0 | alu_enable: 0
Time: 265000 | PC_out: 5 | Opcode: 101 | Operand: 11010 | Accumulator: 0 | ALU_Result: 0 | Instr: 00 | Data_Mem: 00 | Wr_En: 0 | Mux_Sel: 1 | PC_En: 0 | SKZ: 0 | JMP: 0 | LDA: 0 | ld_ac: 0 | alu_enable: 0
Time: 275000 | PC_out: 5 | Opcode: 000 | Operand: 00000 | Accumulator: 0 | ALU_Result: 0 | Instr: 00 | Data_Mem: 00 | Wr_En: 0 | Mux_Sel: 1 | PC_En: 0 | SKZ: 0 | JMP: 0 | LDA: 0 | ld_ac: 0 | alu_enable: 0
Time: 285000 | PC_out: 5 | Opcode: 000 | Operand: 00000 | Accumulator: 0 | ALU_Result: 0 | Instr: 00 | Data_Mem: 00 | Wr_En: 0 | Mux_Sel: 0 | PC_En: 1 | SKZ: 0 | JMP: 0 | LDA: 0 | ld_ac: 0 | alu_enable: 0
Time: 295000 | PC_out: 6 | Opcode: 000 | Operand: 00000 | Accumulator: 0 | ALU_Result: 0 | Instr: 00 | Data_Mem: 00 | Wr_En: 0 | Mux_Sel: 0 | PC_En: 0 | SKZ: 0 | JMP: 0 | LDA: 0 | ld_ac: 0 | alu_enable: 0
INFO: [USF-XSim-96] XSim completed. Design snapshot 'RISC_CPU_tb_behav' loaded.
INFO: [USF-XSim-97] XSim simulation ran for 1000ns
launch_simulation: Time (s): cpu = 00:00:01 ; elapsed = 00:00:05 . Memory (MB): peak = 2721.336 ; gain = 0.000
close_sim
INFO: [Simtcl 6-16] Simulation closed
launch_simulation
Command: launch_simulation 
INFO: [Vivado 12-12493] Simulation top is 'RISC_CPU_tb'
WARNING: [Vivado 12-13340] Unable to auto find GCC executables from simulator install path! (path not set)
INFO: [Vivado 12-5682] Launching behavioral simulation in 'D:/Minh_Hung/L05_Group_2_BTL_TKVM/L05_Group_2_BTL_TKVM.sim/sim_1/behav/xsim'
INFO: [SIM-utils-51] Simulation object is 'sim_1'
INFO: [SIM-utils-72] Using boost library from 'D:/Vivado/2024.1/tps/boost_1_72_0'
INFO: [SIM-utils-54] Inspecting design source files for 'RISC_CPU_tb' in fileset 'sim_1'...
INFO: [SIM-utils-43] Exported 'D:/Minh_Hung/L05_Group_2_BTL_TKVM/L05_Group_2_BTL_TKVM.sim/sim_1/behav/xsim/data_init.mem'
INFO: [SIM-utils-43] Exported 'D:/Minh_Hung/L05_Group_2_BTL_TKVM/L05_Group_2_BTL_TKVM.sim/sim_1/behav/xsim/instruction_file.mem'
INFO: [USF-XSim-97] Finding global include files...
INFO: [USF-XSim-98] Fetching design files from 'sim_1'...
INFO: [USF-XSim-2] XSim::Compile design
INFO: [USF-XSim-61] Executing 'COMPILE and ANALYZE' step in 'D:/Minh_Hung/L05_Group_2_BTL_TKVM/L05_Group_2_BTL_TKVM.sim/sim_1/behav/xsim'
"xvlog --incr --relax -prj RISC_CPU_tb_vlog.prj"
INFO: [VRFC 10-2263] Analyzing Verilog file "D:/Minh_Hung/L05_Group_2_BTL_TKVM/L05_Group_2_BTL_TKVM.srcs/sources_1/new/ALU.v" into library xil_defaultlib
INFO: [VRFC 10-311] analyzing module ALU
INFO: [VRFC 10-2263] Analyzing Verilog file "D:/Minh_Hung/L05_Group_2_BTL_TKVM/L05_Group_2_BTL_TKVM.srcs/sources_1/new/Accumulator.v" into library xil_defaultlib
INFO: [VRFC 10-311] analyzing module Accumulator
INFO: [VRFC 10-2263] Analyzing Verilog file "D:/Minh_Hung/L05_Group_2_BTL_TKVM/L05_Group_2_BTL_TKVM.srcs/sources_1/new/Controller.v" into library xil_defaultlib
INFO: [VRFC 10-311] analyzing module Controller
INFO: [VRFC 10-2263] Analyzing Verilog file "D:/Minh_Hung/L05_Group_2_BTL_TKVM/L05_Group_2_BTL_TKVM.srcs/sources_1/new/DataMemory.v" into library xil_defaultlib
INFO: [VRFC 10-311] analyzing module dataMemory
INFO: [VRFC 10-2263] Analyzing Verilog file "D:/Minh_Hung/L05_Group_2_BTL_TKVM/L05_Group_2_BTL_TKVM.srcs/sources_1/new/Instruction_Memory.v" into library xil_defaultlib
INFO: [VRFC 10-311] analyzing module instructionMemory
INFO: [VRFC 10-2263] Analyzing Verilog file "D:/Minh_Hung/L05_Group_2_BTL_TKVM/L05_Group_2_BTL_TKVM.srcs/sources_1/new/Instruction_register.v" into library xil_defaultlib
INFO: [VRFC 10-311] analyzing module Instruction_Register
INFO: [VRFC 10-2263] Analyzing Verilog file "D:/Minh_Hung/L05_Group_2_BTL_TKVM/L05_Group_2_BTL_TKVM.srcs/sources_1/new/Program_counter.v" into library xil_defaultlib
INFO: [VRFC 10-311] analyzing module Program_counter
INFO: [VRFC 10-2263] Analyzing Verilog file "D:/Minh_Hung/L05_Group_2_BTL_TKVM/L05_Group_2_BTL_TKVM.srcs/sources_1/new/RISC_CPU.v" into library xil_defaultlib
INFO: [VRFC 10-311] analyzing module RISC_CPU
INFO: [VRFC 10-2263] Analyzing Verilog file "D:/Minh_Hung/L05_Group_2_BTL_TKVM/L05_Group_2_BTL_TKVM.srcs/sources_1/new/addr_mux.v" into library xil_defaultlib
INFO: [VRFC 10-311] analyzing module addr_mux
INFO: [VRFC 10-2263] Analyzing Verilog file "D:/Minh_Hung/L05_Group_2_BTL_TKVM/L05_Group_2_BTL_TKVM.srcs/sim_1/new/RISC_CPU_tb.v" into library xil_defaultlib
INFO: [VRFC 10-311] analyzing module RISC_CPU_tb
INFO: [USF-XSim-69] 'compile' step finished in '2' seconds
INFO: [USF-XSim-3] XSim::Elaborate design
INFO: [USF-XSim-61] Executing 'ELABORATE' step in 'D:/Minh_Hung/L05_Group_2_BTL_TKVM/L05_Group_2_BTL_TKVM.sim/sim_1/behav/xsim'
"xelab --incr --debug typical --relax --mt 2 -L xil_defaultlib -L unisims_ver -L unimacro_ver -L secureip --snapshot RISC_CPU_tb_behav xil_defaultlib.RISC_CPU_tb xil_defaultlib.glbl -log elaborate.log"
Vivado Simulator v2024.1
Copyright 1986-2022 Xilinx, Inc. All Rights Reserved.
Copyright 2022-2024 Advanced Micro Devices, Inc. All Rights Reserved.
Running: D:/Vivado/2024.1/bin/unwrapped/win64.o/xelab.exe --incr --debug typical --relax --mt 2 -L xil_defaultlib -L unisims_ver -L unimacro_ver -L secureip --snapshot RISC_CPU_tb_behav xil_defaultlib.RISC_CPU_tb xil_defaultlib.glbl -log elaborate.log 
Using 2 slave threads.
Starting static elaboration
Pass Through NonSizing Optimizer
Completed static elaboration
Starting simulation data flow analysis
WARNING: [XSIM 43-4099] "D:/Minh_Hung/L05_Group_2_BTL_TKVM/L05_Group_2_BTL_TKVM.srcs/sources_1/new/ALU.v" Line 1. Module ALU doesn't have a timescale but at least one module in design has a timescale.
WARNING: [XSIM 43-4099] "D:/Minh_Hung/L05_Group_2_BTL_TKVM/L05_Group_2_BTL_TKVM.srcs/sources_1/new/ALU.v" Line 1. Module ALU doesn't have a timescale but at least one module in design has a timescale.
Completed simulation data flow analysis
Time Resolution for simulation is 1ps
Compiling module xil_defaultlib.Controller
Compiling module xil_defaultlib.Program_counter
Compiling module xil_defaultlib.addr_mux
Compiling module xil_defaultlib.instructionMemory
Compiling module xil_defaultlib.Instruction_Register
Compiling module xil_defaultlib.dataMemory
Compiling module xil_defaultlib.ALU
Compiling module xil_defaultlib.Accumulator
Compiling module xil_defaultlib.RISC_CPU
Compiling module xil_defaultlib.RISC_CPU_tb
Compiling module xil_defaultlib.glbl
Built simulation snapshot RISC_CPU_tb_behav
INFO: [USF-XSim-69] 'elaborate' step finished in '2' seconds
INFO: [USF-XSim-4] XSim::Simulate design
INFO: [USF-XSim-61] Executing 'SIMULATE' step in 'D:/Minh_Hung/L05_Group_2_BTL_TKVM/L05_Group_2_BTL_TKVM.sim/sim_1/behav/xsim'
INFO: [USF-XSim-98] *** Running xsim
   with args "RISC_CPU_tb_behav -key {Behavioral:sim_1:Functional:RISC_CPU_tb} -tclbatch {RISC_CPU_tb.tcl} -log {simulate.log}"
INFO: [USF-XSim-8] Loading simulator feature
Time resolution is 1 ps
source RISC_CPU_tb.tcl
# set curr_wave [current_wave_config]
# if { [string length $curr_wave] == 0 } {
#   if { [llength [get_objects]] > 0} {
#     add_wave /
#     set_property needs_save false [current_wave_config]
#   } else {
#      send_msg_id Add_Wave-1 WARNING "No top level signals found. Simulator will start without a wave window. If you want to open a wave window go to 'File->New Waveform Configuration' or type 'create_wave_config' in the TCL console."
#   }
# }
# run 1000ns
Time: 0 | PC_out: 0 | Opcode: zzz | Operand: zzzzz | Accumulator: 0 | ALU_Result: x | Instr: xx | Data_Mem: xx | Wr_En: 0 | Mux_Sel: 0 | PC_En: 0 | SKZ: 0 | JMP: 0 | LDA: 0 | ld_ac: 0 | alu_enable: 0
Time: 15000 | PC_out: 0 | Opcode: zzz | Operand: zzzzz | Accumulator: 0 | ALU_Result: x | Instr: xx | Data_Mem: xx | Wr_En: 0 | Mux_Sel: 1 | PC_En: 0 | SKZ: 0 | JMP: 0 | LDA: 0 | ld_ac: 0 | alu_enable: 0
Time: 35000 | PC_out: 0 | Opcode: xxx | Operand: xxxxx | Accumulator: 0 | ALU_Result: x | Instr: fe | Data_Mem: xx | Wr_En: 0 | Mux_Sel: 1 | PC_En: 0 | SKZ: 0 | JMP: 0 | LDA: 0 | ld_ac: 0 | alu_enable: 0
Time: 45000 | PC_out: 0 | Opcode: 111 | Operand: 11110 | Accumulator: 0 | ALU_Result: x | Instr: fe | Data_Mem: xx | Wr_En: 0 | Mux_Sel: 0 | PC_En: 1 | SKZ: 0 | JMP: 0 | LDA: 0 | ld_ac: 0 | alu_enable: 0
Time: 55000 | PC_out: 1 | Opcode: 111 | Operand: 11110 | Accumulator: 0 | ALU_Result: x | Instr: fe | Data_Mem: xx | Wr_En: 0 | Mux_Sel: 0 | PC_En: 0 | SKZ: 0 | JMP: 0 | LDA: 0 | ld_ac: 0 | alu_enable: 0
Time: 65000 | PC_out: 1 | Opcode: 111 | Operand: 11110 | Accumulator: 0 | ALU_Result: x | Instr: fe | Data_Mem: xx | Wr_En: 0 | Mux_Sel: 0 | PC_En: 1 | SKZ: 0 | JMP: 1 | LDA: 0 | ld_ac: 0 | alu_enable: 0
Time: 75000 | PC_out: 30 | Opcode: 111 | Operand: 11110 | Accumulator: 0 | ALU_Result: x | Instr: fe | Data_Mem: xx | Wr_En: 0 | Mux_Sel: 1 | PC_En: 1 | SKZ: 0 | JMP: 1 | LDA: 0 | ld_ac: 0 | alu_enable: 0
Time: 85000 | PC_out: 30 | Opcode: 111 | Operand: 11110 | Accumulator: 0 | ALU_Result: x | Instr: fe | Data_Mem: xx | Wr_En: 0 | Mux_Sel: 1 | PC_En: 0 | SKZ: 0 | JMP: 0 | LDA: 0 | ld_ac: 0 | alu_enable: 0
Time: 105000 | PC_out: 30 | Opcode: 111 | Operand: 11110 | Accumulator: 0 | ALU_Result: x | Instr: e3 | Data_Mem: xx | Wr_En: 0 | Mux_Sel: 1 | PC_En: 0 | SKZ: 0 | JMP: 0 | LDA: 0 | ld_ac: 0 | alu_enable: 0
Time: 115000 | PC_out: 30 | Opcode: 111 | Operand: 00011 | Accumulator: 0 | ALU_Result: x | Instr: e3 | Data_Mem: xx | Wr_En: 0 | Mux_Sel: 1 | PC_En: 0 | SKZ: 0 | JMP: 0 | LDA: 0 | ld_ac: 0 | alu_enable: 0
Time: 125000 | PC_out: 30 | Opcode: 111 | Operand: 00011 | Accumulator: 0 | ALU_Result: x | Instr: e3 | Data_Mem: xx | Wr_En: 0 | Mux_Sel: 0 | PC_En: 1 | SKZ: 0 | JMP: 0 | LDA: 0 | ld_ac: 0 | alu_enable: 0
Time: 135000 | PC_out: 31 | Opcode: 111 | Operand: 00011 | Accumulator: 0 | ALU_Result: x | Instr: e3 | Data_Mem: xx | Wr_En: 0 | Mux_Sel: 0 | PC_En: 0 | SKZ: 0 | JMP: 0 | LDA: 0 | ld_ac: 0 | alu_enable: 0
Time: 145000 | PC_out: 31 | Opcode: 111 | Operand: 00011 | Accumulator: 0 | ALU_Result: x | Instr: e3 | Data_Mem: 00 | Wr_En: 0 | Mux_Sel: 0 | PC_En: 1 | SKZ: 0 | JMP: 1 | LDA: 0 | ld_ac: 0 | alu_enable: 0
Time: 155000 | PC_out: 3 | Opcode: 111 | Operand: 00011 | Accumulator: 0 | ALU_Result: x | Instr: e3 | Data_Mem: 00 | Wr_En: 0 | Mux_Sel: 1 | PC_En: 1 | SKZ: 0 | JMP: 1 | LDA: 0 | ld_ac: 0 | alu_enable: 0
Time: 165000 | PC_out: 3 | Opcode: 111 | Operand: 00011 | Accumulator: 0 | ALU_Result: x | Instr: e3 | Data_Mem: 00 | Wr_En: 0 | Mux_Sel: 1 | PC_En: 0 | SKZ: 0 | JMP: 0 | LDA: 0 | ld_ac: 0 | alu_enable: 0
Time: 185000 | PC_out: 3 | Opcode: 111 | Operand: 00011 | Accumulator: 0 | ALU_Result: x | Instr: ba | Data_Mem: 00 | Wr_En: 0 | Mux_Sel: 1 | PC_En: 0 | SKZ: 0 | JMP: 0 | LDA: 0 | ld_ac: 0 | alu_enable: 0
Time: 195000 | PC_out: 3 | Opcode: 101 | Operand: 11010 | Accumulator: 0 | ALU_Result: x | Instr: ba | Data_Mem: 00 | Wr_En: 0 | Mux_Sel: 1 | PC_En: 0 | SKZ: 0 | JMP: 0 | LDA: 0 | ld_ac: 0 | alu_enable: 0
Time: 205000 | PC_out: 3 | Opcode: 101 | Operand: 11010 | Accumulator: 0 | ALU_Result: x | Instr: ba | Data_Mem: 00 | Wr_En: 0 | Mux_Sel: 0 | PC_En: 1 | SKZ: 0 | JMP: 0 | LDA: 0 | ld_ac: 0 | alu_enable: 0
Time: 215000 | PC_out: 4 | Opcode: 101 | Operand: 11010 | Accumulator: 0 | ALU_Result: x | Instr: ba | Data_Mem: 00 | Wr_En: 0 | Mux_Sel: 0 | PC_En: 0 | SKZ: 0 | JMP: 0 | LDA: 0 | ld_ac: 0 | alu_enable: 1
Time: 225000 | PC_out: 4 | Opcode: 101 | Operand: 11010 | Accumulator: 0 | ALU_Result: 0 | Instr: ba | Data_Mem: 00 | Wr_En: 0 | Mux_Sel: 0 | PC_En: 0 | SKZ: 0 | JMP: 0 | LDA: 0 | ld_ac: 0 | alu_enable: 1
Time: 235000 | PC_out: 4 | Opcode: 101 | Operand: 11010 | Accumulator: 0 | ALU_Result: 0 | Instr: ba | Data_Mem: 00 | Wr_En: 0 | Mux_Sel: 1 | PC_En: 1 | SKZ: 0 | JMP: 0 | LDA: 1 | ld_ac: 1 | alu_enable: 0
Time: 245000 | PC_out: 5 | Opcode: 101 | Operand: 11010 | Accumulator: 0 | ALU_Result: 0 | Instr: ba | Data_Mem: 00 | Wr_En: 0 | Mux_Sel: 1 | PC_En: 0 | SKZ: 0 | JMP: 0 | LDA: 0 | ld_ac: 0 | alu_enable: 0
Time: 265000 | PC_out: 5 | Opcode: 101 | Operand: 11010 | Accumulator: 0 | ALU_Result: 0 | Instr: 00 | Data_Mem: 00 | Wr_En: 0 | Mux_Sel: 1 | PC_En: 0 | SKZ: 0 | JMP: 0 | LDA: 0 | ld_ac: 0 | alu_enable: 0
Time: 275000 | PC_out: 5 | Opcode: 000 | Operand: 00000 | Accumulator: 0 | ALU_Result: 0 | Instr: 00 | Data_Mem: 00 | Wr_En: 0 | Mux_Sel: 1 | PC_En: 0 | SKZ: 0 | JMP: 0 | LDA: 0 | ld_ac: 0 | alu_enable: 0
Time: 285000 | PC_out: 5 | Opcode: 000 | Operand: 00000 | Accumulator: 0 | ALU_Result: 0 | Instr: 00 | Data_Mem: 00 | Wr_En: 0 | Mux_Sel: 0 | PC_En: 1 | SKZ: 0 | JMP: 0 | LDA: 0 | ld_ac: 0 | alu_enable: 0
Time: 295000 | PC_out: 6 | Opcode: 000 | Operand: 00000 | Accumulator: 0 | ALU_Result: 0 | Instr: 00 | Data_Mem: 00 | Wr_En: 0 | Mux_Sel: 0 | PC_En: 0 | SKZ: 0 | JMP: 0 | LDA: 0 | ld_ac: 0 | alu_enable: 0
INFO: [USF-XSim-96] XSim completed. Design snapshot 'RISC_CPU_tb_behav' loaded.
INFO: [USF-XSim-97] XSim simulation ran for 1000ns
launch_simulation: Time (s): cpu = 00:00:01 ; elapsed = 00:00:05 . Memory (MB): peak = 2721.336 ; gain = 0.000
close_sim
INFO: [Simtcl 6-16] Simulation closed
launch_simulation
Command: launch_simulation 
INFO: [Vivado 12-12493] Simulation top is 'RISC_CPU_tb'
WARNING: [Vivado 12-13340] Unable to auto find GCC executables from simulator install path! (path not set)
INFO: [Vivado 12-5682] Launching behavioral simulation in 'D:/Minh_Hung/L05_Group_2_BTL_TKVM/L05_Group_2_BTL_TKVM.sim/sim_1/behav/xsim'
INFO: [SIM-utils-51] Simulation object is 'sim_1'
INFO: [SIM-utils-72] Using boost library from 'D:/Vivado/2024.1/tps/boost_1_72_0'
INFO: [SIM-utils-54] Inspecting design source files for 'RISC_CPU_tb' in fileset 'sim_1'...
INFO: [SIM-utils-43] Exported 'D:/Minh_Hung/L05_Group_2_BTL_TKVM/L05_Group_2_BTL_TKVM.sim/sim_1/behav/xsim/data_init.mem'
INFO: [SIM-utils-43] Exported 'D:/Minh_Hung/L05_Group_2_BTL_TKVM/L05_Group_2_BTL_TKVM.sim/sim_1/behav/xsim/instruction_file.mem'
INFO: [USF-XSim-97] Finding global include files...
INFO: [USF-XSim-98] Fetching design files from 'sim_1'...
INFO: [USF-XSim-2] XSim::Compile design
INFO: [USF-XSim-61] Executing 'COMPILE and ANALYZE' step in 'D:/Minh_Hung/L05_Group_2_BTL_TKVM/L05_Group_2_BTL_TKVM.sim/sim_1/behav/xsim'
"xvlog --incr --relax -prj RISC_CPU_tb_vlog.prj"
INFO: [VRFC 10-2263] Analyzing Verilog file "D:/Minh_Hung/L05_Group_2_BTL_TKVM/L05_Group_2_BTL_TKVM.srcs/sources_1/new/ALU.v" into library xil_defaultlib
INFO: [VRFC 10-311] analyzing module ALU
INFO: [VRFC 10-2263] Analyzing Verilog file "D:/Minh_Hung/L05_Group_2_BTL_TKVM/L05_Group_2_BTL_TKVM.srcs/sources_1/new/Accumulator.v" into library xil_defaultlib
INFO: [VRFC 10-311] analyzing module Accumulator
INFO: [VRFC 10-2263] Analyzing Verilog file "D:/Minh_Hung/L05_Group_2_BTL_TKVM/L05_Group_2_BTL_TKVM.srcs/sources_1/new/Controller.v" into library xil_defaultlib
INFO: [VRFC 10-311] analyzing module Controller
INFO: [VRFC 10-2263] Analyzing Verilog file "D:/Minh_Hung/L05_Group_2_BTL_TKVM/L05_Group_2_BTL_TKVM.srcs/sources_1/new/DataMemory.v" into library xil_defaultlib
INFO: [VRFC 10-311] analyzing module dataMemory
INFO: [VRFC 10-2263] Analyzing Verilog file "D:/Minh_Hung/L05_Group_2_BTL_TKVM/L05_Group_2_BTL_TKVM.srcs/sources_1/new/Instruction_Memory.v" into library xil_defaultlib
INFO: [VRFC 10-311] analyzing module instructionMemory
INFO: [VRFC 10-2263] Analyzing Verilog file "D:/Minh_Hung/L05_Group_2_BTL_TKVM/L05_Group_2_BTL_TKVM.srcs/sources_1/new/Instruction_register.v" into library xil_defaultlib
INFO: [VRFC 10-311] analyzing module Instruction_Register
INFO: [VRFC 10-2263] Analyzing Verilog file "D:/Minh_Hung/L05_Group_2_BTL_TKVM/L05_Group_2_BTL_TKVM.srcs/sources_1/new/Program_counter.v" into library xil_defaultlib
INFO: [VRFC 10-311] analyzing module Program_counter
INFO: [VRFC 10-2263] Analyzing Verilog file "D:/Minh_Hung/L05_Group_2_BTL_TKVM/L05_Group_2_BTL_TKVM.srcs/sources_1/new/RISC_CPU.v" into library xil_defaultlib
INFO: [VRFC 10-311] analyzing module RISC_CPU
INFO: [VRFC 10-2263] Analyzing Verilog file "D:/Minh_Hung/L05_Group_2_BTL_TKVM/L05_Group_2_BTL_TKVM.srcs/sources_1/new/addr_mux.v" into library xil_defaultlib
INFO: [VRFC 10-311] analyzing module addr_mux
INFO: [VRFC 10-2263] Analyzing Verilog file "D:/Minh_Hung/L05_Group_2_BTL_TKVM/L05_Group_2_BTL_TKVM.srcs/sim_1/new/RISC_CPU_tb.v" into library xil_defaultlib
INFO: [VRFC 10-311] analyzing module RISC_CPU_tb
INFO: [USF-XSim-69] 'compile' step finished in '1' seconds
INFO: [USF-XSim-3] XSim::Elaborate design
INFO: [USF-XSim-61] Executing 'ELABORATE' step in 'D:/Minh_Hung/L05_Group_2_BTL_TKVM/L05_Group_2_BTL_TKVM.sim/sim_1/behav/xsim'
"xelab --incr --debug typical --relax --mt 2 -L xil_defaultlib -L unisims_ver -L unimacro_ver -L secureip --snapshot RISC_CPU_tb_behav xil_defaultlib.RISC_CPU_tb xil_defaultlib.glbl -log elaborate.log"
Vivado Simulator v2024.1
Copyright 1986-2022 Xilinx, Inc. All Rights Reserved.
Copyright 2022-2024 Advanced Micro Devices, Inc. All Rights Reserved.
Running: D:/Vivado/2024.1/bin/unwrapped/win64.o/xelab.exe --incr --debug typical --relax --mt 2 -L xil_defaultlib -L unisims_ver -L unimacro_ver -L secureip --snapshot RISC_CPU_tb_behav xil_defaultlib.RISC_CPU_tb xil_defaultlib.glbl -log elaborate.log 
Using 2 slave threads.
Starting static elaboration
Pass Through NonSizing Optimizer
Completed static elaboration
Starting simulation data flow analysis
WARNING: [XSIM 43-4099] "D:/Minh_Hung/L05_Group_2_BTL_TKVM/L05_Group_2_BTL_TKVM.srcs/sources_1/new/ALU.v" Line 1. Module ALU doesn't have a timescale but at least one module in design has a timescale.
WARNING: [XSIM 43-4099] "D:/Minh_Hung/L05_Group_2_BTL_TKVM/L05_Group_2_BTL_TKVM.srcs/sources_1/new/ALU.v" Line 1. Module ALU doesn't have a timescale but at least one module in design has a timescale.
Completed simulation data flow analysis
Time Resolution for simulation is 1ps
Compiling module xil_defaultlib.Controller
Compiling module xil_defaultlib.Program_counter
Compiling module xil_defaultlib.addr_mux
Compiling module xil_defaultlib.instructionMemory
Compiling module xil_defaultlib.Instruction_Register
Compiling module xil_defaultlib.dataMemory
Compiling module xil_defaultlib.ALU
Compiling module xil_defaultlib.Accumulator
Compiling module xil_defaultlib.RISC_CPU
Compiling module xil_defaultlib.RISC_CPU_tb
Compiling module xil_defaultlib.glbl
Built simulation snapshot RISC_CPU_tb_behav
INFO: [USF-XSim-69] 'elaborate' step finished in '2' seconds
INFO: [USF-XSim-4] XSim::Simulate design
INFO: [USF-XSim-61] Executing 'SIMULATE' step in 'D:/Minh_Hung/L05_Group_2_BTL_TKVM/L05_Group_2_BTL_TKVM.sim/sim_1/behav/xsim'
INFO: [USF-XSim-98] *** Running xsim
   with args "RISC_CPU_tb_behav -key {Behavioral:sim_1:Functional:RISC_CPU_tb} -tclbatch {RISC_CPU_tb.tcl} -log {simulate.log}"
INFO: [USF-XSim-8] Loading simulator feature
Time resolution is 1 ps
source RISC_CPU_tb.tcl
# set curr_wave [current_wave_config]
# if { [string length $curr_wave] == 0 } {
#   if { [llength [get_objects]] > 0} {
#     add_wave /
#     set_property needs_save false [current_wave_config]
#   } else {
#      send_msg_id Add_Wave-1 WARNING "No top level signals found. Simulator will start without a wave window. If you want to open a wave window go to 'File->New Waveform Configuration' or type 'create_wave_config' in the TCL console."
#   }
# }
# run 1000ns
Time: 0 | PC_out: 0 | Opcode: zzz | Operand: zzzzz | Accumulator: 0 | ALU_Result: x | Instr: xx | Data_Mem: xx | Wr_En: 0 | Mux_Sel: 0 | PC_En: 0 | SKZ: 0 | JMP: 0 | LDA: 0 | ld_ac: 0 | alu_enable: 0
Time: 15000 | PC_out: 0 | Opcode: zzz | Operand: zzzzz | Accumulator: 0 | ALU_Result: x | Instr: xx | Data_Mem: xx | Wr_En: 0 | Mux_Sel: 1 | PC_En: 0 | SKZ: 0 | JMP: 0 | LDA: 0 | ld_ac: 0 | alu_enable: 0
Time: 35000 | PC_out: 0 | Opcode: zzz | Operand: zzzzz | Accumulator: 0 | ALU_Result: x | Instr: fe | Data_Mem: xx | Wr_En: 0 | Mux_Sel: 1 | PC_En: 0 | SKZ: 0 | JMP: 0 | LDA: 0 | ld_ac: 0 | alu_enable: 0
Time: 45000 | PC_out: 0 | Opcode: 111 | Operand: 11110 | Accumulator: 0 | ALU_Result: x | Instr: fe | Data_Mem: xx | Wr_En: 0 | Mux_Sel: 1 | PC_En: 0 | SKZ: 0 | JMP: 0 | LDA: 0 | ld_ac: 0 | alu_enable: 0
Time: 55000 | PC_out: 0 | Opcode: 111 | Operand: 11110 | Accumulator: 0 | ALU_Result: x | Instr: fe | Data_Mem: xx | Wr_En: 0 | Mux_Sel: 0 | PC_En: 0 | SKZ: 0 | JMP: 0 | LDA: 0 | ld_ac: 0 | alu_enable: 0
Time: 75000 | PC_out: 0 | Opcode: 111 | Operand: 11110 | Accumulator: 0 | ALU_Result: x | Instr: fe | Data_Mem: xx | Wr_En: 0 | Mux_Sel: 0 | PC_En: 1 | SKZ: 0 | JMP: 1 | LDA: 0 | ld_ac: 0 | alu_enable: 0
Time: 85000 | PC_out: 30 | Opcode: 111 | Operand: 11110 | Accumulator: 0 | ALU_Result: x | Instr: fe | Data_Mem: xx | Wr_En: 0 | Mux_Sel: 1 | PC_En: 1 | SKZ: 0 | JMP: 1 | LDA: 0 | ld_ac: 0 | alu_enable: 0
Time: 95000 | PC_out: 30 | Opcode: 111 | Operand: 11110 | Accumulator: 0 | ALU_Result: x | Instr: fe | Data_Mem: xx | Wr_En: 0 | Mux_Sel: 1 | PC_En: 0 | SKZ: 0 | JMP: 0 | LDA: 0 | ld_ac: 0 | alu_enable: 0
Time: 115000 | PC_out: 30 | Opcode: 111 | Operand: 11110 | Accumulator: 0 | ALU_Result: x | Instr: e3 | Data_Mem: xx | Wr_En: 0 | Mux_Sel: 1 | PC_En: 0 | SKZ: 0 | JMP: 0 | LDA: 0 | ld_ac: 0 | alu_enable: 0
Time: 125000 | PC_out: 30 | Opcode: 111 | Operand: 00011 | Accumulator: 0 | ALU_Result: x | Instr: e3 | Data_Mem: xx | Wr_En: 0 | Mux_Sel: 1 | PC_En: 0 | SKZ: 0 | JMP: 0 | LDA: 0 | ld_ac: 0 | alu_enable: 0
Time: 135000 | PC_out: 30 | Opcode: 111 | Operand: 00011 | Accumulator: 0 | ALU_Result: x | Instr: e3 | Data_Mem: xx | Wr_En: 0 | Mux_Sel: 0 | PC_En: 0 | SKZ: 0 | JMP: 0 | LDA: 0 | ld_ac: 0 | alu_enable: 0
Time: 155000 | PC_out: 30 | Opcode: 111 | Operand: 00011 | Accumulator: 0 | ALU_Result: x | Instr: e3 | Data_Mem: 00 | Wr_En: 0 | Mux_Sel: 0 | PC_En: 1 | SKZ: 0 | JMP: 1 | LDA: 0 | ld_ac: 0 | alu_enable: 0
Time: 165000 | PC_out: 3 | Opcode: 111 | Operand: 00011 | Accumulator: 0 | ALU_Result: x | Instr: e3 | Data_Mem: 00 | Wr_En: 0 | Mux_Sel: 1 | PC_En: 1 | SKZ: 0 | JMP: 1 | LDA: 0 | ld_ac: 0 | alu_enable: 0
Time: 175000 | PC_out: 3 | Opcode: 111 | Operand: 00011 | Accumulator: 0 | ALU_Result: x | Instr: e3 | Data_Mem: 00 | Wr_En: 0 | Mux_Sel: 1 | PC_En: 0 | SKZ: 0 | JMP: 0 | LDA: 0 | ld_ac: 0 | alu_enable: 0
Time: 195000 | PC_out: 3 | Opcode: 111 | Operand: 00011 | Accumulator: 0 | ALU_Result: x | Instr: ba | Data_Mem: 00 | Wr_En: 0 | Mux_Sel: 1 | PC_En: 0 | SKZ: 0 | JMP: 0 | LDA: 0 | ld_ac: 0 | alu_enable: 0
Time: 205000 | PC_out: 3 | Opcode: 101 | Operand: 11010 | Accumulator: 0 | ALU_Result: x | Instr: ba | Data_Mem: 00 | Wr_En: 0 | Mux_Sel: 1 | PC_En: 0 | SKZ: 0 | JMP: 0 | LDA: 0 | ld_ac: 0 | alu_enable: 0
Time: 215000 | PC_out: 3 | Opcode: 101 | Operand: 11010 | Accumulator: 0 | ALU_Result: x | Instr: ba | Data_Mem: 00 | Wr_En: 0 | Mux_Sel: 0 | PC_En: 0 | SKZ: 0 | JMP: 0 | LDA: 0 | ld_ac: 0 | alu_enable: 0
Time: 225000 | PC_out: 3 | Opcode: 101 | Operand: 11010 | Accumulator: 0 | ALU_Result: x | Instr: ba | Data_Mem: 00 | Wr_En: 0 | Mux_Sel: 0 | PC_En: 0 | SKZ: 0 | JMP: 0 | LDA: 0 | ld_ac: 0 | alu_enable: 1
Time: 235000 | PC_out: 3 | Opcode: 101 | Operand: 11010 | Accumulator: 0 | ALU_Result: 0 | Instr: ba | Data_Mem: 00 | Wr_En: 0 | Mux_Sel: 0 | PC_En: 0 | SKZ: 0 | JMP: 0 | LDA: 0 | ld_ac: 0 | alu_enable: 1
Time: 245000 | PC_out: 3 | Opcode: 101 | Operand: 11010 | Accumulator: 0 | ALU_Result: 0 | Instr: ba | Data_Mem: 00 | Wr_En: 0 | Mux_Sel: 1 | PC_En: 1 | SKZ: 0 | JMP: 0 | LDA: 0 | ld_ac: 1 | alu_enable: 0
Time: 255000 | PC_out: 4 | Opcode: 101 | Operand: 11010 | Accumulator: 0 | ALU_Result: 0 | Instr: ba | Data_Mem: 00 | Wr_En: 0 | Mux_Sel: 1 | PC_En: 0 | SKZ: 0 | JMP: 0 | LDA: 0 | ld_ac: 0 | alu_enable: 0
Time: 275000 | PC_out: 4 | Opcode: 101 | Operand: 11010 | Accumulator: 0 | ALU_Result: 0 | Instr: 20 | Data_Mem: 00 | Wr_En: 0 | Mux_Sel: 1 | PC_En: 0 | SKZ: 0 | JMP: 0 | LDA: 0 | ld_ac: 0 | alu_enable: 0
Time: 285000 | PC_out: 4 | Opcode: 001 | Operand: 00000 | Accumulator: 0 | ALU_Result: 0 | Instr: 20 | Data_Mem: 00 | Wr_En: 0 | Mux_Sel: 1 | PC_En: 0 | SKZ: 0 | JMP: 0 | LDA: 0 | ld_ac: 0 | alu_enable: 0
Time: 295000 | PC_out: 4 | Opcode: 001 | Operand: 00000 | Accumulator: 0 | ALU_Result: 0 | Instr: 20 | Data_Mem: 00 | Wr_En: 0 | Mux_Sel: 0 | PC_En: 0 | SKZ: 1 | JMP: 0 | LDA: 0 | ld_ac: 0 | alu_enable: 0
Time: 315000 | PC_out: 4 | Opcode: 001 | Operand: 00000 | Accumulator: 0 | ALU_Result: 0 | Instr: 20 | Data_Mem: 00 | Wr_En: 0 | Mux_Sel: 0 | PC_En: 1 | SKZ: 1 | JMP: 0 | LDA: 0 | ld_ac: 0 | alu_enable: 0
Time: 325000 | PC_out: 6 | Opcode: 001 | Operand: 00000 | Accumulator: 0 | ALU_Result: 0 | Instr: 20 | Data_Mem: 00 | Wr_En: 0 | Mux_Sel: 1 | PC_En: 1 | SKZ: 0 | JMP: 0 | LDA: 0 | ld_ac: 0 | alu_enable: 0
Time: 335000 | PC_out: 7 | Opcode: 001 | Operand: 00000 | Accumulator: 0 | ALU_Result: 0 | Instr: 20 | Data_Mem: 00 | Wr_En: 0 | Mux_Sel: 1 | PC_En: 0 | SKZ: 0 | JMP: 0 | LDA: 0 | ld_ac: 0 | alu_enable: 0
Time: 375000 | PC_out: 7 | Opcode: 001 | Operand: 00000 | Accumulator: 0 | ALU_Result: 0 | Instr: 20 | Data_Mem: 00 | Wr_En: 0 | Mux_Sel: 0 | PC_En: 0 | SKZ: 1 | JMP: 0 | LDA: 0 | ld_ac: 0 | alu_enable: 0
Time: 395000 | PC_out: 7 | Opcode: 001 | Operand: 00000 | Accumulator: 0 | ALU_Result: 0 | Instr: 20 | Data_Mem: 00 | Wr_En: 0 | Mux_Sel: 0 | PC_En: 1 | SKZ: 1 | JMP: 0 | LDA: 0 | ld_ac: 0 | alu_enable: 0
Time: 405000 | PC_out: 9 | Opcode: 001 | Operand: 00000 | Accumulator: 0 | ALU_Result: 0 | Instr: 20 | Data_Mem: 00 | Wr_En: 0 | Mux_Sel: 1 | PC_En: 1 | SKZ: 0 | JMP: 0 | LDA: 0 | ld_ac: 0 | alu_enable: 0
Time: 415000 | PC_out: 10 | Opcode: 001 | Operand: 00000 | Accumulator: 0 | ALU_Result: 0 | Instr: 20 | Data_Mem: 00 | Wr_En: 0 | Mux_Sel: 1 | PC_En: 0 | SKZ: 0 | JMP: 0 | LDA: 0 | ld_ac: 0 | alu_enable: 0
Time: 435000 | PC_out: 10 | Opcode: 001 | Operand: 00000 | Accumulator: 0 | ALU_Result: 0 | Instr: dc | Data_Mem: 00 | Wr_En: 0 | Mux_Sel: 1 | PC_En: 0 | SKZ: 0 | JMP: 0 | LDA: 0 | ld_ac: 0 | alu_enable: 0
Time: 445000 | PC_out: 10 | Opcode: 110 | Operand: 11100 | Accumulator: 0 | ALU_Result: 0 | Instr: dc | Data_Mem: 00 | Wr_En: 0 | Mux_Sel: 1 | PC_En: 0 | SKZ: 0 | JMP: 0 | LDA: 0 | ld_ac: 0 | alu_enable: 0
Time: 455000 | PC_out: 10 | Opcode: 110 | Operand: 11100 | Accumulator: 0 | ALU_Result: 0 | Instr: dc | Data_Mem: 00 | Wr_En: 0 | Mux_Sel: 0 | PC_En: 0 | SKZ: 0 | JMP: 0 | LDA: 0 | ld_ac: 0 | alu_enable: 0
Time: 475000 | PC_out: 10 | Opcode: 110 | Operand: 11100 | Accumulator: 0 | ALU_Result: 0 | Instr: dc | Data_Mem: aa | Wr_En: 0 | Mux_Sel: 0 | PC_En: 0 | SKZ: 0 | JMP: 0 | LDA: 0 | ld_ac: 0 | alu_enable: 0
Time: 485000 | PC_out: 10 | Opcode: 110 | Operand: 11100 | Accumulator: 0 | ALU_Result: 0 | Instr: dc | Data_Mem: 00 | Wr_En: 1 | Mux_Sel: 1 | PC_En: 1 | SKZ: 0 | JMP: 0 | LDA: 0 | ld_ac: 0 | alu_enable: 0
Time: 495000 | PC_out: 11 | Opcode: 110 | Operand: 11100 | Accumulator: 0 | ALU_Result: 0 | Instr: dc | Data_Mem: aa | Wr_En: 0 | Mux_Sel: 1 | PC_En: 0 | SKZ: 0 | JMP: 0 | LDA: 0 | ld_ac: 0 | alu_enable: 0
Time: 505000 | PC_out: 11 | Opcode: 110 | Operand: 11100 | Accumulator: 0 | ALU_Result: 0 | Instr: dc | Data_Mem: 00 | Wr_En: 0 | Mux_Sel: 1 | PC_En: 0 | SKZ: 0 | JMP: 0 | LDA: 0 | ld_ac: 0 | alu_enable: 0
Time: 515000 | PC_out: 11 | Opcode: 110 | Operand: 11100 | Accumulator: 0 | ALU_Result: 0 | Instr: ba | Data_Mem: 00 | Wr_En: 0 | Mux_Sel: 1 | PC_En: 0 | SKZ: 0 | JMP: 0 | LDA: 0 | ld_ac: 0 | alu_enable: 0
Time: 525000 | PC_out: 11 | Opcode: 101 | Operand: 11010 | Accumulator: 0 | ALU_Result: 0 | Instr: ba | Data_Mem: 00 | Wr_En: 0 | Mux_Sel: 1 | PC_En: 0 | SKZ: 0 | JMP: 0 | LDA: 0 | ld_ac: 0 | alu_enable: 0
Time: 535000 | PC_out: 11 | Opcode: 101 | Operand: 11010 | Accumulator: 0 | ALU_Result: 0 | Instr: ba | Data_Mem: 00 | Wr_En: 0 | Mux_Sel: 0 | PC_En: 0 | SKZ: 0 | JMP: 0 | LDA: 0 | ld_ac: 0 | alu_enable: 0
Time: 545000 | PC_out: 11 | Opcode: 101 | Operand: 11010 | Accumulator: 0 | ALU_Result: 0 | Instr: ba | Data_Mem: 00 | Wr_En: 0 | Mux_Sel: 0 | PC_En: 0 | SKZ: 0 | JMP: 0 | LDA: 0 | ld_ac: 0 | alu_enable: 1
Time: 565000 | PC_out: 11 | Opcode: 101 | Operand: 11010 | Accumulator: 0 | ALU_Result: 0 | Instr: ba | Data_Mem: 00 | Wr_En: 0 | Mux_Sel: 1 | PC_En: 1 | SKZ: 0 | JMP: 0 | LDA: 0 | ld_ac: 1 | alu_enable: 0
Time: 575000 | PC_out: 12 | Opcode: 101 | Operand: 11010 | Accumulator: 0 | ALU_Result: 0 | Instr: ba | Data_Mem: 00 | Wr_En: 0 | Mux_Sel: 1 | PC_En: 0 | SKZ: 0 | JMP: 0 | LDA: 0 | ld_ac: 0 | alu_enable: 0
Time: 595000 | PC_out: 12 | Opcode: 101 | Operand: 11010 | Accumulator: 0 | ALU_Result: 0 | Instr: dc | Data_Mem: 00 | Wr_En: 0 | Mux_Sel: 1 | PC_En: 0 | SKZ: 0 | JMP: 0 | LDA: 0 | ld_ac: 0 | alu_enable: 0
Time: 605000 | PC_out: 12 | Opcode: 110 | Operand: 11100 | Accumulator: 0 | ALU_Result: 0 | Instr: dc | Data_Mem: 00 | Wr_En: 0 | Mux_Sel: 1 | PC_En: 0 | SKZ: 0 | JMP: 0 | LDA: 0 | ld_ac: 0 | alu_enable: 0
Time: 615000 | PC_out: 12 | Opcode: 110 | Operand: 11100 | Accumulator: 0 | ALU_Result: 0 | Instr: dc | Data_Mem: 00 | Wr_En: 0 | Mux_Sel: 0 | PC_En: 0 | SKZ: 0 | JMP: 0 | LDA: 0 | ld_ac: 0 | alu_enable: 0
Time: 645000 | PC_out: 12 | Opcode: 110 | Operand: 11100 | Accumulator: 0 | ALU_Result: 0 | Instr: dc | Data_Mem: 00 | Wr_En: 1 | Mux_Sel: 1 | PC_En: 1 | SKZ: 0 | JMP: 0 | LDA: 0 | ld_ac: 0 | alu_enable: 0
Time: 655000 | PC_out: 13 | Opcode: 110 | Operand: 11100 | Accumulator: 0 | ALU_Result: 0 | Instr: dc | Data_Mem: 00 | Wr_En: 0 | Mux_Sel: 1 | PC_En: 0 | SKZ: 0 | JMP: 0 | LDA: 0 | ld_ac: 0 | alu_enable: 0
Time: 675000 | PC_out: 13 | Opcode: 110 | Operand: 11100 | Accumulator: 0 | ALU_Result: 0 | Instr: bc | Data_Mem: 00 | Wr_En: 0 | Mux_Sel: 1 | PC_En: 0 | SKZ: 0 | JMP: 0 | LDA: 0 | ld_ac: 0 | alu_enable: 0
Time: 685000 | PC_out: 13 | Opcode: 101 | Operand: 11100 | Accumulator: 0 | ALU_Result: 0 | Instr: bc | Data_Mem: 00 | Wr_En: 0 | Mux_Sel: 1 | PC_En: 0 | SKZ: 0 | JMP: 0 | LDA: 0 | ld_ac: 0 | alu_enable: 0
Time: 695000 | PC_out: 13 | Opcode: 101 | Operand: 11100 | Accumulator: 0 | ALU_Result: 0 | Instr: bc | Data_Mem: 00 | Wr_En: 0 | Mux_Sel: 0 | PC_En: 0 | SKZ: 0 | JMP: 0 | LDA: 0 | ld_ac: 0 | alu_enable: 0
Time: 705000 | PC_out: 13 | Opcode: 101 | Operand: 11100 | Accumulator: 0 | ALU_Result: 0 | Instr: bc | Data_Mem: 00 | Wr_En: 0 | Mux_Sel: 0 | PC_En: 0 | SKZ: 0 | JMP: 0 | LDA: 0 | ld_ac: 0 | alu_enable: 1
Time: 725000 | PC_out: 13 | Opcode: 101 | Operand: 11100 | Accumulator: 0 | ALU_Result: 0 | Instr: bc | Data_Mem: 00 | Wr_En: 0 | Mux_Sel: 1 | PC_En: 1 | SKZ: 0 | JMP: 0 | LDA: 0 | ld_ac: 1 | alu_enable: 0
Time: 735000 | PC_out: 14 | Opcode: 101 | Operand: 11100 | Accumulator: 0 | ALU_Result: 0 | Instr: bc | Data_Mem: 00 | Wr_En: 0 | Mux_Sel: 1 | PC_En: 0 | SKZ: 0 | JMP: 0 | LDA: 0 | ld_ac: 0 | alu_enable: 0
Time: 755000 | PC_out: 14 | Opcode: 101 | Operand: 11100 | Accumulator: 0 | ALU_Result: 0 | Instr: 20 | Data_Mem: 00 | Wr_En: 0 | Mux_Sel: 1 | PC_En: 0 | SKZ: 0 | JMP: 0 | LDA: 0 | ld_ac: 0 | alu_enable: 0
Time: 765000 | PC_out: 14 | Opcode: 001 | Operand: 00000 | Accumulator: 0 | ALU_Result: 0 | Instr: 20 | Data_Mem: 00 | Wr_En: 0 | Mux_Sel: 1 | PC_En: 0 | SKZ: 0 | JMP: 0 | LDA: 0 | ld_ac: 0 | alu_enable: 0
Time: 775000 | PC_out: 14 | Opcode: 001 | Operand: 00000 | Accumulator: 0 | ALU_Result: 0 | Instr: 20 | Data_Mem: 00 | Wr_En: 0 | Mux_Sel: 0 | PC_En: 0 | SKZ: 1 | JMP: 0 | LDA: 0 | ld_ac: 0 | alu_enable: 0
Time: 795000 | PC_out: 14 | Opcode: 001 | Operand: 00000 | Accumulator: 0 | ALU_Result: 0 | Instr: 20 | Data_Mem: 00 | Wr_En: 0 | Mux_Sel: 0 | PC_En: 1 | SKZ: 1 | JMP: 0 | LDA: 0 | ld_ac: 0 | alu_enable: 0
Time: 805000 | PC_out: 16 | Opcode: 001 | Operand: 00000 | Accumulator: 0 | ALU_Result: 0 | Instr: 20 | Data_Mem: 00 | Wr_En: 0 | Mux_Sel: 1 | PC_En: 1 | SKZ: 0 | JMP: 0 | LDA: 0 | ld_ac: 0 | alu_enable: 0
Time: 815000 | PC_out: 17 | Opcode: 001 | Operand: 00000 | Accumulator: 0 | ALU_Result: 0 | Instr: 20 | Data_Mem: 00 | Wr_En: 0 | Mux_Sel: 1 | PC_En: 0 | SKZ: 0 | JMP: 0 | LDA: 0 | ld_ac: 0 | alu_enable: 0
Time: 855000 | PC_out: 17 | Opcode: 001 | Operand: 00000 | Accumulator: 0 | ALU_Result: 0 | Instr: 20 | Data_Mem: 00 | Wr_En: 0 | Mux_Sel: 0 | PC_En: 0 | SKZ: 1 | JMP: 0 | LDA: 0 | ld_ac: 0 | alu_enable: 0
Time: 875000 | PC_out: 17 | Opcode: 001 | Operand: 00000 | Accumulator: 0 | ALU_Result: 0 | Instr: 20 | Data_Mem: 00 | Wr_En: 0 | Mux_Sel: 0 | PC_En: 1 | SKZ: 1 | JMP: 0 | LDA: 0 | ld_ac: 0 | alu_enable: 0
Time: 885000 | PC_out: 19 | Opcode: 001 | Operand: 00000 | Accumulator: 0 | ALU_Result: 0 | Instr: 20 | Data_Mem: 00 | Wr_En: 0 | Mux_Sel: 1 | PC_En: 1 | SKZ: 0 | JMP: 0 | LDA: 0 | ld_ac: 0 | alu_enable: 0
Time: 895000 | PC_out: 20 | Opcode: 001 | Operand: 00000 | Accumulator: 0 | ALU_Result: 0 | Instr: 20 | Data_Mem: 00 | Wr_En: 0 | Mux_Sel: 1 | PC_En: 0 | SKZ: 0 | JMP: 0 | LDA: 0 | ld_ac: 0 | alu_enable: 0
Time: 915000 | PC_out: 20 | Opcode: 001 | Operand: 00000 | Accumulator: 0 | ALU_Result: 0 | Instr: 9b | Data_Mem: 00 | Wr_En: 0 | Mux_Sel: 1 | PC_En: 0 | SKZ: 0 | JMP: 0 | LDA: 0 | ld_ac: 0 | alu_enable: 0
Time: 925000 | PC_out: 20 | Opcode: 100 | Operand: 11011 | Accumulator: 0 | ALU_Result: 0 | Instr: 9b | Data_Mem: 00 | Wr_En: 0 | Mux_Sel: 1 | PC_En: 0 | SKZ: 0 | JMP: 0 | LDA: 0 | ld_ac: 0 | alu_enable: 0
Time: 935000 | PC_out: 20 | Opcode: 100 | Operand: 11011 | Accumulator: 0 | ALU_Result: 0 | Instr: 9b | Data_Mem: 00 | Wr_En: 0 | Mux_Sel: 0 | PC_En: 0 | SKZ: 0 | JMP: 0 | LDA: 0 | ld_ac: 0 | alu_enable: 1
Time: 955000 | PC_out: 20 | Opcode: 100 | Operand: 11011 | Accumulator: 0 | ALU_Result: 0 | Instr: 9b | Data_Mem: ff | Wr_En: 0 | Mux_Sel: 0 | PC_En: 0 | SKZ: 0 | JMP: 0 | LDA: 0 | ld_ac: 0 | alu_enable: 1
Time: 965000 | PC_out: 20 | Opcode: 100 | Operand: 11011 | Accumulator: 0 | ALU_Result: 255 | Instr: 9b | Data_Mem: ff | Wr_En: 0 | Mux_Sel: 1 | PC_En: 1 | SKZ: 0 | JMP: 0 | LDA: 0 | ld_ac: 1 | alu_enable: 0
Time: 975000 | PC_out: 21 | Opcode: 100 | Operand: 11011 | Accumulator: 255 | ALU_Result: 255 | Instr: 9b | Data_Mem: ff | Wr_En: 0 | Mux_Sel: 1 | PC_En: 0 | SKZ: 0 | JMP: 0 | LDA: 0 | ld_ac: 0 | alu_enable: 0
Time: 995000 | PC_out: 21 | Opcode: 100 | Operand: 11011 | Accumulator: 255 | ALU_Result: 255 | Instr: 20 | Data_Mem: ff | Wr_En: 0 | Mux_Sel: 1 | PC_En: 0 | SKZ: 0 | JMP: 0 | LDA: 0 | ld_ac: 0 | alu_enable: 0
INFO: [USF-XSim-96] XSim completed. Design snapshot 'RISC_CPU_tb_behav' loaded.
INFO: [USF-XSim-97] XSim simulation ran for 1000ns
launch_simulation: Time (s): cpu = 00:00:01 ; elapsed = 00:00:05 . Memory (MB): peak = 2721.336 ; gain = 0.000
close_sim
INFO: [Simtcl 6-16] Simulation closed
launch_simulation
Command: launch_simulation 
INFO: [Vivado 12-12493] Simulation top is 'RISC_CPU_tb'
WARNING: [Vivado 12-13340] Unable to auto find GCC executables from simulator install path! (path not set)
INFO: [Vivado 12-5682] Launching behavioral simulation in 'D:/Minh_Hung/L05_Group_2_BTL_TKVM/L05_Group_2_BTL_TKVM.sim/sim_1/behav/xsim'
INFO: [SIM-utils-51] Simulation object is 'sim_1'
INFO: [SIM-utils-72] Using boost library from 'D:/Vivado/2024.1/tps/boost_1_72_0'
INFO: [SIM-utils-54] Inspecting design source files for 'RISC_CPU_tb' in fileset 'sim_1'...
INFO: [SIM-utils-43] Exported 'D:/Minh_Hung/L05_Group_2_BTL_TKVM/L05_Group_2_BTL_TKVM.sim/sim_1/behav/xsim/data_init.mem'
INFO: [SIM-utils-43] Exported 'D:/Minh_Hung/L05_Group_2_BTL_TKVM/L05_Group_2_BTL_TKVM.sim/sim_1/behav/xsim/instruction_file.mem'
INFO: [USF-XSim-97] Finding global include files...
INFO: [USF-XSim-98] Fetching design files from 'sim_1'...
INFO: [USF-XSim-2] XSim::Compile design
INFO: [USF-XSim-61] Executing 'COMPILE and ANALYZE' step in 'D:/Minh_Hung/L05_Group_2_BTL_TKVM/L05_Group_2_BTL_TKVM.sim/sim_1/behav/xsim'
"xvlog --incr --relax -prj RISC_CPU_tb_vlog.prj"
INFO: [VRFC 10-2263] Analyzing Verilog file "D:/Minh_Hung/L05_Group_2_BTL_TKVM/L05_Group_2_BTL_TKVM.srcs/sources_1/new/ALU.v" into library xil_defaultlib
INFO: [VRFC 10-311] analyzing module ALU
INFO: [VRFC 10-2263] Analyzing Verilog file "D:/Minh_Hung/L05_Group_2_BTL_TKVM/L05_Group_2_BTL_TKVM.srcs/sources_1/new/Accumulator.v" into library xil_defaultlib
INFO: [VRFC 10-311] analyzing module Accumulator
INFO: [VRFC 10-2263] Analyzing Verilog file "D:/Minh_Hung/L05_Group_2_BTL_TKVM/L05_Group_2_BTL_TKVM.srcs/sources_1/new/Controller.v" into library xil_defaultlib
INFO: [VRFC 10-311] analyzing module Controller
WARNING: [VRFC 10-9336] redeclaration of ANSI port 'state' is not allowed [D:/Minh_Hung/L05_Group_2_BTL_TKVM/L05_Group_2_BTL_TKVM.srcs/sources_1/new/Controller.v:20]
INFO: [VRFC 10-2263] Analyzing Verilog file "D:/Minh_Hung/L05_Group_2_BTL_TKVM/L05_Group_2_BTL_TKVM.srcs/sources_1/new/DataMemory.v" into library xil_defaultlib
INFO: [VRFC 10-311] analyzing module dataMemory
INFO: [VRFC 10-2263] Analyzing Verilog file "D:/Minh_Hung/L05_Group_2_BTL_TKVM/L05_Group_2_BTL_TKVM.srcs/sources_1/new/Instruction_Memory.v" into library xil_defaultlib
INFO: [VRFC 10-311] analyzing module instructionMemory
INFO: [VRFC 10-2263] Analyzing Verilog file "D:/Minh_Hung/L05_Group_2_BTL_TKVM/L05_Group_2_BTL_TKVM.srcs/sources_1/new/Instruction_register.v" into library xil_defaultlib
INFO: [VRFC 10-311] analyzing module Instruction_Register
INFO: [VRFC 10-2263] Analyzing Verilog file "D:/Minh_Hung/L05_Group_2_BTL_TKVM/L05_Group_2_BTL_TKVM.srcs/sources_1/new/Program_counter.v" into library xil_defaultlib
INFO: [VRFC 10-311] analyzing module Program_counter
INFO: [VRFC 10-2263] Analyzing Verilog file "D:/Minh_Hung/L05_Group_2_BTL_TKVM/L05_Group_2_BTL_TKVM.srcs/sources_1/new/RISC_CPU.v" into library xil_defaultlib
INFO: [VRFC 10-311] analyzing module RISC_CPU
INFO: [VRFC 10-2263] Analyzing Verilog file "D:/Minh_Hung/L05_Group_2_BTL_TKVM/L05_Group_2_BTL_TKVM.srcs/sources_1/new/addr_mux.v" into library xil_defaultlib
INFO: [VRFC 10-311] analyzing module addr_mux
INFO: [VRFC 10-2263] Analyzing Verilog file "D:/Minh_Hung/L05_Group_2_BTL_TKVM/L05_Group_2_BTL_TKVM.srcs/sim_1/new/RISC_CPU_tb.v" into library xil_defaultlib
INFO: [VRFC 10-311] analyzing module RISC_CPU_tb
INFO: [USF-XSim-69] 'compile' step finished in '2' seconds
INFO: [USF-XSim-3] XSim::Elaborate design
INFO: [USF-XSim-61] Executing 'ELABORATE' step in 'D:/Minh_Hung/L05_Group_2_BTL_TKVM/L05_Group_2_BTL_TKVM.sim/sim_1/behav/xsim'
"xelab --incr --debug typical --relax --mt 2 -L xil_defaultlib -L unisims_ver -L unimacro_ver -L secureip --snapshot RISC_CPU_tb_behav xil_defaultlib.RISC_CPU_tb xil_defaultlib.glbl -log elaborate.log"
Vivado Simulator v2024.1
Copyright 1986-2022 Xilinx, Inc. All Rights Reserved.
Copyright 2022-2024 Advanced Micro Devices, Inc. All Rights Reserved.
Running: D:/Vivado/2024.1/bin/unwrapped/win64.o/xelab.exe --incr --debug typical --relax --mt 2 -L xil_defaultlib -L unisims_ver -L unimacro_ver -L secureip --snapshot RISC_CPU_tb_behav xil_defaultlib.RISC_CPU_tb xil_defaultlib.glbl -log elaborate.log 
Using 2 slave threads.
Starting static elaboration
Pass Through NonSizing Optimizer
WARNING: [VRFC 10-3091] actual bit length 4 differs from formal bit length 1 for port 'state' [D:/Minh_Hung/L05_Group_2_BTL_TKVM/L05_Group_2_BTL_TKVM.srcs/sim_1/new/RISC_CPU_tb.v:53]
WARNING: [VRFC 10-3091] actual bit length 1 differs from formal bit length 4 for port 'state' [D:/Minh_Hung/L05_Group_2_BTL_TKVM/L05_Group_2_BTL_TKVM.srcs/sources_1/new/RISC_CPU.v:52]
Completed static elaboration
Starting simulation data flow analysis
WARNING: [XSIM 43-4099] "D:/Minh_Hung/L05_Group_2_BTL_TKVM/L05_Group_2_BTL_TKVM.srcs/sources_1/new/ALU.v" Line 1. Module ALU doesn't have a timescale but at least one module in design has a timescale.
WARNING: [XSIM 43-4099] "D:/Minh_Hung/L05_Group_2_BTL_TKVM/L05_Group_2_BTL_TKVM.srcs/sources_1/new/ALU.v" Line 1. Module ALU doesn't have a timescale but at least one module in design has a timescale.
Completed simulation data flow analysis
Time Resolution for simulation is 1ps
Compiling module xil_defaultlib.Controller
Compiling module xil_defaultlib.Program_counter
Compiling module xil_defaultlib.addr_mux
Compiling module xil_defaultlib.instructionMemory
Compiling module xil_defaultlib.Instruction_Register
Compiling module xil_defaultlib.dataMemory
Compiling module xil_defaultlib.ALU
Compiling module xil_defaultlib.Accumulator
Compiling module xil_defaultlib.RISC_CPU
Compiling module xil_defaultlib.RISC_CPU_tb
Compiling module xil_defaultlib.glbl
Built simulation snapshot RISC_CPU_tb_behav
INFO: [USF-XSim-69] 'elaborate' step finished in '2' seconds
INFO: [USF-XSim-4] XSim::Simulate design
INFO: [USF-XSim-61] Executing 'SIMULATE' step in 'D:/Minh_Hung/L05_Group_2_BTL_TKVM/L05_Group_2_BTL_TKVM.sim/sim_1/behav/xsim'
INFO: [USF-XSim-98] *** Running xsim
   with args "RISC_CPU_tb_behav -key {Behavioral:sim_1:Functional:RISC_CPU_tb} -tclbatch {RISC_CPU_tb.tcl} -log {simulate.log}"
INFO: [USF-XSim-8] Loading simulator feature
Time resolution is 1 ps
source RISC_CPU_tb.tcl
# set curr_wave [current_wave_config]
# if { [string length $curr_wave] == 0 } {
#   if { [llength [get_objects]] > 0} {
#     add_wave /
#     set_property needs_save false [current_wave_config]
#   } else {
#      send_msg_id Add_Wave-1 WARNING "No top level signals found. Simulator will start without a wave window. If you want to open a wave window go to 'File->New Waveform Configuration' or type 'create_wave_config' in the TCL console."
#   }
# }
# run 1000ns
Time: 0 | PC_out: 0 | Opcode: zzz | Operand: zzzzz | Accumulator: 0 | ALU_Result: x | Instr: xx | Data_Mem: xx | Wr_En: 0 | Mux_Sel: 0 | PC_En: 0 | SKZ: 0 | JMP: 0 | state: zzz0 | ld_ac: 0 | alu_enable: 0
Time: 15000 | PC_out: 0 | Opcode: zzz | Operand: zzzzz | Accumulator: 0 | ALU_Result: x | Instr: xx | Data_Mem: xx | Wr_En: 0 | Mux_Sel: 1 | PC_En: 0 | SKZ: 0 | JMP: 0 | state: zzz1 | ld_ac: 0 | alu_enable: 0
Time: 25000 | PC_out: 0 | Opcode: zzz | Operand: zzzzz | Accumulator: 0 | ALU_Result: x | Instr: xx | Data_Mem: xx | Wr_En: 0 | Mux_Sel: 1 | PC_En: 0 | SKZ: 0 | JMP: 0 | state: zzz0 | ld_ac: 0 | alu_enable: 0
Time: 35000 | PC_out: 0 | Opcode: zzz | Operand: zzzzz | Accumulator: 0 | ALU_Result: x | Instr: fe | Data_Mem: xx | Wr_En: 0 | Mux_Sel: 1 | PC_En: 0 | SKZ: 0 | JMP: 0 | state: zzz1 | ld_ac: 0 | alu_enable: 0
Time: 45000 | PC_out: 0 | Opcode: 111 | Operand: 11110 | Accumulator: 0 | ALU_Result: x | Instr: fe | Data_Mem: xx | Wr_En: 0 | Mux_Sel: 1 | PC_En: 0 | SKZ: 0 | JMP: 0 | state: zzz0 | ld_ac: 0 | alu_enable: 0
Time: 55000 | PC_out: 0 | Opcode: 111 | Operand: 11110 | Accumulator: 0 | ALU_Result: x | Instr: fe | Data_Mem: xx | Wr_En: 0 | Mux_Sel: 0 | PC_En: 0 | SKZ: 0 | JMP: 0 | state: zzz1 | ld_ac: 0 | alu_enable: 0
Time: 65000 | PC_out: 0 | Opcode: 111 | Operand: 11110 | Accumulator: 0 | ALU_Result: x | Instr: fe | Data_Mem: xx | Wr_En: 0 | Mux_Sel: 0 | PC_En: 0 | SKZ: 0 | JMP: 0 | state: zzz0 | ld_ac: 0 | alu_enable: 0
Time: 75000 | PC_out: 0 | Opcode: 111 | Operand: 11110 | Accumulator: 0 | ALU_Result: x | Instr: fe | Data_Mem: xx | Wr_En: 0 | Mux_Sel: 0 | PC_En: 1 | SKZ: 0 | JMP: 1 | state: zzz1 | ld_ac: 0 | alu_enable: 0
Time: 85000 | PC_out: 30 | Opcode: 111 | Operand: 11110 | Accumulator: 0 | ALU_Result: x | Instr: fe | Data_Mem: xx | Wr_En: 0 | Mux_Sel: 1 | PC_En: 1 | SKZ: 0 | JMP: 1 | state: zzz0 | ld_ac: 0 | alu_enable: 0
Time: 95000 | PC_out: 30 | Opcode: 111 | Operand: 11110 | Accumulator: 0 | ALU_Result: x | Instr: fe | Data_Mem: xx | Wr_En: 0 | Mux_Sel: 1 | PC_En: 0 | SKZ: 0 | JMP: 0 | state: zzz1 | ld_ac: 0 | alu_enable: 0
Time: 105000 | PC_out: 30 | Opcode: 111 | Operand: 11110 | Accumulator: 0 | ALU_Result: x | Instr: fe | Data_Mem: xx | Wr_En: 0 | Mux_Sel: 1 | PC_En: 0 | SKZ: 0 | JMP: 0 | state: zzz0 | ld_ac: 0 | alu_enable: 0
Time: 115000 | PC_out: 30 | Opcode: 111 | Operand: 11110 | Accumulator: 0 | ALU_Result: x | Instr: e3 | Data_Mem: xx | Wr_En: 0 | Mux_Sel: 1 | PC_En: 0 | SKZ: 0 | JMP: 0 | state: zzz1 | ld_ac: 0 | alu_enable: 0
Time: 125000 | PC_out: 30 | Opcode: 111 | Operand: 00011 | Accumulator: 0 | ALU_Result: x | Instr: e3 | Data_Mem: xx | Wr_En: 0 | Mux_Sel: 1 | PC_En: 0 | SKZ: 0 | JMP: 0 | state: zzz0 | ld_ac: 0 | alu_enable: 0
Time: 135000 | PC_out: 30 | Opcode: 111 | Operand: 00011 | Accumulator: 0 | ALU_Result: x | Instr: e3 | Data_Mem: xx | Wr_En: 0 | Mux_Sel: 0 | PC_En: 0 | SKZ: 0 | JMP: 0 | state: zzz1 | ld_ac: 0 | alu_enable: 0
Time: 145000 | PC_out: 30 | Opcode: 111 | Operand: 00011 | Accumulator: 0 | ALU_Result: x | Instr: e3 | Data_Mem: xx | Wr_En: 0 | Mux_Sel: 0 | PC_En: 0 | SKZ: 0 | JMP: 0 | state: zzz0 | ld_ac: 0 | alu_enable: 0
Time: 155000 | PC_out: 30 | Opcode: 111 | Operand: 00011 | Accumulator: 0 | ALU_Result: x | Instr: e3 | Data_Mem: 00 | Wr_En: 0 | Mux_Sel: 0 | PC_En: 1 | SKZ: 0 | JMP: 1 | state: zzz1 | ld_ac: 0 | alu_enable: 0
Time: 165000 | PC_out: 3 | Opcode: 111 | Operand: 00011 | Accumulator: 0 | ALU_Result: x | Instr: e3 | Data_Mem: 00 | Wr_En: 0 | Mux_Sel: 1 | PC_En: 1 | SKZ: 0 | JMP: 1 | state: zzz0 | ld_ac: 0 | alu_enable: 0
Time: 175000 | PC_out: 3 | Opcode: 111 | Operand: 00011 | Accumulator: 0 | ALU_Result: x | Instr: e3 | Data_Mem: 00 | Wr_En: 0 | Mux_Sel: 1 | PC_En: 0 | SKZ: 0 | JMP: 0 | state: zzz1 | ld_ac: 0 | alu_enable: 0
Time: 185000 | PC_out: 3 | Opcode: 111 | Operand: 00011 | Accumulator: 0 | ALU_Result: x | Instr: e3 | Data_Mem: 00 | Wr_En: 0 | Mux_Sel: 1 | PC_En: 0 | SKZ: 0 | JMP: 0 | state: zzz0 | ld_ac: 0 | alu_enable: 0
Time: 195000 | PC_out: 3 | Opcode: 111 | Operand: 00011 | Accumulator: 0 | ALU_Result: x | Instr: ba | Data_Mem: 00 | Wr_En: 0 | Mux_Sel: 1 | PC_En: 0 | SKZ: 0 | JMP: 0 | state: zzz1 | ld_ac: 0 | alu_enable: 0
Time: 205000 | PC_out: 3 | Opcode: 101 | Operand: 11010 | Accumulator: 0 | ALU_Result: x | Instr: ba | Data_Mem: 00 | Wr_En: 0 | Mux_Sel: 1 | PC_En: 0 | SKZ: 0 | JMP: 0 | state: zzz0 | ld_ac: 0 | alu_enable: 0
Time: 215000 | PC_out: 3 | Opcode: 101 | Operand: 11010 | Accumulator: 0 | ALU_Result: x | Instr: ba | Data_Mem: 00 | Wr_En: 0 | Mux_Sel: 0 | PC_En: 0 | SKZ: 0 | JMP: 0 | state: zzz1 | ld_ac: 0 | alu_enable: 0
Time: 225000 | PC_out: 3 | Opcode: 101 | Operand: 11010 | Accumulator: 0 | ALU_Result: x | Instr: ba | Data_Mem: 00 | Wr_En: 0 | Mux_Sel: 0 | PC_En: 0 | SKZ: 0 | JMP: 0 | state: zzz0 | ld_ac: 0 | alu_enable: 1
Time: 235000 | PC_out: 3 | Opcode: 101 | Operand: 11010 | Accumulator: 0 | ALU_Result: 0 | Instr: ba | Data_Mem: 00 | Wr_En: 0 | Mux_Sel: 0 | PC_En: 0 | SKZ: 0 | JMP: 0 | state: zzz1 | ld_ac: 0 | alu_enable: 1
Time: 245000 | PC_out: 3 | Opcode: 101 | Operand: 11010 | Accumulator: 0 | ALU_Result: 0 | Instr: ba | Data_Mem: 00 | Wr_En: 0 | Mux_Sel: 1 | PC_En: 1 | SKZ: 0 | JMP: 0 | state: zzz0 | ld_ac: 1 | alu_enable: 0
Time: 255000 | PC_out: 4 | Opcode: 101 | Operand: 11010 | Accumulator: 0 | ALU_Result: 0 | Instr: ba | Data_Mem: 00 | Wr_En: 0 | Mux_Sel: 1 | PC_En: 0 | SKZ: 0 | JMP: 0 | state: zzz1 | ld_ac: 0 | alu_enable: 0
Time: 265000 | PC_out: 4 | Opcode: 101 | Operand: 11010 | Accumulator: 0 | ALU_Result: 0 | Instr: ba | Data_Mem: 00 | Wr_En: 0 | Mux_Sel: 1 | PC_En: 0 | SKZ: 0 | JMP: 0 | state: zzz0 | ld_ac: 0 | alu_enable: 0
Time: 275000 | PC_out: 4 | Opcode: 101 | Operand: 11010 | Accumulator: 0 | ALU_Result: 0 | Instr: 20 | Data_Mem: 00 | Wr_En: 0 | Mux_Sel: 1 | PC_En: 0 | SKZ: 0 | JMP: 0 | state: zzz1 | ld_ac: 0 | alu_enable: 0
Time: 285000 | PC_out: 4 | Opcode: 001 | Operand: 00000 | Accumulator: 0 | ALU_Result: 0 | Instr: 20 | Data_Mem: 00 | Wr_En: 0 | Mux_Sel: 1 | PC_En: 0 | SKZ: 0 | JMP: 0 | state: zzz0 | ld_ac: 0 | alu_enable: 0
Time: 295000 | PC_out: 4 | Opcode: 001 | Operand: 00000 | Accumulator: 0 | ALU_Result: 0 | Instr: 20 | Data_Mem: 00 | Wr_En: 0 | Mux_Sel: 0 | PC_En: 0 | SKZ: 1 | JMP: 0 | state: zzz1 | ld_ac: 0 | alu_enable: 0
Time: 305000 | PC_out: 4 | Opcode: 001 | Operand: 00000 | Accumulator: 0 | ALU_Result: 0 | Instr: 20 | Data_Mem: 00 | Wr_En: 0 | Mux_Sel: 0 | PC_En: 0 | SKZ: 1 | JMP: 0 | state: zzz0 | ld_ac: 0 | alu_enable: 0
Time: 315000 | PC_out: 4 | Opcode: 001 | Operand: 00000 | Accumulator: 0 | ALU_Result: 0 | Instr: 20 | Data_Mem: 00 | Wr_En: 0 | Mux_Sel: 0 | PC_En: 1 | SKZ: 1 | JMP: 0 | state: zzz1 | ld_ac: 0 | alu_enable: 0
Time: 325000 | PC_out: 6 | Opcode: 001 | Operand: 00000 | Accumulator: 0 | ALU_Result: 0 | Instr: 20 | Data_Mem: 00 | Wr_En: 0 | Mux_Sel: 1 | PC_En: 1 | SKZ: 0 | JMP: 0 | state: zzz0 | ld_ac: 0 | alu_enable: 0
Time: 335000 | PC_out: 7 | Opcode: 001 | Operand: 00000 | Accumulator: 0 | ALU_Result: 0 | Instr: 20 | Data_Mem: 00 | Wr_En: 0 | Mux_Sel: 1 | PC_En: 0 | SKZ: 0 | JMP: 0 | state: zzz1 | ld_ac: 0 | alu_enable: 0
Time: 345000 | PC_out: 7 | Opcode: 001 | Operand: 00000 | Accumulator: 0 | ALU_Result: 0 | Instr: 20 | Data_Mem: 00 | Wr_En: 0 | Mux_Sel: 1 | PC_En: 0 | SKZ: 0 | JMP: 0 | state: zzz0 | ld_ac: 0 | alu_enable: 0
Time: 355000 | PC_out: 7 | Opcode: 001 | Operand: 00000 | Accumulator: 0 | ALU_Result: 0 | Instr: 20 | Data_Mem: 00 | Wr_En: 0 | Mux_Sel: 1 | PC_En: 0 | SKZ: 0 | JMP: 0 | state: zzz1 | ld_ac: 0 | alu_enable: 0
Time: 365000 | PC_out: 7 | Opcode: 001 | Operand: 00000 | Accumulator: 0 | ALU_Result: 0 | Instr: 20 | Data_Mem: 00 | Wr_En: 0 | Mux_Sel: 1 | PC_En: 0 | SKZ: 0 | JMP: 0 | state: zzz0 | ld_ac: 0 | alu_enable: 0
Time: 375000 | PC_out: 7 | Opcode: 001 | Operand: 00000 | Accumulator: 0 | ALU_Result: 0 | Instr: 20 | Data_Mem: 00 | Wr_En: 0 | Mux_Sel: 0 | PC_En: 0 | SKZ: 1 | JMP: 0 | state: zzz1 | ld_ac: 0 | alu_enable: 0
Time: 385000 | PC_out: 7 | Opcode: 001 | Operand: 00000 | Accumulator: 0 | ALU_Result: 0 | Instr: 20 | Data_Mem: 00 | Wr_En: 0 | Mux_Sel: 0 | PC_En: 0 | SKZ: 1 | JMP: 0 | state: zzz0 | ld_ac: 0 | alu_enable: 0
Time: 395000 | PC_out: 7 | Opcode: 001 | Operand: 00000 | Accumulator: 0 | ALU_Result: 0 | Instr: 20 | Data_Mem: 00 | Wr_En: 0 | Mux_Sel: 0 | PC_En: 1 | SKZ: 1 | JMP: 0 | state: zzz1 | ld_ac: 0 | alu_enable: 0
Time: 405000 | PC_out: 9 | Opcode: 001 | Operand: 00000 | Accumulator: 0 | ALU_Result: 0 | Instr: 20 | Data_Mem: 00 | Wr_En: 0 | Mux_Sel: 1 | PC_En: 1 | SKZ: 0 | JMP: 0 | state: zzz0 | ld_ac: 0 | alu_enable: 0
Time: 415000 | PC_out: 10 | Opcode: 001 | Operand: 00000 | Accumulator: 0 | ALU_Result: 0 | Instr: 20 | Data_Mem: 00 | Wr_En: 0 | Mux_Sel: 1 | PC_En: 0 | SKZ: 0 | JMP: 0 | state: zzz1 | ld_ac: 0 | alu_enable: 0
Time: 425000 | PC_out: 10 | Opcode: 001 | Operand: 00000 | Accumulator: 0 | ALU_Result: 0 | Instr: 20 | Data_Mem: 00 | Wr_En: 0 | Mux_Sel: 1 | PC_En: 0 | SKZ: 0 | JMP: 0 | state: zzz0 | ld_ac: 0 | alu_enable: 0
Time: 435000 | PC_out: 10 | Opcode: 001 | Operand: 00000 | Accumulator: 0 | ALU_Result: 0 | Instr: dc | Data_Mem: 00 | Wr_En: 0 | Mux_Sel: 1 | PC_En: 0 | SKZ: 0 | JMP: 0 | state: zzz1 | ld_ac: 0 | alu_enable: 0
Time: 445000 | PC_out: 10 | Opcode: 110 | Operand: 11100 | Accumulator: 0 | ALU_Result: 0 | Instr: dc | Data_Mem: 00 | Wr_En: 0 | Mux_Sel: 1 | PC_En: 0 | SKZ: 0 | JMP: 0 | state: zzz0 | ld_ac: 0 | alu_enable: 0
Time: 455000 | PC_out: 10 | Opcode: 110 | Operand: 11100 | Accumulator: 0 | ALU_Result: 0 | Instr: dc | Data_Mem: 00 | Wr_En: 0 | Mux_Sel: 0 | PC_En: 0 | SKZ: 0 | JMP: 0 | state: zzz1 | ld_ac: 0 | alu_enable: 0
Time: 465000 | PC_out: 10 | Opcode: 110 | Operand: 11100 | Accumulator: 0 | ALU_Result: 0 | Instr: dc | Data_Mem: 00 | Wr_En: 0 | Mux_Sel: 0 | PC_En: 0 | SKZ: 0 | JMP: 0 | state: zzz0 | ld_ac: 0 | alu_enable: 0
Time: 475000 | PC_out: 10 | Opcode: 110 | Operand: 11100 | Accumulator: 0 | ALU_Result: 0 | Instr: dc | Data_Mem: aa | Wr_En: 0 | Mux_Sel: 0 | PC_En: 0 | SKZ: 0 | JMP: 0 | state: zzz1 | ld_ac: 0 | alu_enable: 0
Time: 485000 | PC_out: 10 | Opcode: 110 | Operand: 11100 | Accumulator: 0 | ALU_Result: 0 | Instr: dc | Data_Mem: 00 | Wr_En: 1 | Mux_Sel: 1 | PC_En: 1 | SKZ: 0 | JMP: 0 | state: zzz0 | ld_ac: 0 | alu_enable: 0
Time: 495000 | PC_out: 11 | Opcode: 110 | Operand: 11100 | Accumulator: 0 | ALU_Result: 0 | Instr: dc | Data_Mem: aa | Wr_En: 0 | Mux_Sel: 1 | PC_En: 0 | SKZ: 0 | JMP: 0 | state: zzz1 | ld_ac: 0 | alu_enable: 0
Time: 505000 | PC_out: 11 | Opcode: 110 | Operand: 11100 | Accumulator: 0 | ALU_Result: 0 | Instr: dc | Data_Mem: 00 | Wr_En: 0 | Mux_Sel: 1 | PC_En: 0 | SKZ: 0 | JMP: 0 | state: zzz0 | ld_ac: 0 | alu_enable: 0
Time: 515000 | PC_out: 11 | Opcode: 110 | Operand: 11100 | Accumulator: 0 | ALU_Result: 0 | Instr: ba | Data_Mem: 00 | Wr_En: 0 | Mux_Sel: 1 | PC_En: 0 | SKZ: 0 | JMP: 0 | state: zzz1 | ld_ac: 0 | alu_enable: 0
Time: 525000 | PC_out: 11 | Opcode: 101 | Operand: 11010 | Accumulator: 0 | ALU_Result: 0 | Instr: ba | Data_Mem: 00 | Wr_En: 0 | Mux_Sel: 1 | PC_En: 0 | SKZ: 0 | JMP: 0 | state: zzz0 | ld_ac: 0 | alu_enable: 0
Time: 535000 | PC_out: 11 | Opcode: 101 | Operand: 11010 | Accumulator: 0 | ALU_Result: 0 | Instr: ba | Data_Mem: 00 | Wr_En: 0 | Mux_Sel: 0 | PC_En: 0 | SKZ: 0 | JMP: 0 | state: zzz1 | ld_ac: 0 | alu_enable: 0
Time: 545000 | PC_out: 11 | Opcode: 101 | Operand: 11010 | Accumulator: 0 | ALU_Result: 0 | Instr: ba | Data_Mem: 00 | Wr_En: 0 | Mux_Sel: 0 | PC_En: 0 | SKZ: 0 | JMP: 0 | state: zzz0 | ld_ac: 0 | alu_enable: 1
Time: 555000 | PC_out: 11 | Opcode: 101 | Operand: 11010 | Accumulator: 0 | ALU_Result: 0 | Instr: ba | Data_Mem: 00 | Wr_En: 0 | Mux_Sel: 0 | PC_En: 0 | SKZ: 0 | JMP: 0 | state: zzz1 | ld_ac: 0 | alu_enable: 1
Time: 565000 | PC_out: 11 | Opcode: 101 | Operand: 11010 | Accumulator: 0 | ALU_Result: 0 | Instr: ba | Data_Mem: 00 | Wr_En: 0 | Mux_Sel: 1 | PC_En: 1 | SKZ: 0 | JMP: 0 | state: zzz0 | ld_ac: 1 | alu_enable: 0
Time: 575000 | PC_out: 12 | Opcode: 101 | Operand: 11010 | Accumulator: 0 | ALU_Result: 0 | Instr: ba | Data_Mem: 00 | Wr_En: 0 | Mux_Sel: 1 | PC_En: 0 | SKZ: 0 | JMP: 0 | state: zzz1 | ld_ac: 0 | alu_enable: 0
Time: 585000 | PC_out: 12 | Opcode: 101 | Operand: 11010 | Accumulator: 0 | ALU_Result: 0 | Instr: ba | Data_Mem: 00 | Wr_En: 0 | Mux_Sel: 1 | PC_En: 0 | SKZ: 0 | JMP: 0 | state: zzz0 | ld_ac: 0 | alu_enable: 0
Time: 595000 | PC_out: 12 | Opcode: 101 | Operand: 11010 | Accumulator: 0 | ALU_Result: 0 | Instr: dc | Data_Mem: 00 | Wr_En: 0 | Mux_Sel: 1 | PC_En: 0 | SKZ: 0 | JMP: 0 | state: zzz1 | ld_ac: 0 | alu_enable: 0
Time: 605000 | PC_out: 12 | Opcode: 110 | Operand: 11100 | Accumulator: 0 | ALU_Result: 0 | Instr: dc | Data_Mem: 00 | Wr_En: 0 | Mux_Sel: 1 | PC_En: 0 | SKZ: 0 | JMP: 0 | state: zzz0 | ld_ac: 0 | alu_enable: 0
Time: 615000 | PC_out: 12 | Opcode: 110 | Operand: 11100 | Accumulator: 0 | ALU_Result: 0 | Instr: dc | Data_Mem: 00 | Wr_En: 0 | Mux_Sel: 0 | PC_En: 0 | SKZ: 0 | JMP: 0 | state: zzz1 | ld_ac: 0 | alu_enable: 0
Time: 625000 | PC_out: 12 | Opcode: 110 | Operand: 11100 | Accumulator: 0 | ALU_Result: 0 | Instr: dc | Data_Mem: 00 | Wr_En: 0 | Mux_Sel: 0 | PC_En: 0 | SKZ: 0 | JMP: 0 | state: zzz0 | ld_ac: 0 | alu_enable: 0
Time: 635000 | PC_out: 12 | Opcode: 110 | Operand: 11100 | Accumulator: 0 | ALU_Result: 0 | Instr: dc | Data_Mem: 00 | Wr_En: 0 | Mux_Sel: 0 | PC_En: 0 | SKZ: 0 | JMP: 0 | state: zzz1 | ld_ac: 0 | alu_enable: 0
Time: 645000 | PC_out: 12 | Opcode: 110 | Operand: 11100 | Accumulator: 0 | ALU_Result: 0 | Instr: dc | Data_Mem: 00 | Wr_En: 1 | Mux_Sel: 1 | PC_En: 1 | SKZ: 0 | JMP: 0 | state: zzz0 | ld_ac: 0 | alu_enable: 0
Time: 655000 | PC_out: 13 | Opcode: 110 | Operand: 11100 | Accumulator: 0 | ALU_Result: 0 | Instr: dc | Data_Mem: 00 | Wr_En: 0 | Mux_Sel: 1 | PC_En: 0 | SKZ: 0 | JMP: 0 | state: zzz1 | ld_ac: 0 | alu_enable: 0
Time: 665000 | PC_out: 13 | Opcode: 110 | Operand: 11100 | Accumulator: 0 | ALU_Result: 0 | Instr: dc | Data_Mem: 00 | Wr_En: 0 | Mux_Sel: 1 | PC_En: 0 | SKZ: 0 | JMP: 0 | state: zzz0 | ld_ac: 0 | alu_enable: 0
Time: 675000 | PC_out: 13 | Opcode: 110 | Operand: 11100 | Accumulator: 0 | ALU_Result: 0 | Instr: bc | Data_Mem: 00 | Wr_En: 0 | Mux_Sel: 1 | PC_En: 0 | SKZ: 0 | JMP: 0 | state: zzz1 | ld_ac: 0 | alu_enable: 0
Time: 685000 | PC_out: 13 | Opcode: 101 | Operand: 11100 | Accumulator: 0 | ALU_Result: 0 | Instr: bc | Data_Mem: 00 | Wr_En: 0 | Mux_Sel: 1 | PC_En: 0 | SKZ: 0 | JMP: 0 | state: zzz0 | ld_ac: 0 | alu_enable: 0
Time: 695000 | PC_out: 13 | Opcode: 101 | Operand: 11100 | Accumulator: 0 | ALU_Result: 0 | Instr: bc | Data_Mem: 00 | Wr_En: 0 | Mux_Sel: 0 | PC_En: 0 | SKZ: 0 | JMP: 0 | state: zzz1 | ld_ac: 0 | alu_enable: 0
Time: 705000 | PC_out: 13 | Opcode: 101 | Operand: 11100 | Accumulator: 0 | ALU_Result: 0 | Instr: bc | Data_Mem: 00 | Wr_En: 0 | Mux_Sel: 0 | PC_En: 0 | SKZ: 0 | JMP: 0 | state: zzz0 | ld_ac: 0 | alu_enable: 1
Time: 715000 | PC_out: 13 | Opcode: 101 | Operand: 11100 | Accumulator: 0 | ALU_Result: 0 | Instr: bc | Data_Mem: 00 | Wr_En: 0 | Mux_Sel: 0 | PC_En: 0 | SKZ: 0 | JMP: 0 | state: zzz1 | ld_ac: 0 | alu_enable: 1
Time: 725000 | PC_out: 13 | Opcode: 101 | Operand: 11100 | Accumulator: 0 | ALU_Result: 0 | Instr: bc | Data_Mem: 00 | Wr_En: 0 | Mux_Sel: 1 | PC_En: 1 | SKZ: 0 | JMP: 0 | state: zzz0 | ld_ac: 1 | alu_enable: 0
Time: 735000 | PC_out: 14 | Opcode: 101 | Operand: 11100 | Accumulator: 0 | ALU_Result: 0 | Instr: bc | Data_Mem: 00 | Wr_En: 0 | Mux_Sel: 1 | PC_En: 0 | SKZ: 0 | JMP: 0 | state: zzz1 | ld_ac: 0 | alu_enable: 0
Time: 745000 | PC_out: 14 | Opcode: 101 | Operand: 11100 | Accumulator: 0 | ALU_Result: 0 | Instr: bc | Data_Mem: 00 | Wr_En: 0 | Mux_Sel: 1 | PC_En: 0 | SKZ: 0 | JMP: 0 | state: zzz0 | ld_ac: 0 | alu_enable: 0
Time: 755000 | PC_out: 14 | Opcode: 101 | Operand: 11100 | Accumulator: 0 | ALU_Result: 0 | Instr: 20 | Data_Mem: 00 | Wr_En: 0 | Mux_Sel: 1 | PC_En: 0 | SKZ: 0 | JMP: 0 | state: zzz1 | ld_ac: 0 | alu_enable: 0
Time: 765000 | PC_out: 14 | Opcode: 001 | Operand: 00000 | Accumulator: 0 | ALU_Result: 0 | Instr: 20 | Data_Mem: 00 | Wr_En: 0 | Mux_Sel: 1 | PC_En: 0 | SKZ: 0 | JMP: 0 | state: zzz0 | ld_ac: 0 | alu_enable: 0
Time: 775000 | PC_out: 14 | Opcode: 001 | Operand: 00000 | Accumulator: 0 | ALU_Result: 0 | Instr: 20 | Data_Mem: 00 | Wr_En: 0 | Mux_Sel: 0 | PC_En: 0 | SKZ: 1 | JMP: 0 | state: zzz1 | ld_ac: 0 | alu_enable: 0
Time: 785000 | PC_out: 14 | Opcode: 001 | Operand: 00000 | Accumulator: 0 | ALU_Result: 0 | Instr: 20 | Data_Mem: 00 | Wr_En: 0 | Mux_Sel: 0 | PC_En: 0 | SKZ: 1 | JMP: 0 | state: zzz0 | ld_ac: 0 | alu_enable: 0
Time: 795000 | PC_out: 14 | Opcode: 001 | Operand: 00000 | Accumulator: 0 | ALU_Result: 0 | Instr: 20 | Data_Mem: 00 | Wr_En: 0 | Mux_Sel: 0 | PC_En: 1 | SKZ: 1 | JMP: 0 | state: zzz1 | ld_ac: 0 | alu_enable: 0
Time: 805000 | PC_out: 16 | Opcode: 001 | Operand: 00000 | Accumulator: 0 | ALU_Result: 0 | Instr: 20 | Data_Mem: 00 | Wr_En: 0 | Mux_Sel: 1 | PC_En: 1 | SKZ: 0 | JMP: 0 | state: zzz0 | ld_ac: 0 | alu_enable: 0
Time: 815000 | PC_out: 17 | Opcode: 001 | Operand: 00000 | Accumulator: 0 | ALU_Result: 0 | Instr: 20 | Data_Mem: 00 | Wr_En: 0 | Mux_Sel: 1 | PC_En: 0 | SKZ: 0 | JMP: 0 | state: zzz1 | ld_ac: 0 | alu_enable: 0
Time: 825000 | PC_out: 17 | Opcode: 001 | Operand: 00000 | Accumulator: 0 | ALU_Result: 0 | Instr: 20 | Data_Mem: 00 | Wr_En: 0 | Mux_Sel: 1 | PC_En: 0 | SKZ: 0 | JMP: 0 | state: zzz0 | ld_ac: 0 | alu_enable: 0
Time: 835000 | PC_out: 17 | Opcode: 001 | Operand: 00000 | Accumulator: 0 | ALU_Result: 0 | Instr: 20 | Data_Mem: 00 | Wr_En: 0 | Mux_Sel: 1 | PC_En: 0 | SKZ: 0 | JMP: 0 | state: zzz1 | ld_ac: 0 | alu_enable: 0
Time: 845000 | PC_out: 17 | Opcode: 001 | Operand: 00000 | Accumulator: 0 | ALU_Result: 0 | Instr: 20 | Data_Mem: 00 | Wr_En: 0 | Mux_Sel: 1 | PC_En: 0 | SKZ: 0 | JMP: 0 | state: zzz0 | ld_ac: 0 | alu_enable: 0
Time: 855000 | PC_out: 17 | Opcode: 001 | Operand: 00000 | Accumulator: 0 | ALU_Result: 0 | Instr: 20 | Data_Mem: 00 | Wr_En: 0 | Mux_Sel: 0 | PC_En: 0 | SKZ: 1 | JMP: 0 | state: zzz1 | ld_ac: 0 | alu_enable: 0
Time: 865000 | PC_out: 17 | Opcode: 001 | Operand: 00000 | Accumulator: 0 | ALU_Result: 0 | Instr: 20 | Data_Mem: 00 | Wr_En: 0 | Mux_Sel: 0 | PC_En: 0 | SKZ: 1 | JMP: 0 | state: zzz0 | ld_ac: 0 | alu_enable: 0
Time: 875000 | PC_out: 17 | Opcode: 001 | Operand: 00000 | Accumulator: 0 | ALU_Result: 0 | Instr: 20 | Data_Mem: 00 | Wr_En: 0 | Mux_Sel: 0 | PC_En: 1 | SKZ: 1 | JMP: 0 | state: zzz1 | ld_ac: 0 | alu_enable: 0
Time: 885000 | PC_out: 19 | Opcode: 001 | Operand: 00000 | Accumulator: 0 | ALU_Result: 0 | Instr: 20 | Data_Mem: 00 | Wr_En: 0 | Mux_Sel: 1 | PC_En: 1 | SKZ: 0 | JMP: 0 | state: zzz0 | ld_ac: 0 | alu_enable: 0
Time: 895000 | PC_out: 20 | Opcode: 001 | Operand: 00000 | Accumulator: 0 | ALU_Result: 0 | Instr: 20 | Data_Mem: 00 | Wr_En: 0 | Mux_Sel: 1 | PC_En: 0 | SKZ: 0 | JMP: 0 | state: zzz1 | ld_ac: 0 | alu_enable: 0
Time: 905000 | PC_out: 20 | Opcode: 001 | Operand: 00000 | Accumulator: 0 | ALU_Result: 0 | Instr: 20 | Data_Mem: 00 | Wr_En: 0 | Mux_Sel: 1 | PC_En: 0 | SKZ: 0 | JMP: 0 | state: zzz0 | ld_ac: 0 | alu_enable: 0
Time: 915000 | PC_out: 20 | Opcode: 001 | Operand: 00000 | Accumulator: 0 | ALU_Result: 0 | Instr: 9b | Data_Mem: 00 | Wr_En: 0 | Mux_Sel: 1 | PC_En: 0 | SKZ: 0 | JMP: 0 | state: zzz1 | ld_ac: 0 | alu_enable: 0
Time: 925000 | PC_out: 20 | Opcode: 100 | Operand: 11011 | Accumulator: 0 | ALU_Result: 0 | Instr: 9b | Data_Mem: 00 | Wr_En: 0 | Mux_Sel: 1 | PC_En: 0 | SKZ: 0 | JMP: 0 | state: zzz0 | ld_ac: 0 | alu_enable: 0
Time: 935000 | PC_out: 20 | Opcode: 100 | Operand: 11011 | Accumulator: 0 | ALU_Result: 0 | Instr: 9b | Data_Mem: 00 | Wr_En: 0 | Mux_Sel: 0 | PC_En: 0 | SKZ: 0 | JMP: 0 | state: zzz1 | ld_ac: 0 | alu_enable: 1
Time: 945000 | PC_out: 20 | Opcode: 100 | Operand: 11011 | Accumulator: 0 | ALU_Result: 0 | Instr: 9b | Data_Mem: 00 | Wr_En: 0 | Mux_Sel: 0 | PC_En: 0 | SKZ: 0 | JMP: 0 | state: zzz0 | ld_ac: 0 | alu_enable: 1
Time: 955000 | PC_out: 20 | Opcode: 100 | Operand: 11011 | Accumulator: 0 | ALU_Result: 0 | Instr: 9b | Data_Mem: ff | Wr_En: 0 | Mux_Sel: 0 | PC_En: 0 | SKZ: 0 | JMP: 0 | state: zzz1 | ld_ac: 0 | alu_enable: 1
Time: 965000 | PC_out: 20 | Opcode: 100 | Operand: 11011 | Accumulator: 0 | ALU_Result: 255 | Instr: 9b | Data_Mem: ff | Wr_En: 0 | Mux_Sel: 1 | PC_En: 1 | SKZ: 0 | JMP: 0 | state: zzz0 | ld_ac: 1 | alu_enable: 0
Time: 975000 | PC_out: 21 | Opcode: 100 | Operand: 11011 | Accumulator: 255 | ALU_Result: 255 | Instr: 9b | Data_Mem: ff | Wr_En: 0 | Mux_Sel: 1 | PC_En: 0 | SKZ: 0 | JMP: 0 | state: zzz1 | ld_ac: 0 | alu_enable: 0
Time: 985000 | PC_out: 21 | Opcode: 100 | Operand: 11011 | Accumulator: 255 | ALU_Result: 255 | Instr: 9b | Data_Mem: ff | Wr_En: 0 | Mux_Sel: 1 | PC_En: 0 | SKZ: 0 | JMP: 0 | state: zzz0 | ld_ac: 0 | alu_enable: 0
Time: 995000 | PC_out: 21 | Opcode: 100 | Operand: 11011 | Accumulator: 255 | ALU_Result: 255 | Instr: 20 | Data_Mem: ff | Wr_En: 0 | Mux_Sel: 1 | PC_En: 0 | SKZ: 0 | JMP: 0 | state: zzz1 | ld_ac: 0 | alu_enable: 0
INFO: [USF-XSim-96] XSim completed. Design snapshot 'RISC_CPU_tb_behav' loaded.
INFO: [USF-XSim-97] XSim simulation ran for 1000ns
launch_simulation: Time (s): cpu = 00:00:02 ; elapsed = 00:00:05 . Memory (MB): peak = 2721.336 ; gain = 0.000
close_sim
INFO: [Simtcl 6-16] Simulation closed
launch_simulation
Command: launch_simulation 
INFO: [Vivado 12-12493] Simulation top is 'RISC_CPU_tb'
WARNING: [Vivado 12-13340] Unable to auto find GCC executables from simulator install path! (path not set)
INFO: [Vivado 12-5682] Launching behavioral simulation in 'D:/Minh_Hung/L05_Group_2_BTL_TKVM/L05_Group_2_BTL_TKVM.sim/sim_1/behav/xsim'
INFO: [SIM-utils-51] Simulation object is 'sim_1'
INFO: [SIM-utils-72] Using boost library from 'D:/Vivado/2024.1/tps/boost_1_72_0'
INFO: [SIM-utils-54] Inspecting design source files for 'RISC_CPU_tb' in fileset 'sim_1'...
INFO: [SIM-utils-43] Exported 'D:/Minh_Hung/L05_Group_2_BTL_TKVM/L05_Group_2_BTL_TKVM.sim/sim_1/behav/xsim/data_init.mem'
INFO: [SIM-utils-43] Exported 'D:/Minh_Hung/L05_Group_2_BTL_TKVM/L05_Group_2_BTL_TKVM.sim/sim_1/behav/xsim/instruction_file.mem'
INFO: [USF-XSim-97] Finding global include files...
INFO: [USF-XSim-98] Fetching design files from 'sim_1'...
INFO: [USF-XSim-2] XSim::Compile design
INFO: [USF-XSim-61] Executing 'COMPILE and ANALYZE' step in 'D:/Minh_Hung/L05_Group_2_BTL_TKVM/L05_Group_2_BTL_TKVM.sim/sim_1/behav/xsim'
"xvlog --incr --relax -prj RISC_CPU_tb_vlog.prj"
INFO: [VRFC 10-2263] Analyzing Verilog file "D:/Minh_Hung/L05_Group_2_BTL_TKVM/L05_Group_2_BTL_TKVM.srcs/sources_1/new/ALU.v" into library xil_defaultlib
INFO: [VRFC 10-311] analyzing module ALU
INFO: [VRFC 10-2263] Analyzing Verilog file "D:/Minh_Hung/L05_Group_2_BTL_TKVM/L05_Group_2_BTL_TKVM.srcs/sources_1/new/Accumulator.v" into library xil_defaultlib
INFO: [VRFC 10-311] analyzing module Accumulator
INFO: [VRFC 10-2263] Analyzing Verilog file "D:/Minh_Hung/L05_Group_2_BTL_TKVM/L05_Group_2_BTL_TKVM.srcs/sources_1/new/Controller.v" into library xil_defaultlib
INFO: [VRFC 10-311] analyzing module Controller
WARNING: [VRFC 10-9336] redeclaration of ANSI port 'state' is not allowed [D:/Minh_Hung/L05_Group_2_BTL_TKVM/L05_Group_2_BTL_TKVM.srcs/sources_1/new/Controller.v:20]
INFO: [VRFC 10-2263] Analyzing Verilog file "D:/Minh_Hung/L05_Group_2_BTL_TKVM/L05_Group_2_BTL_TKVM.srcs/sources_1/new/DataMemory.v" into library xil_defaultlib
INFO: [VRFC 10-311] analyzing module dataMemory
INFO: [VRFC 10-2263] Analyzing Verilog file "D:/Minh_Hung/L05_Group_2_BTL_TKVM/L05_Group_2_BTL_TKVM.srcs/sources_1/new/Instruction_Memory.v" into library xil_defaultlib
INFO: [VRFC 10-311] analyzing module instructionMemory
INFO: [VRFC 10-2263] Analyzing Verilog file "D:/Minh_Hung/L05_Group_2_BTL_TKVM/L05_Group_2_BTL_TKVM.srcs/sources_1/new/Instruction_register.v" into library xil_defaultlib
INFO: [VRFC 10-311] analyzing module Instruction_Register
INFO: [VRFC 10-2263] Analyzing Verilog file "D:/Minh_Hung/L05_Group_2_BTL_TKVM/L05_Group_2_BTL_TKVM.srcs/sources_1/new/Program_counter.v" into library xil_defaultlib
INFO: [VRFC 10-311] analyzing module Program_counter
INFO: [VRFC 10-2263] Analyzing Verilog file "D:/Minh_Hung/L05_Group_2_BTL_TKVM/L05_Group_2_BTL_TKVM.srcs/sources_1/new/RISC_CPU.v" into library xil_defaultlib
INFO: [VRFC 10-311] analyzing module RISC_CPU
INFO: [VRFC 10-2263] Analyzing Verilog file "D:/Minh_Hung/L05_Group_2_BTL_TKVM/L05_Group_2_BTL_TKVM.srcs/sources_1/new/addr_mux.v" into library xil_defaultlib
INFO: [VRFC 10-311] analyzing module addr_mux
INFO: [VRFC 10-2263] Analyzing Verilog file "D:/Minh_Hung/L05_Group_2_BTL_TKVM/L05_Group_2_BTL_TKVM.srcs/sim_1/new/RISC_CPU_tb.v" into library xil_defaultlib
INFO: [VRFC 10-311] analyzing module RISC_CPU_tb
INFO: [USF-XSim-69] 'compile' step finished in '2' seconds
INFO: [USF-XSim-3] XSim::Elaborate design
INFO: [USF-XSim-61] Executing 'ELABORATE' step in 'D:/Minh_Hung/L05_Group_2_BTL_TKVM/L05_Group_2_BTL_TKVM.sim/sim_1/behav/xsim'
"xelab --incr --debug typical --relax --mt 2 -L xil_defaultlib -L unisims_ver -L unimacro_ver -L secureip --snapshot RISC_CPU_tb_behav xil_defaultlib.RISC_CPU_tb xil_defaultlib.glbl -log elaborate.log"
Vivado Simulator v2024.1
Copyright 1986-2022 Xilinx, Inc. All Rights Reserved.
Copyright 2022-2024 Advanced Micro Devices, Inc. All Rights Reserved.
Running: D:/Vivado/2024.1/bin/unwrapped/win64.o/xelab.exe --incr --debug typical --relax --mt 2 -L xil_defaultlib -L unisims_ver -L unimacro_ver -L secureip --snapshot RISC_CPU_tb_behav xil_defaultlib.RISC_CPU_tb xil_defaultlib.glbl -log elaborate.log 
Using 2 slave threads.
Starting static elaboration
Pass Through NonSizing Optimizer
WARNING: [VRFC 10-3091] actual bit length 4 differs from formal bit length 1 for port 'state' [D:/Minh_Hung/L05_Group_2_BTL_TKVM/L05_Group_2_BTL_TKVM.srcs/sim_1/new/RISC_CPU_tb.v:53]
WARNING: [VRFC 10-3091] actual bit length 1 differs from formal bit length 4 for port 'state' [D:/Minh_Hung/L05_Group_2_BTL_TKVM/L05_Group_2_BTL_TKVM.srcs/sources_1/new/RISC_CPU.v:52]
Completed static elaboration
Starting simulation data flow analysis
WARNING: [XSIM 43-4099] "D:/Minh_Hung/L05_Group_2_BTL_TKVM/L05_Group_2_BTL_TKVM.srcs/sources_1/new/ALU.v" Line 1. Module ALU doesn't have a timescale but at least one module in design has a timescale.
WARNING: [XSIM 43-4099] "D:/Minh_Hung/L05_Group_2_BTL_TKVM/L05_Group_2_BTL_TKVM.srcs/sources_1/new/ALU.v" Line 1. Module ALU doesn't have a timescale but at least one module in design has a timescale.
Completed simulation data flow analysis
Time Resolution for simulation is 1ps
Compiling module xil_defaultlib.Controller
Compiling module xil_defaultlib.Program_counter
Compiling module xil_defaultlib.addr_mux
Compiling module xil_defaultlib.instructionMemory
Compiling module xil_defaultlib.Instruction_Register
Compiling module xil_defaultlib.dataMemory
Compiling module xil_defaultlib.ALU
Compiling module xil_defaultlib.Accumulator
Compiling module xil_defaultlib.RISC_CPU
Compiling module xil_defaultlib.RISC_CPU_tb
Compiling module xil_defaultlib.glbl
Built simulation snapshot RISC_CPU_tb_behav
INFO: [USF-XSim-69] 'elaborate' step finished in '1' seconds
INFO: [USF-XSim-4] XSim::Simulate design
INFO: [USF-XSim-61] Executing 'SIMULATE' step in 'D:/Minh_Hung/L05_Group_2_BTL_TKVM/L05_Group_2_BTL_TKVM.sim/sim_1/behav/xsim'
INFO: [USF-XSim-98] *** Running xsim
   with args "RISC_CPU_tb_behav -key {Behavioral:sim_1:Functional:RISC_CPU_tb} -tclbatch {RISC_CPU_tb.tcl} -log {simulate.log}"
INFO: [USF-XSim-8] Loading simulator feature
Time resolution is 1 ps
source RISC_CPU_tb.tcl
# set curr_wave [current_wave_config]
# if { [string length $curr_wave] == 0 } {
#   if { [llength [get_objects]] > 0} {
#     add_wave /
#     set_property needs_save false [current_wave_config]
#   } else {
#      send_msg_id Add_Wave-1 WARNING "No top level signals found. Simulator will start without a wave window. If you want to open a wave window go to 'File->New Waveform Configuration' or type 'create_wave_config' in the TCL console."
#   }
# }
# run 1000ns
Time: 0 | PC_out: 0 | Opcode: zzz | Operand: zzzzz | Accumulator: 0 | ALU_Result: x | Instr: xx | Data_Mem: xx | Wr_En: 0 | Mux_Sel: 0 | PC_En: 0 | SKZ: 0 | JMP: 0 | state: zzz0 | ld_ac: 0 | alu_enable: 0
Time: 15000 | PC_out: 0 | Opcode: zzz | Operand: zzzzz | Accumulator: 0 | ALU_Result: x | Instr: xx | Data_Mem: xx | Wr_En: 0 | Mux_Sel: 1 | PC_En: 0 | SKZ: 0 | JMP: 0 | state: zzz1 | ld_ac: 0 | alu_enable: 0
Time: 25000 | PC_out: 0 | Opcode: zzz | Operand: zzzzz | Accumulator: 0 | ALU_Result: x | Instr: xx | Data_Mem: xx | Wr_En: 0 | Mux_Sel: 1 | PC_En: 0 | SKZ: 0 | JMP: 0 | state: zzz0 | ld_ac: 0 | alu_enable: 0
Time: 35000 | PC_out: 0 | Opcode: zzz | Operand: zzzzz | Accumulator: 0 | ALU_Result: x | Instr: fe | Data_Mem: xx | Wr_En: 0 | Mux_Sel: 1 | PC_En: 0 | SKZ: 0 | JMP: 0 | state: zzz1 | ld_ac: 0 | alu_enable: 0
Time: 45000 | PC_out: 0 | Opcode: 111 | Operand: 11110 | Accumulator: 0 | ALU_Result: x | Instr: fe | Data_Mem: xx | Wr_En: 0 | Mux_Sel: 1 | PC_En: 0 | SKZ: 0 | JMP: 0 | state: zzz0 | ld_ac: 0 | alu_enable: 0
Time: 55000 | PC_out: 0 | Opcode: 111 | Operand: 11110 | Accumulator: 0 | ALU_Result: x | Instr: fe | Data_Mem: xx | Wr_En: 0 | Mux_Sel: 0 | PC_En: 0 | SKZ: 0 | JMP: 0 | state: zzz1 | ld_ac: 0 | alu_enable: 0
Time: 65000 | PC_out: 0 | Opcode: 111 | Operand: 11110 | Accumulator: 0 | ALU_Result: x | Instr: fe | Data_Mem: xx | Wr_En: 0 | Mux_Sel: 0 | PC_En: 0 | SKZ: 0 | JMP: 0 | state: zzz0 | ld_ac: 0 | alu_enable: 0
Time: 75000 | PC_out: 0 | Opcode: 111 | Operand: 11110 | Accumulator: 0 | ALU_Result: x | Instr: fe | Data_Mem: xx | Wr_En: 0 | Mux_Sel: 0 | PC_En: 1 | SKZ: 0 | JMP: 1 | state: zzz1 | ld_ac: 0 | alu_enable: 0
Time: 85000 | PC_out: 30 | Opcode: 111 | Operand: 11110 | Accumulator: 0 | ALU_Result: x | Instr: fe | Data_Mem: xx | Wr_En: 0 | Mux_Sel: 1 | PC_En: 1 | SKZ: 0 | JMP: 1 | state: zzz0 | ld_ac: 0 | alu_enable: 0
Time: 95000 | PC_out: 30 | Opcode: 111 | Operand: 11110 | Accumulator: 0 | ALU_Result: x | Instr: fe | Data_Mem: xx | Wr_En: 0 | Mux_Sel: 1 | PC_En: 0 | SKZ: 0 | JMP: 0 | state: zzz1 | ld_ac: 0 | alu_enable: 0
Time: 105000 | PC_out: 30 | Opcode: 111 | Operand: 11110 | Accumulator: 0 | ALU_Result: x | Instr: fe | Data_Mem: xx | Wr_En: 0 | Mux_Sel: 1 | PC_En: 0 | SKZ: 0 | JMP: 0 | state: zzz0 | ld_ac: 0 | alu_enable: 0
Time: 115000 | PC_out: 30 | Opcode: 111 | Operand: 11110 | Accumulator: 0 | ALU_Result: x | Instr: e3 | Data_Mem: xx | Wr_En: 0 | Mux_Sel: 1 | PC_En: 0 | SKZ: 0 | JMP: 0 | state: zzz1 | ld_ac: 0 | alu_enable: 0
Time: 125000 | PC_out: 30 | Opcode: 111 | Operand: 00011 | Accumulator: 0 | ALU_Result: x | Instr: e3 | Data_Mem: xx | Wr_En: 0 | Mux_Sel: 1 | PC_En: 0 | SKZ: 0 | JMP: 0 | state: zzz0 | ld_ac: 0 | alu_enable: 0
Time: 135000 | PC_out: 30 | Opcode: 111 | Operand: 00011 | Accumulator: 0 | ALU_Result: x | Instr: e3 | Data_Mem: xx | Wr_En: 0 | Mux_Sel: 0 | PC_En: 0 | SKZ: 0 | JMP: 0 | state: zzz1 | ld_ac: 0 | alu_enable: 0
Time: 145000 | PC_out: 30 | Opcode: 111 | Operand: 00011 | Accumulator: 0 | ALU_Result: x | Instr: e3 | Data_Mem: xx | Wr_En: 0 | Mux_Sel: 0 | PC_En: 0 | SKZ: 0 | JMP: 0 | state: zzz0 | ld_ac: 0 | alu_enable: 0
Time: 155000 | PC_out: 30 | Opcode: 111 | Operand: 00011 | Accumulator: 0 | ALU_Result: x | Instr: e3 | Data_Mem: 00 | Wr_En: 0 | Mux_Sel: 0 | PC_En: 1 | SKZ: 0 | JMP: 1 | state: zzz1 | ld_ac: 0 | alu_enable: 0
Time: 165000 | PC_out: 3 | Opcode: 111 | Operand: 00011 | Accumulator: 0 | ALU_Result: x | Instr: e3 | Data_Mem: 00 | Wr_En: 0 | Mux_Sel: 1 | PC_En: 1 | SKZ: 0 | JMP: 1 | state: zzz0 | ld_ac: 0 | alu_enable: 0
Time: 175000 | PC_out: 3 | Opcode: 111 | Operand: 00011 | Accumulator: 0 | ALU_Result: x | Instr: e3 | Data_Mem: 00 | Wr_En: 0 | Mux_Sel: 1 | PC_En: 0 | SKZ: 0 | JMP: 0 | state: zzz1 | ld_ac: 0 | alu_enable: 0
Time: 185000 | PC_out: 3 | Opcode: 111 | Operand: 00011 | Accumulator: 0 | ALU_Result: x | Instr: e3 | Data_Mem: 00 | Wr_En: 0 | Mux_Sel: 1 | PC_En: 0 | SKZ: 0 | JMP: 0 | state: zzz0 | ld_ac: 0 | alu_enable: 0
Time: 195000 | PC_out: 3 | Opcode: 111 | Operand: 00011 | Accumulator: 0 | ALU_Result: x | Instr: ba | Data_Mem: 00 | Wr_En: 0 | Mux_Sel: 1 | PC_En: 0 | SKZ: 0 | JMP: 0 | state: zzz1 | ld_ac: 0 | alu_enable: 0
Time: 205000 | PC_out: 3 | Opcode: 101 | Operand: 11010 | Accumulator: 0 | ALU_Result: x | Instr: ba | Data_Mem: 00 | Wr_En: 0 | Mux_Sel: 1 | PC_En: 0 | SKZ: 0 | JMP: 0 | state: zzz0 | ld_ac: 0 | alu_enable: 0
Time: 215000 | PC_out: 3 | Opcode: 101 | Operand: 11010 | Accumulator: 0 | ALU_Result: x | Instr: ba | Data_Mem: 00 | Wr_En: 0 | Mux_Sel: 0 | PC_En: 0 | SKZ: 0 | JMP: 0 | state: zzz1 | ld_ac: 0 | alu_enable: 0
Time: 225000 | PC_out: 3 | Opcode: 101 | Operand: 11010 | Accumulator: 0 | ALU_Result: x | Instr: ba | Data_Mem: 00 | Wr_En: 0 | Mux_Sel: 0 | PC_En: 0 | SKZ: 0 | JMP: 0 | state: zzz0 | ld_ac: 0 | alu_enable: 1
Time: 235000 | PC_out: 3 | Opcode: 101 | Operand: 11010 | Accumulator: 0 | ALU_Result: 0 | Instr: ba | Data_Mem: 00 | Wr_En: 0 | Mux_Sel: 0 | PC_En: 0 | SKZ: 0 | JMP: 0 | state: zzz1 | ld_ac: 0 | alu_enable: 1
Time: 245000 | PC_out: 3 | Opcode: 101 | Operand: 11010 | Accumulator: 0 | ALU_Result: 0 | Instr: ba | Data_Mem: 00 | Wr_En: 0 | Mux_Sel: 1 | PC_En: 1 | SKZ: 0 | JMP: 0 | state: zzz0 | ld_ac: 1 | alu_enable: 0
Time: 255000 | PC_out: 4 | Opcode: 101 | Operand: 11010 | Accumulator: 0 | ALU_Result: 0 | Instr: ba | Data_Mem: 00 | Wr_En: 0 | Mux_Sel: 1 | PC_En: 0 | SKZ: 0 | JMP: 0 | state: zzz1 | ld_ac: 0 | alu_enable: 0
Time: 265000 | PC_out: 4 | Opcode: 101 | Operand: 11010 | Accumulator: 0 | ALU_Result: 0 | Instr: ba | Data_Mem: 00 | Wr_En: 0 | Mux_Sel: 1 | PC_En: 0 | SKZ: 0 | JMP: 0 | state: zzz0 | ld_ac: 0 | alu_enable: 0
Time: 275000 | PC_out: 4 | Opcode: 101 | Operand: 11010 | Accumulator: 0 | ALU_Result: 0 | Instr: 20 | Data_Mem: 00 | Wr_En: 0 | Mux_Sel: 1 | PC_En: 0 | SKZ: 0 | JMP: 0 | state: zzz1 | ld_ac: 0 | alu_enable: 0
Time: 285000 | PC_out: 4 | Opcode: 001 | Operand: 00000 | Accumulator: 0 | ALU_Result: 0 | Instr: 20 | Data_Mem: 00 | Wr_En: 0 | Mux_Sel: 1 | PC_En: 0 | SKZ: 0 | JMP: 0 | state: zzz0 | ld_ac: 0 | alu_enable: 0
Time: 295000 | PC_out: 4 | Opcode: 001 | Operand: 00000 | Accumulator: 0 | ALU_Result: 0 | Instr: 20 | Data_Mem: 00 | Wr_En: 0 | Mux_Sel: 0 | PC_En: 0 | SKZ: 1 | JMP: 0 | state: zzz1 | ld_ac: 0 | alu_enable: 0
Time: 305000 | PC_out: 4 | Opcode: 001 | Operand: 00000 | Accumulator: 0 | ALU_Result: 0 | Instr: 20 | Data_Mem: 00 | Wr_En: 0 | Mux_Sel: 0 | PC_En: 0 | SKZ: 1 | JMP: 0 | state: zzz0 | ld_ac: 0 | alu_enable: 0
Time: 315000 | PC_out: 4 | Opcode: 001 | Operand: 00000 | Accumulator: 0 | ALU_Result: 0 | Instr: 20 | Data_Mem: 00 | Wr_En: 0 | Mux_Sel: 0 | PC_En: 1 | SKZ: 1 | JMP: 0 | state: zzz1 | ld_ac: 0 | alu_enable: 0
Time: 325000 | PC_out: 6 | Opcode: 001 | Operand: 00000 | Accumulator: 0 | ALU_Result: 0 | Instr: 20 | Data_Mem: 00 | Wr_En: 0 | Mux_Sel: 1 | PC_En: 1 | SKZ: 0 | JMP: 0 | state: zzz0 | ld_ac: 0 | alu_enable: 0
Time: 335000 | PC_out: 7 | Opcode: 001 | Operand: 00000 | Accumulator: 0 | ALU_Result: 0 | Instr: 20 | Data_Mem: 00 | Wr_En: 0 | Mux_Sel: 1 | PC_En: 0 | SKZ: 0 | JMP: 0 | state: zzz1 | ld_ac: 0 | alu_enable: 0
Time: 345000 | PC_out: 7 | Opcode: 001 | Operand: 00000 | Accumulator: 0 | ALU_Result: 0 | Instr: 20 | Data_Mem: 00 | Wr_En: 0 | Mux_Sel: 1 | PC_En: 0 | SKZ: 0 | JMP: 0 | state: zzz0 | ld_ac: 0 | alu_enable: 0
Time: 355000 | PC_out: 7 | Opcode: 001 | Operand: 00000 | Accumulator: 0 | ALU_Result: 0 | Instr: 20 | Data_Mem: 00 | Wr_En: 0 | Mux_Sel: 1 | PC_En: 0 | SKZ: 0 | JMP: 0 | state: zzz1 | ld_ac: 0 | alu_enable: 0
Time: 365000 | PC_out: 7 | Opcode: 001 | Operand: 00000 | Accumulator: 0 | ALU_Result: 0 | Instr: 20 | Data_Mem: 00 | Wr_En: 0 | Mux_Sel: 1 | PC_En: 0 | SKZ: 0 | JMP: 0 | state: zzz0 | ld_ac: 0 | alu_enable: 0
Time: 375000 | PC_out: 7 | Opcode: 001 | Operand: 00000 | Accumulator: 0 | ALU_Result: 0 | Instr: 20 | Data_Mem: 00 | Wr_En: 0 | Mux_Sel: 0 | PC_En: 0 | SKZ: 1 | JMP: 0 | state: zzz1 | ld_ac: 0 | alu_enable: 0
Time: 385000 | PC_out: 7 | Opcode: 001 | Operand: 00000 | Accumulator: 0 | ALU_Result: 0 | Instr: 20 | Data_Mem: 00 | Wr_En: 0 | Mux_Sel: 0 | PC_En: 0 | SKZ: 1 | JMP: 0 | state: zzz0 | ld_ac: 0 | alu_enable: 0
Time: 395000 | PC_out: 7 | Opcode: 001 | Operand: 00000 | Accumulator: 0 | ALU_Result: 0 | Instr: 20 | Data_Mem: 00 | Wr_En: 0 | Mux_Sel: 0 | PC_En: 1 | SKZ: 1 | JMP: 0 | state: zzz1 | ld_ac: 0 | alu_enable: 0
Time: 405000 | PC_out: 9 | Opcode: 001 | Operand: 00000 | Accumulator: 0 | ALU_Result: 0 | Instr: 20 | Data_Mem: 00 | Wr_En: 0 | Mux_Sel: 1 | PC_En: 1 | SKZ: 0 | JMP: 0 | state: zzz0 | ld_ac: 0 | alu_enable: 0
Time: 415000 | PC_out: 10 | Opcode: 001 | Operand: 00000 | Accumulator: 0 | ALU_Result: 0 | Instr: 20 | Data_Mem: 00 | Wr_En: 0 | Mux_Sel: 1 | PC_En: 0 | SKZ: 0 | JMP: 0 | state: zzz1 | ld_ac: 0 | alu_enable: 0
Time: 425000 | PC_out: 10 | Opcode: 001 | Operand: 00000 | Accumulator: 0 | ALU_Result: 0 | Instr: 20 | Data_Mem: 00 | Wr_En: 0 | Mux_Sel: 1 | PC_En: 0 | SKZ: 0 | JMP: 0 | state: zzz0 | ld_ac: 0 | alu_enable: 0
Time: 435000 | PC_out: 10 | Opcode: 001 | Operand: 00000 | Accumulator: 0 | ALU_Result: 0 | Instr: dc | Data_Mem: 00 | Wr_En: 0 | Mux_Sel: 1 | PC_En: 0 | SKZ: 0 | JMP: 0 | state: zzz1 | ld_ac: 0 | alu_enable: 0
Time: 445000 | PC_out: 10 | Opcode: 110 | Operand: 11100 | Accumulator: 0 | ALU_Result: 0 | Instr: dc | Data_Mem: 00 | Wr_En: 0 | Mux_Sel: 1 | PC_En: 0 | SKZ: 0 | JMP: 0 | state: zzz0 | ld_ac: 0 | alu_enable: 0
Time: 455000 | PC_out: 10 | Opcode: 110 | Operand: 11100 | Accumulator: 0 | ALU_Result: 0 | Instr: dc | Data_Mem: 00 | Wr_En: 0 | Mux_Sel: 0 | PC_En: 0 | SKZ: 0 | JMP: 0 | state: zzz1 | ld_ac: 0 | alu_enable: 0
Time: 465000 | PC_out: 10 | Opcode: 110 | Operand: 11100 | Accumulator: 0 | ALU_Result: 0 | Instr: dc | Data_Mem: 00 | Wr_En: 0 | Mux_Sel: 0 | PC_En: 0 | SKZ: 0 | JMP: 0 | state: zzz0 | ld_ac: 0 | alu_enable: 0
Time: 475000 | PC_out: 10 | Opcode: 110 | Operand: 11100 | Accumulator: 0 | ALU_Result: 0 | Instr: dc | Data_Mem: aa | Wr_En: 0 | Mux_Sel: 0 | PC_En: 0 | SKZ: 0 | JMP: 0 | state: zzz1 | ld_ac: 0 | alu_enable: 0
Time: 485000 | PC_out: 10 | Opcode: 110 | Operand: 11100 | Accumulator: 0 | ALU_Result: 0 | Instr: dc | Data_Mem: 00 | Wr_En: 1 | Mux_Sel: 1 | PC_En: 1 | SKZ: 0 | JMP: 0 | state: zzz0 | ld_ac: 0 | alu_enable: 0
Time: 495000 | PC_out: 11 | Opcode: 110 | Operand: 11100 | Accumulator: 0 | ALU_Result: 0 | Instr: dc | Data_Mem: aa | Wr_En: 0 | Mux_Sel: 1 | PC_En: 0 | SKZ: 0 | JMP: 0 | state: zzz1 | ld_ac: 0 | alu_enable: 0
Time: 505000 | PC_out: 11 | Opcode: 110 | Operand: 11100 | Accumulator: 0 | ALU_Result: 0 | Instr: dc | Data_Mem: 00 | Wr_En: 0 | Mux_Sel: 1 | PC_En: 0 | SKZ: 0 | JMP: 0 | state: zzz0 | ld_ac: 0 | alu_enable: 0
Time: 515000 | PC_out: 11 | Opcode: 110 | Operand: 11100 | Accumulator: 0 | ALU_Result: 0 | Instr: ba | Data_Mem: 00 | Wr_En: 0 | Mux_Sel: 1 | PC_En: 0 | SKZ: 0 | JMP: 0 | state: zzz1 | ld_ac: 0 | alu_enable: 0
Time: 525000 | PC_out: 11 | Opcode: 101 | Operand: 11010 | Accumulator: 0 | ALU_Result: 0 | Instr: ba | Data_Mem: 00 | Wr_En: 0 | Mux_Sel: 1 | PC_En: 0 | SKZ: 0 | JMP: 0 | state: zzz0 | ld_ac: 0 | alu_enable: 0
Time: 535000 | PC_out: 11 | Opcode: 101 | Operand: 11010 | Accumulator: 0 | ALU_Result: 0 | Instr: ba | Data_Mem: 00 | Wr_En: 0 | Mux_Sel: 0 | PC_En: 0 | SKZ: 0 | JMP: 0 | state: zzz1 | ld_ac: 0 | alu_enable: 0
Time: 545000 | PC_out: 11 | Opcode: 101 | Operand: 11010 | Accumulator: 0 | ALU_Result: 0 | Instr: ba | Data_Mem: 00 | Wr_En: 0 | Mux_Sel: 0 | PC_En: 0 | SKZ: 0 | JMP: 0 | state: zzz0 | ld_ac: 0 | alu_enable: 1
Time: 555000 | PC_out: 11 | Opcode: 101 | Operand: 11010 | Accumulator: 0 | ALU_Result: 0 | Instr: ba | Data_Mem: 00 | Wr_En: 0 | Mux_Sel: 0 | PC_En: 0 | SKZ: 0 | JMP: 0 | state: zzz1 | ld_ac: 0 | alu_enable: 1
Time: 565000 | PC_out: 11 | Opcode: 101 | Operand: 11010 | Accumulator: 0 | ALU_Result: 0 | Instr: ba | Data_Mem: 00 | Wr_En: 0 | Mux_Sel: 1 | PC_En: 1 | SKZ: 0 | JMP: 0 | state: zzz0 | ld_ac: 1 | alu_enable: 0
Time: 575000 | PC_out: 12 | Opcode: 101 | Operand: 11010 | Accumulator: 0 | ALU_Result: 0 | Instr: ba | Data_Mem: 00 | Wr_En: 0 | Mux_Sel: 1 | PC_En: 0 | SKZ: 0 | JMP: 0 | state: zzz1 | ld_ac: 0 | alu_enable: 0
Time: 585000 | PC_out: 12 | Opcode: 101 | Operand: 11010 | Accumulator: 0 | ALU_Result: 0 | Instr: ba | Data_Mem: 00 | Wr_En: 0 | Mux_Sel: 1 | PC_En: 0 | SKZ: 0 | JMP: 0 | state: zzz0 | ld_ac: 0 | alu_enable: 0
Time: 595000 | PC_out: 12 | Opcode: 101 | Operand: 11010 | Accumulator: 0 | ALU_Result: 0 | Instr: dc | Data_Mem: 00 | Wr_En: 0 | Mux_Sel: 1 | PC_En: 0 | SKZ: 0 | JMP: 0 | state: zzz1 | ld_ac: 0 | alu_enable: 0
Time: 605000 | PC_out: 12 | Opcode: 110 | Operand: 11100 | Accumulator: 0 | ALU_Result: 0 | Instr: dc | Data_Mem: 00 | Wr_En: 0 | Mux_Sel: 1 | PC_En: 0 | SKZ: 0 | JMP: 0 | state: zzz0 | ld_ac: 0 | alu_enable: 0
Time: 615000 | PC_out: 12 | Opcode: 110 | Operand: 11100 | Accumulator: 0 | ALU_Result: 0 | Instr: dc | Data_Mem: 00 | Wr_En: 0 | Mux_Sel: 0 | PC_En: 0 | SKZ: 0 | JMP: 0 | state: zzz1 | ld_ac: 0 | alu_enable: 0
Time: 625000 | PC_out: 12 | Opcode: 110 | Operand: 11100 | Accumulator: 0 | ALU_Result: 0 | Instr: dc | Data_Mem: 00 | Wr_En: 0 | Mux_Sel: 0 | PC_En: 0 | SKZ: 0 | JMP: 0 | state: zzz0 | ld_ac: 0 | alu_enable: 0
Time: 635000 | PC_out: 12 | Opcode: 110 | Operand: 11100 | Accumulator: 0 | ALU_Result: 0 | Instr: dc | Data_Mem: 00 | Wr_En: 0 | Mux_Sel: 0 | PC_En: 0 | SKZ: 0 | JMP: 0 | state: zzz1 | ld_ac: 0 | alu_enable: 0
Time: 645000 | PC_out: 12 | Opcode: 110 | Operand: 11100 | Accumulator: 0 | ALU_Result: 0 | Instr: dc | Data_Mem: 00 | Wr_En: 1 | Mux_Sel: 1 | PC_En: 1 | SKZ: 0 | JMP: 0 | state: zzz0 | ld_ac: 0 | alu_enable: 0
Time: 655000 | PC_out: 13 | Opcode: 110 | Operand: 11100 | Accumulator: 0 | ALU_Result: 0 | Instr: dc | Data_Mem: 00 | Wr_En: 0 | Mux_Sel: 1 | PC_En: 0 | SKZ: 0 | JMP: 0 | state: zzz1 | ld_ac: 0 | alu_enable: 0
Time: 665000 | PC_out: 13 | Opcode: 110 | Operand: 11100 | Accumulator: 0 | ALU_Result: 0 | Instr: dc | Data_Mem: 00 | Wr_En: 0 | Mux_Sel: 1 | PC_En: 0 | SKZ: 0 | JMP: 0 | state: zzz0 | ld_ac: 0 | alu_enable: 0
Time: 675000 | PC_out: 13 | Opcode: 110 | Operand: 11100 | Accumulator: 0 | ALU_Result: 0 | Instr: bc | Data_Mem: 00 | Wr_En: 0 | Mux_Sel: 1 | PC_En: 0 | SKZ: 0 | JMP: 0 | state: zzz1 | ld_ac: 0 | alu_enable: 0
Time: 685000 | PC_out: 13 | Opcode: 101 | Operand: 11100 | Accumulator: 0 | ALU_Result: 0 | Instr: bc | Data_Mem: 00 | Wr_En: 0 | Mux_Sel: 1 | PC_En: 0 | SKZ: 0 | JMP: 0 | state: zzz0 | ld_ac: 0 | alu_enable: 0
Time: 695000 | PC_out: 13 | Opcode: 101 | Operand: 11100 | Accumulator: 0 | ALU_Result: 0 | Instr: bc | Data_Mem: 00 | Wr_En: 0 | Mux_Sel: 0 | PC_En: 0 | SKZ: 0 | JMP: 0 | state: zzz1 | ld_ac: 0 | alu_enable: 0
Time: 705000 | PC_out: 13 | Opcode: 101 | Operand: 11100 | Accumulator: 0 | ALU_Result: 0 | Instr: bc | Data_Mem: 00 | Wr_En: 0 | Mux_Sel: 0 | PC_En: 0 | SKZ: 0 | JMP: 0 | state: zzz0 | ld_ac: 0 | alu_enable: 1
Time: 715000 | PC_out: 13 | Opcode: 101 | Operand: 11100 | Accumulator: 0 | ALU_Result: 0 | Instr: bc | Data_Mem: 00 | Wr_En: 0 | Mux_Sel: 0 | PC_En: 0 | SKZ: 0 | JMP: 0 | state: zzz1 | ld_ac: 0 | alu_enable: 1
Time: 725000 | PC_out: 13 | Opcode: 101 | Operand: 11100 | Accumulator: 0 | ALU_Result: 0 | Instr: bc | Data_Mem: 00 | Wr_En: 0 | Mux_Sel: 1 | PC_En: 1 | SKZ: 0 | JMP: 0 | state: zzz0 | ld_ac: 1 | alu_enable: 0
Time: 735000 | PC_out: 14 | Opcode: 101 | Operand: 11100 | Accumulator: 0 | ALU_Result: 0 | Instr: bc | Data_Mem: 00 | Wr_En: 0 | Mux_Sel: 1 | PC_En: 0 | SKZ: 0 | JMP: 0 | state: zzz1 | ld_ac: 0 | alu_enable: 0
Time: 745000 | PC_out: 14 | Opcode: 101 | Operand: 11100 | Accumulator: 0 | ALU_Result: 0 | Instr: bc | Data_Mem: 00 | Wr_En: 0 | Mux_Sel: 1 | PC_En: 0 | SKZ: 0 | JMP: 0 | state: zzz0 | ld_ac: 0 | alu_enable: 0
Time: 755000 | PC_out: 14 | Opcode: 101 | Operand: 11100 | Accumulator: 0 | ALU_Result: 0 | Instr: 20 | Data_Mem: 00 | Wr_En: 0 | Mux_Sel: 1 | PC_En: 0 | SKZ: 0 | JMP: 0 | state: zzz1 | ld_ac: 0 | alu_enable: 0
Time: 765000 | PC_out: 14 | Opcode: 001 | Operand: 00000 | Accumulator: 0 | ALU_Result: 0 | Instr: 20 | Data_Mem: 00 | Wr_En: 0 | Mux_Sel: 1 | PC_En: 0 | SKZ: 0 | JMP: 0 | state: zzz0 | ld_ac: 0 | alu_enable: 0
Time: 775000 | PC_out: 14 | Opcode: 001 | Operand: 00000 | Accumulator: 0 | ALU_Result: 0 | Instr: 20 | Data_Mem: 00 | Wr_En: 0 | Mux_Sel: 0 | PC_En: 0 | SKZ: 1 | JMP: 0 | state: zzz1 | ld_ac: 0 | alu_enable: 0
Time: 785000 | PC_out: 14 | Opcode: 001 | Operand: 00000 | Accumulator: 0 | ALU_Result: 0 | Instr: 20 | Data_Mem: 00 | Wr_En: 0 | Mux_Sel: 0 | PC_En: 0 | SKZ: 1 | JMP: 0 | state: zzz0 | ld_ac: 0 | alu_enable: 0
Time: 795000 | PC_out: 14 | Opcode: 001 | Operand: 00000 | Accumulator: 0 | ALU_Result: 0 | Instr: 20 | Data_Mem: 00 | Wr_En: 0 | Mux_Sel: 0 | PC_En: 1 | SKZ: 1 | JMP: 0 | state: zzz1 | ld_ac: 0 | alu_enable: 0
Time: 805000 | PC_out: 16 | Opcode: 001 | Operand: 00000 | Accumulator: 0 | ALU_Result: 0 | Instr: 20 | Data_Mem: 00 | Wr_En: 0 | Mux_Sel: 1 | PC_En: 1 | SKZ: 0 | JMP: 0 | state: zzz0 | ld_ac: 0 | alu_enable: 0
Time: 815000 | PC_out: 17 | Opcode: 001 | Operand: 00000 | Accumulator: 0 | ALU_Result: 0 | Instr: 20 | Data_Mem: 00 | Wr_En: 0 | Mux_Sel: 1 | PC_En: 0 | SKZ: 0 | JMP: 0 | state: zzz1 | ld_ac: 0 | alu_enable: 0
Time: 825000 | PC_out: 17 | Opcode: 001 | Operand: 00000 | Accumulator: 0 | ALU_Result: 0 | Instr: 20 | Data_Mem: 00 | Wr_En: 0 | Mux_Sel: 1 | PC_En: 0 | SKZ: 0 | JMP: 0 | state: zzz0 | ld_ac: 0 | alu_enable: 0
Time: 835000 | PC_out: 17 | Opcode: 001 | Operand: 00000 | Accumulator: 0 | ALU_Result: 0 | Instr: 20 | Data_Mem: 00 | Wr_En: 0 | Mux_Sel: 1 | PC_En: 0 | SKZ: 0 | JMP: 0 | state: zzz1 | ld_ac: 0 | alu_enable: 0
Time: 845000 | PC_out: 17 | Opcode: 001 | Operand: 00000 | Accumulator: 0 | ALU_Result: 0 | Instr: 20 | Data_Mem: 00 | Wr_En: 0 | Mux_Sel: 1 | PC_En: 0 | SKZ: 0 | JMP: 0 | state: zzz0 | ld_ac: 0 | alu_enable: 0
Time: 855000 | PC_out: 17 | Opcode: 001 | Operand: 00000 | Accumulator: 0 | ALU_Result: 0 | Instr: 20 | Data_Mem: 00 | Wr_En: 0 | Mux_Sel: 0 | PC_En: 0 | SKZ: 1 | JMP: 0 | state: zzz1 | ld_ac: 0 | alu_enable: 0
Time: 865000 | PC_out: 17 | Opcode: 001 | Operand: 00000 | Accumulator: 0 | ALU_Result: 0 | Instr: 20 | Data_Mem: 00 | Wr_En: 0 | Mux_Sel: 0 | PC_En: 0 | SKZ: 1 | JMP: 0 | state: zzz0 | ld_ac: 0 | alu_enable: 0
Time: 875000 | PC_out: 17 | Opcode: 001 | Operand: 00000 | Accumulator: 0 | ALU_Result: 0 | Instr: 20 | Data_Mem: 00 | Wr_En: 0 | Mux_Sel: 0 | PC_En: 1 | SKZ: 1 | JMP: 0 | state: zzz1 | ld_ac: 0 | alu_enable: 0
Time: 885000 | PC_out: 19 | Opcode: 001 | Operand: 00000 | Accumulator: 0 | ALU_Result: 0 | Instr: 20 | Data_Mem: 00 | Wr_En: 0 | Mux_Sel: 1 | PC_En: 1 | SKZ: 0 | JMP: 0 | state: zzz0 | ld_ac: 0 | alu_enable: 0
Time: 895000 | PC_out: 20 | Opcode: 001 | Operand: 00000 | Accumulator: 0 | ALU_Result: 0 | Instr: 20 | Data_Mem: 00 | Wr_En: 0 | Mux_Sel: 1 | PC_En: 0 | SKZ: 0 | JMP: 0 | state: zzz1 | ld_ac: 0 | alu_enable: 0
Time: 905000 | PC_out: 20 | Opcode: 001 | Operand: 00000 | Accumulator: 0 | ALU_Result: 0 | Instr: 20 | Data_Mem: 00 | Wr_En: 0 | Mux_Sel: 1 | PC_En: 0 | SKZ: 0 | JMP: 0 | state: zzz0 | ld_ac: 0 | alu_enable: 0
Time: 915000 | PC_out: 20 | Opcode: 001 | Operand: 00000 | Accumulator: 0 | ALU_Result: 0 | Instr: 9b | Data_Mem: 00 | Wr_En: 0 | Mux_Sel: 1 | PC_En: 0 | SKZ: 0 | JMP: 0 | state: zzz1 | ld_ac: 0 | alu_enable: 0
Time: 925000 | PC_out: 20 | Opcode: 100 | Operand: 11011 | Accumulator: 0 | ALU_Result: 0 | Instr: 9b | Data_Mem: 00 | Wr_En: 0 | Mux_Sel: 1 | PC_En: 0 | SKZ: 0 | JMP: 0 | state: zzz0 | ld_ac: 0 | alu_enable: 0
Time: 935000 | PC_out: 20 | Opcode: 100 | Operand: 11011 | Accumulator: 0 | ALU_Result: 0 | Instr: 9b | Data_Mem: 00 | Wr_En: 0 | Mux_Sel: 0 | PC_En: 0 | SKZ: 0 | JMP: 0 | state: zzz1 | ld_ac: 0 | alu_enable: 1
Time: 945000 | PC_out: 20 | Opcode: 100 | Operand: 11011 | Accumulator: 0 | ALU_Result: 0 | Instr: 9b | Data_Mem: 00 | Wr_En: 0 | Mux_Sel: 0 | PC_En: 0 | SKZ: 0 | JMP: 0 | state: zzz0 | ld_ac: 0 | alu_enable: 1
Time: 955000 | PC_out: 20 | Opcode: 100 | Operand: 11011 | Accumulator: 0 | ALU_Result: 0 | Instr: 9b | Data_Mem: ff | Wr_En: 0 | Mux_Sel: 0 | PC_En: 0 | SKZ: 0 | JMP: 0 | state: zzz1 | ld_ac: 0 | alu_enable: 1
Time: 965000 | PC_out: 20 | Opcode: 100 | Operand: 11011 | Accumulator: 0 | ALU_Result: 255 | Instr: 9b | Data_Mem: ff | Wr_En: 0 | Mux_Sel: 1 | PC_En: 1 | SKZ: 0 | JMP: 0 | state: zzz0 | ld_ac: 1 | alu_enable: 0
Time: 975000 | PC_out: 21 | Opcode: 100 | Operand: 11011 | Accumulator: 255 | ALU_Result: 255 | Instr: 9b | Data_Mem: ff | Wr_En: 0 | Mux_Sel: 1 | PC_En: 0 | SKZ: 0 | JMP: 0 | state: zzz1 | ld_ac: 0 | alu_enable: 0
Time: 985000 | PC_out: 21 | Opcode: 100 | Operand: 11011 | Accumulator: 255 | ALU_Result: 255 | Instr: 9b | Data_Mem: ff | Wr_En: 0 | Mux_Sel: 1 | PC_En: 0 | SKZ: 0 | JMP: 0 | state: zzz0 | ld_ac: 0 | alu_enable: 0
Time: 995000 | PC_out: 21 | Opcode: 100 | Operand: 11011 | Accumulator: 255 | ALU_Result: 255 | Instr: 20 | Data_Mem: ff | Wr_En: 0 | Mux_Sel: 1 | PC_En: 0 | SKZ: 0 | JMP: 0 | state: zzz1 | ld_ac: 0 | alu_enable: 0
INFO: [USF-XSim-96] XSim completed. Design snapshot 'RISC_CPU_tb_behav' loaded.
INFO: [USF-XSim-97] XSim simulation ran for 1000ns
launch_simulation: Time (s): cpu = 00:00:02 ; elapsed = 00:00:05 . Memory (MB): peak = 2721.336 ; gain = 0.000
close_sim
INFO: [Simtcl 6-16] Simulation closed
launch_simulation
Command: launch_simulation 
INFO: [Vivado 12-12493] Simulation top is 'RISC_CPU_tb'
WARNING: [Vivado 12-13340] Unable to auto find GCC executables from simulator install path! (path not set)
INFO: [Vivado 12-5682] Launching behavioral simulation in 'D:/Minh_Hung/L05_Group_2_BTL_TKVM/L05_Group_2_BTL_TKVM.sim/sim_1/behav/xsim'
INFO: [SIM-utils-51] Simulation object is 'sim_1'
INFO: [SIM-utils-72] Using boost library from 'D:/Vivado/2024.1/tps/boost_1_72_0'
INFO: [SIM-utils-54] Inspecting design source files for 'RISC_CPU_tb' in fileset 'sim_1'...
INFO: [SIM-utils-43] Exported 'D:/Minh_Hung/L05_Group_2_BTL_TKVM/L05_Group_2_BTL_TKVM.sim/sim_1/behav/xsim/data_init.mem'
INFO: [SIM-utils-43] Exported 'D:/Minh_Hung/L05_Group_2_BTL_TKVM/L05_Group_2_BTL_TKVM.sim/sim_1/behav/xsim/instruction_file.mem'
INFO: [USF-XSim-97] Finding global include files...
INFO: [USF-XSim-98] Fetching design files from 'sim_1'...
INFO: [USF-XSim-2] XSim::Compile design
INFO: [USF-XSim-61] Executing 'COMPILE and ANALYZE' step in 'D:/Minh_Hung/L05_Group_2_BTL_TKVM/L05_Group_2_BTL_TKVM.sim/sim_1/behav/xsim'
"xvlog --incr --relax -prj RISC_CPU_tb_vlog.prj"
INFO: [VRFC 10-2263] Analyzing Verilog file "D:/Minh_Hung/L05_Group_2_BTL_TKVM/L05_Group_2_BTL_TKVM.srcs/sources_1/new/ALU.v" into library xil_defaultlib
INFO: [VRFC 10-311] analyzing module ALU
INFO: [VRFC 10-2263] Analyzing Verilog file "D:/Minh_Hung/L05_Group_2_BTL_TKVM/L05_Group_2_BTL_TKVM.srcs/sources_1/new/Accumulator.v" into library xil_defaultlib
INFO: [VRFC 10-311] analyzing module Accumulator
INFO: [VRFC 10-2263] Analyzing Verilog file "D:/Minh_Hung/L05_Group_2_BTL_TKVM/L05_Group_2_BTL_TKVM.srcs/sources_1/new/Controller.v" into library xil_defaultlib
INFO: [VRFC 10-311] analyzing module Controller
WARNING: [VRFC 10-9336] redeclaration of ANSI port 'state' is not allowed [D:/Minh_Hung/L05_Group_2_BTL_TKVM/L05_Group_2_BTL_TKVM.srcs/sources_1/new/Controller.v:20]
INFO: [VRFC 10-2263] Analyzing Verilog file "D:/Minh_Hung/L05_Group_2_BTL_TKVM/L05_Group_2_BTL_TKVM.srcs/sources_1/new/DataMemory.v" into library xil_defaultlib
INFO: [VRFC 10-311] analyzing module dataMemory
INFO: [VRFC 10-2263] Analyzing Verilog file "D:/Minh_Hung/L05_Group_2_BTL_TKVM/L05_Group_2_BTL_TKVM.srcs/sources_1/new/Instruction_Memory.v" into library xil_defaultlib
INFO: [VRFC 10-311] analyzing module instructionMemory
INFO: [VRFC 10-2263] Analyzing Verilog file "D:/Minh_Hung/L05_Group_2_BTL_TKVM/L05_Group_2_BTL_TKVM.srcs/sources_1/new/Instruction_register.v" into library xil_defaultlib
INFO: [VRFC 10-311] analyzing module Instruction_Register
INFO: [VRFC 10-2263] Analyzing Verilog file "D:/Minh_Hung/L05_Group_2_BTL_TKVM/L05_Group_2_BTL_TKVM.srcs/sources_1/new/Program_counter.v" into library xil_defaultlib
INFO: [VRFC 10-311] analyzing module Program_counter
INFO: [VRFC 10-2263] Analyzing Verilog file "D:/Minh_Hung/L05_Group_2_BTL_TKVM/L05_Group_2_BTL_TKVM.srcs/sources_1/new/RISC_CPU.v" into library xil_defaultlib
INFO: [VRFC 10-311] analyzing module RISC_CPU
INFO: [VRFC 10-2263] Analyzing Verilog file "D:/Minh_Hung/L05_Group_2_BTL_TKVM/L05_Group_2_BTL_TKVM.srcs/sources_1/new/addr_mux.v" into library xil_defaultlib
INFO: [VRFC 10-311] analyzing module addr_mux
INFO: [VRFC 10-2263] Analyzing Verilog file "D:/Minh_Hung/L05_Group_2_BTL_TKVM/L05_Group_2_BTL_TKVM.srcs/sim_1/new/RISC_CPU_tb.v" into library xil_defaultlib
INFO: [VRFC 10-311] analyzing module RISC_CPU_tb
INFO: [USF-XSim-69] 'compile' step finished in '2' seconds
INFO: [USF-XSim-3] XSim::Elaborate design
INFO: [USF-XSim-61] Executing 'ELABORATE' step in 'D:/Minh_Hung/L05_Group_2_BTL_TKVM/L05_Group_2_BTL_TKVM.sim/sim_1/behav/xsim'
"xelab --incr --debug typical --relax --mt 2 -L xil_defaultlib -L unisims_ver -L unimacro_ver -L secureip --snapshot RISC_CPU_tb_behav xil_defaultlib.RISC_CPU_tb xil_defaultlib.glbl -log elaborate.log"
Vivado Simulator v2024.1
Copyright 1986-2022 Xilinx, Inc. All Rights Reserved.
Copyright 2022-2024 Advanced Micro Devices, Inc. All Rights Reserved.
Running: D:/Vivado/2024.1/bin/unwrapped/win64.o/xelab.exe --incr --debug typical --relax --mt 2 -L xil_defaultlib -L unisims_ver -L unimacro_ver -L secureip --snapshot RISC_CPU_tb_behav xil_defaultlib.RISC_CPU_tb xil_defaultlib.glbl -log elaborate.log 
Using 2 slave threads.
Starting static elaboration
Pass Through NonSizing Optimizer
Completed static elaboration
Starting simulation data flow analysis
WARNING: [XSIM 43-4099] "D:/Minh_Hung/L05_Group_2_BTL_TKVM/L05_Group_2_BTL_TKVM.srcs/sources_1/new/ALU.v" Line 1. Module ALU doesn't have a timescale but at least one module in design has a timescale.
WARNING: [XSIM 43-4099] "D:/Minh_Hung/L05_Group_2_BTL_TKVM/L05_Group_2_BTL_TKVM.srcs/sources_1/new/ALU.v" Line 1. Module ALU doesn't have a timescale but at least one module in design has a timescale.
Completed simulation data flow analysis
Time Resolution for simulation is 1ps
Compiling module xil_defaultlib.Controller
Compiling module xil_defaultlib.Program_counter
Compiling module xil_defaultlib.addr_mux
Compiling module xil_defaultlib.instructionMemory
Compiling module xil_defaultlib.Instruction_Register
Compiling module xil_defaultlib.dataMemory
Compiling module xil_defaultlib.ALU
Compiling module xil_defaultlib.Accumulator
Compiling module xil_defaultlib.RISC_CPU
Compiling module xil_defaultlib.RISC_CPU_tb
Compiling module xil_defaultlib.glbl
Built simulation snapshot RISC_CPU_tb_behav
INFO: [USF-XSim-69] 'elaborate' step finished in '2' seconds
INFO: [USF-XSim-4] XSim::Simulate design
INFO: [USF-XSim-61] Executing 'SIMULATE' step in 'D:/Minh_Hung/L05_Group_2_BTL_TKVM/L05_Group_2_BTL_TKVM.sim/sim_1/behav/xsim'
INFO: [USF-XSim-98] *** Running xsim
   with args "RISC_CPU_tb_behav -key {Behavioral:sim_1:Functional:RISC_CPU_tb} -tclbatch {RISC_CPU_tb.tcl} -log {simulate.log}"
INFO: [USF-XSim-8] Loading simulator feature
Time resolution is 1 ps
source RISC_CPU_tb.tcl
# set curr_wave [current_wave_config]
# if { [string length $curr_wave] == 0 } {
#   if { [llength [get_objects]] > 0} {
#     add_wave /
#     set_property needs_save false [current_wave_config]
#   } else {
#      send_msg_id Add_Wave-1 WARNING "No top level signals found. Simulator will start without a wave window. If you want to open a wave window go to 'File->New Waveform Configuration' or type 'create_wave_config' in the TCL console."
#   }
# }
# run 1000ns
Time: 0 | PC_out: 0 | Opcode: zzz | Operand: zzzzz | Accumulator: 0 | ALU_Result: x | Instr: xx | Data_Mem: xx | Wr_En: 0 | Mux_Sel: 0 | PC_En: 0 | SKZ: 0 | JMP: 0 | state: 0000 | ld_ac: 0 | alu_enable: 0
Time: 15000 | PC_out: 0 | Opcode: zzz | Operand: zzzzz | Accumulator: 0 | ALU_Result: x | Instr: xx | Data_Mem: xx | Wr_En: 0 | Mux_Sel: 1 | PC_En: 0 | SKZ: 0 | JMP: 0 | state: 0001 | ld_ac: 0 | alu_enable: 0
Time: 25000 | PC_out: 0 | Opcode: zzz | Operand: zzzzz | Accumulator: 0 | ALU_Result: x | Instr: xx | Data_Mem: xx | Wr_En: 0 | Mux_Sel: 1 | PC_En: 0 | SKZ: 0 | JMP: 0 | state: 0010 | ld_ac: 0 | alu_enable: 0
Time: 35000 | PC_out: 0 | Opcode: zzz | Operand: zzzzz | Accumulator: 0 | ALU_Result: x | Instr: fe | Data_Mem: xx | Wr_En: 0 | Mux_Sel: 1 | PC_En: 0 | SKZ: 0 | JMP: 0 | state: 0011 | ld_ac: 0 | alu_enable: 0
Time: 45000 | PC_out: 0 | Opcode: 111 | Operand: 11110 | Accumulator: 0 | ALU_Result: x | Instr: fe | Data_Mem: xx | Wr_En: 0 | Mux_Sel: 1 | PC_En: 0 | SKZ: 0 | JMP: 0 | state: 0100 | ld_ac: 0 | alu_enable: 0
Time: 55000 | PC_out: 0 | Opcode: 111 | Operand: 11110 | Accumulator: 0 | ALU_Result: x | Instr: fe | Data_Mem: xx | Wr_En: 0 | Mux_Sel: 0 | PC_En: 0 | SKZ: 0 | JMP: 0 | state: 0101 | ld_ac: 0 | alu_enable: 0
Time: 65000 | PC_out: 0 | Opcode: 111 | Operand: 11110 | Accumulator: 0 | ALU_Result: x | Instr: fe | Data_Mem: xx | Wr_En: 0 | Mux_Sel: 0 | PC_En: 0 | SKZ: 0 | JMP: 0 | state: 0110 | ld_ac: 0 | alu_enable: 0
Time: 75000 | PC_out: 0 | Opcode: 111 | Operand: 11110 | Accumulator: 0 | ALU_Result: x | Instr: fe | Data_Mem: xx | Wr_En: 0 | Mux_Sel: 0 | PC_En: 1 | SKZ: 0 | JMP: 1 | state: 0111 | ld_ac: 0 | alu_enable: 0
Time: 85000 | PC_out: 30 | Opcode: 111 | Operand: 11110 | Accumulator: 0 | ALU_Result: x | Instr: fe | Data_Mem: xx | Wr_En: 0 | Mux_Sel: 1 | PC_En: 1 | SKZ: 0 | JMP: 1 | state: 0000 | ld_ac: 0 | alu_enable: 0
Time: 95000 | PC_out: 30 | Opcode: 111 | Operand: 11110 | Accumulator: 0 | ALU_Result: x | Instr: fe | Data_Mem: xx | Wr_En: 0 | Mux_Sel: 1 | PC_En: 0 | SKZ: 0 | JMP: 0 | state: 0001 | ld_ac: 0 | alu_enable: 0
Time: 105000 | PC_out: 30 | Opcode: 111 | Operand: 11110 | Accumulator: 0 | ALU_Result: x | Instr: fe | Data_Mem: xx | Wr_En: 0 | Mux_Sel: 1 | PC_En: 0 | SKZ: 0 | JMP: 0 | state: 0010 | ld_ac: 0 | alu_enable: 0
Time: 115000 | PC_out: 30 | Opcode: 111 | Operand: 11110 | Accumulator: 0 | ALU_Result: x | Instr: e3 | Data_Mem: xx | Wr_En: 0 | Mux_Sel: 1 | PC_En: 0 | SKZ: 0 | JMP: 0 | state: 0011 | ld_ac: 0 | alu_enable: 0
Time: 125000 | PC_out: 30 | Opcode: 111 | Operand: 00011 | Accumulator: 0 | ALU_Result: x | Instr: e3 | Data_Mem: xx | Wr_En: 0 | Mux_Sel: 1 | PC_En: 0 | SKZ: 0 | JMP: 0 | state: 0100 | ld_ac: 0 | alu_enable: 0
Time: 135000 | PC_out: 30 | Opcode: 111 | Operand: 00011 | Accumulator: 0 | ALU_Result: x | Instr: e3 | Data_Mem: xx | Wr_En: 0 | Mux_Sel: 0 | PC_En: 0 | SKZ: 0 | JMP: 0 | state: 0101 | ld_ac: 0 | alu_enable: 0
Time: 145000 | PC_out: 30 | Opcode: 111 | Operand: 00011 | Accumulator: 0 | ALU_Result: x | Instr: e3 | Data_Mem: xx | Wr_En: 0 | Mux_Sel: 0 | PC_En: 0 | SKZ: 0 | JMP: 0 | state: 0110 | ld_ac: 0 | alu_enable: 0
Time: 155000 | PC_out: 30 | Opcode: 111 | Operand: 00011 | Accumulator: 0 | ALU_Result: x | Instr: e3 | Data_Mem: 00 | Wr_En: 0 | Mux_Sel: 0 | PC_En: 1 | SKZ: 0 | JMP: 1 | state: 0111 | ld_ac: 0 | alu_enable: 0
Time: 165000 | PC_out: 3 | Opcode: 111 | Operand: 00011 | Accumulator: 0 | ALU_Result: x | Instr: e3 | Data_Mem: 00 | Wr_En: 0 | Mux_Sel: 1 | PC_En: 1 | SKZ: 0 | JMP: 1 | state: 0000 | ld_ac: 0 | alu_enable: 0
Time: 175000 | PC_out: 3 | Opcode: 111 | Operand: 00011 | Accumulator: 0 | ALU_Result: x | Instr: e3 | Data_Mem: 00 | Wr_En: 0 | Mux_Sel: 1 | PC_En: 0 | SKZ: 0 | JMP: 0 | state: 0001 | ld_ac: 0 | alu_enable: 0
Time: 185000 | PC_out: 3 | Opcode: 111 | Operand: 00011 | Accumulator: 0 | ALU_Result: x | Instr: e3 | Data_Mem: 00 | Wr_En: 0 | Mux_Sel: 1 | PC_En: 0 | SKZ: 0 | JMP: 0 | state: 0010 | ld_ac: 0 | alu_enable: 0
Time: 195000 | PC_out: 3 | Opcode: 111 | Operand: 00011 | Accumulator: 0 | ALU_Result: x | Instr: ba | Data_Mem: 00 | Wr_En: 0 | Mux_Sel: 1 | PC_En: 0 | SKZ: 0 | JMP: 0 | state: 0011 | ld_ac: 0 | alu_enable: 0
Time: 205000 | PC_out: 3 | Opcode: 101 | Operand: 11010 | Accumulator: 0 | ALU_Result: x | Instr: ba | Data_Mem: 00 | Wr_En: 0 | Mux_Sel: 1 | PC_En: 0 | SKZ: 0 | JMP: 0 | state: 0100 | ld_ac: 0 | alu_enable: 0
Time: 215000 | PC_out: 3 | Opcode: 101 | Operand: 11010 | Accumulator: 0 | ALU_Result: x | Instr: ba | Data_Mem: 00 | Wr_En: 0 | Mux_Sel: 0 | PC_En: 0 | SKZ: 0 | JMP: 0 | state: 0101 | ld_ac: 0 | alu_enable: 0
Time: 225000 | PC_out: 3 | Opcode: 101 | Operand: 11010 | Accumulator: 0 | ALU_Result: x | Instr: ba | Data_Mem: 00 | Wr_En: 0 | Mux_Sel: 0 | PC_En: 0 | SKZ: 0 | JMP: 0 | state: 0110 | ld_ac: 0 | alu_enable: 1
Time: 235000 | PC_out: 3 | Opcode: 101 | Operand: 11010 | Accumulator: 0 | ALU_Result: 0 | Instr: ba | Data_Mem: 00 | Wr_En: 0 | Mux_Sel: 0 | PC_En: 0 | SKZ: 0 | JMP: 0 | state: 0111 | ld_ac: 0 | alu_enable: 1
Time: 245000 | PC_out: 3 | Opcode: 101 | Operand: 11010 | Accumulator: 0 | ALU_Result: 0 | Instr: ba | Data_Mem: 00 | Wr_En: 0 | Mux_Sel: 1 | PC_En: 1 | SKZ: 0 | JMP: 0 | state: 0000 | ld_ac: 1 | alu_enable: 0
Time: 255000 | PC_out: 4 | Opcode: 101 | Operand: 11010 | Accumulator: 0 | ALU_Result: 0 | Instr: ba | Data_Mem: 00 | Wr_En: 0 | Mux_Sel: 1 | PC_En: 0 | SKZ: 0 | JMP: 0 | state: 0001 | ld_ac: 0 | alu_enable: 0
Time: 265000 | PC_out: 4 | Opcode: 101 | Operand: 11010 | Accumulator: 0 | ALU_Result: 0 | Instr: ba | Data_Mem: 00 | Wr_En: 0 | Mux_Sel: 1 | PC_En: 0 | SKZ: 0 | JMP: 0 | state: 0010 | ld_ac: 0 | alu_enable: 0
Time: 275000 | PC_out: 4 | Opcode: 101 | Operand: 11010 | Accumulator: 0 | ALU_Result: 0 | Instr: 20 | Data_Mem: 00 | Wr_En: 0 | Mux_Sel: 1 | PC_En: 0 | SKZ: 0 | JMP: 0 | state: 0011 | ld_ac: 0 | alu_enable: 0
Time: 285000 | PC_out: 4 | Opcode: 001 | Operand: 00000 | Accumulator: 0 | ALU_Result: 0 | Instr: 20 | Data_Mem: 00 | Wr_En: 0 | Mux_Sel: 1 | PC_En: 0 | SKZ: 0 | JMP: 0 | state: 0100 | ld_ac: 0 | alu_enable: 0
Time: 295000 | PC_out: 4 | Opcode: 001 | Operand: 00000 | Accumulator: 0 | ALU_Result: 0 | Instr: 20 | Data_Mem: 00 | Wr_En: 0 | Mux_Sel: 0 | PC_En: 0 | SKZ: 1 | JMP: 0 | state: 0101 | ld_ac: 0 | alu_enable: 0
Time: 305000 | PC_out: 4 | Opcode: 001 | Operand: 00000 | Accumulator: 0 | ALU_Result: 0 | Instr: 20 | Data_Mem: 00 | Wr_En: 0 | Mux_Sel: 0 | PC_En: 0 | SKZ: 1 | JMP: 0 | state: 0110 | ld_ac: 0 | alu_enable: 0
Time: 315000 | PC_out: 4 | Opcode: 001 | Operand: 00000 | Accumulator: 0 | ALU_Result: 0 | Instr: 20 | Data_Mem: 00 | Wr_En: 0 | Mux_Sel: 0 | PC_En: 1 | SKZ: 1 | JMP: 0 | state: 0111 | ld_ac: 0 | alu_enable: 0
Time: 325000 | PC_out: 6 | Opcode: 001 | Operand: 00000 | Accumulator: 0 | ALU_Result: 0 | Instr: 20 | Data_Mem: 00 | Wr_En: 0 | Mux_Sel: 1 | PC_En: 1 | SKZ: 0 | JMP: 0 | state: 0000 | ld_ac: 0 | alu_enable: 0
Time: 335000 | PC_out: 7 | Opcode: 001 | Operand: 00000 | Accumulator: 0 | ALU_Result: 0 | Instr: 20 | Data_Mem: 00 | Wr_En: 0 | Mux_Sel: 1 | PC_En: 0 | SKZ: 0 | JMP: 0 | state: 0001 | ld_ac: 0 | alu_enable: 0
Time: 345000 | PC_out: 7 | Opcode: 001 | Operand: 00000 | Accumulator: 0 | ALU_Result: 0 | Instr: 20 | Data_Mem: 00 | Wr_En: 0 | Mux_Sel: 1 | PC_En: 0 | SKZ: 0 | JMP: 0 | state: 0010 | ld_ac: 0 | alu_enable: 0
Time: 355000 | PC_out: 7 | Opcode: 001 | Operand: 00000 | Accumulator: 0 | ALU_Result: 0 | Instr: 20 | Data_Mem: 00 | Wr_En: 0 | Mux_Sel: 1 | PC_En: 0 | SKZ: 0 | JMP: 0 | state: 0011 | ld_ac: 0 | alu_enable: 0
Time: 365000 | PC_out: 7 | Opcode: 001 | Operand: 00000 | Accumulator: 0 | ALU_Result: 0 | Instr: 20 | Data_Mem: 00 | Wr_En: 0 | Mux_Sel: 1 | PC_En: 0 | SKZ: 0 | JMP: 0 | state: 0100 | ld_ac: 0 | alu_enable: 0
Time: 375000 | PC_out: 7 | Opcode: 001 | Operand: 00000 | Accumulator: 0 | ALU_Result: 0 | Instr: 20 | Data_Mem: 00 | Wr_En: 0 | Mux_Sel: 0 | PC_En: 0 | SKZ: 1 | JMP: 0 | state: 0101 | ld_ac: 0 | alu_enable: 0
Time: 385000 | PC_out: 7 | Opcode: 001 | Operand: 00000 | Accumulator: 0 | ALU_Result: 0 | Instr: 20 | Data_Mem: 00 | Wr_En: 0 | Mux_Sel: 0 | PC_En: 0 | SKZ: 1 | JMP: 0 | state: 0110 | ld_ac: 0 | alu_enable: 0
Time: 395000 | PC_out: 7 | Opcode: 001 | Operand: 00000 | Accumulator: 0 | ALU_Result: 0 | Instr: 20 | Data_Mem: 00 | Wr_En: 0 | Mux_Sel: 0 | PC_En: 1 | SKZ: 1 | JMP: 0 | state: 0111 | ld_ac: 0 | alu_enable: 0
Time: 405000 | PC_out: 9 | Opcode: 001 | Operand: 00000 | Accumulator: 0 | ALU_Result: 0 | Instr: 20 | Data_Mem: 00 | Wr_En: 0 | Mux_Sel: 1 | PC_En: 1 | SKZ: 0 | JMP: 0 | state: 0000 | ld_ac: 0 | alu_enable: 0
Time: 415000 | PC_out: 10 | Opcode: 001 | Operand: 00000 | Accumulator: 0 | ALU_Result: 0 | Instr: 20 | Data_Mem: 00 | Wr_En: 0 | Mux_Sel: 1 | PC_En: 0 | SKZ: 0 | JMP: 0 | state: 0001 | ld_ac: 0 | alu_enable: 0
Time: 425000 | PC_out: 10 | Opcode: 001 | Operand: 00000 | Accumulator: 0 | ALU_Result: 0 | Instr: 20 | Data_Mem: 00 | Wr_En: 0 | Mux_Sel: 1 | PC_En: 0 | SKZ: 0 | JMP: 0 | state: 0010 | ld_ac: 0 | alu_enable: 0
Time: 435000 | PC_out: 10 | Opcode: 001 | Operand: 00000 | Accumulator: 0 | ALU_Result: 0 | Instr: dc | Data_Mem: 00 | Wr_En: 0 | Mux_Sel: 1 | PC_En: 0 | SKZ: 0 | JMP: 0 | state: 0011 | ld_ac: 0 | alu_enable: 0
Time: 445000 | PC_out: 10 | Opcode: 110 | Operand: 11100 | Accumulator: 0 | ALU_Result: 0 | Instr: dc | Data_Mem: 00 | Wr_En: 0 | Mux_Sel: 1 | PC_En: 0 | SKZ: 0 | JMP: 0 | state: 0100 | ld_ac: 0 | alu_enable: 0
Time: 455000 | PC_out: 10 | Opcode: 110 | Operand: 11100 | Accumulator: 0 | ALU_Result: 0 | Instr: dc | Data_Mem: 00 | Wr_En: 0 | Mux_Sel: 0 | PC_En: 0 | SKZ: 0 | JMP: 0 | state: 0101 | ld_ac: 0 | alu_enable: 0
Time: 465000 | PC_out: 10 | Opcode: 110 | Operand: 11100 | Accumulator: 0 | ALU_Result: 0 | Instr: dc | Data_Mem: 00 | Wr_En: 0 | Mux_Sel: 0 | PC_En: 0 | SKZ: 0 | JMP: 0 | state: 0110 | ld_ac: 0 | alu_enable: 0
Time: 475000 | PC_out: 10 | Opcode: 110 | Operand: 11100 | Accumulator: 0 | ALU_Result: 0 | Instr: dc | Data_Mem: aa | Wr_En: 0 | Mux_Sel: 0 | PC_En: 0 | SKZ: 0 | JMP: 0 | state: 0111 | ld_ac: 0 | alu_enable: 0
Time: 485000 | PC_out: 10 | Opcode: 110 | Operand: 11100 | Accumulator: 0 | ALU_Result: 0 | Instr: dc | Data_Mem: 00 | Wr_En: 1 | Mux_Sel: 1 | PC_En: 1 | SKZ: 0 | JMP: 0 | state: 0000 | ld_ac: 0 | alu_enable: 0
Time: 495000 | PC_out: 11 | Opcode: 110 | Operand: 11100 | Accumulator: 0 | ALU_Result: 0 | Instr: dc | Data_Mem: aa | Wr_En: 0 | Mux_Sel: 1 | PC_En: 0 | SKZ: 0 | JMP: 0 | state: 0001 | ld_ac: 0 | alu_enable: 0
Time: 505000 | PC_out: 11 | Opcode: 110 | Operand: 11100 | Accumulator: 0 | ALU_Result: 0 | Instr: dc | Data_Mem: 00 | Wr_En: 0 | Mux_Sel: 1 | PC_En: 0 | SKZ: 0 | JMP: 0 | state: 0010 | ld_ac: 0 | alu_enable: 0
Time: 515000 | PC_out: 11 | Opcode: 110 | Operand: 11100 | Accumulator: 0 | ALU_Result: 0 | Instr: ba | Data_Mem: 00 | Wr_En: 0 | Mux_Sel: 1 | PC_En: 0 | SKZ: 0 | JMP: 0 | state: 0011 | ld_ac: 0 | alu_enable: 0
Time: 525000 | PC_out: 11 | Opcode: 101 | Operand: 11010 | Accumulator: 0 | ALU_Result: 0 | Instr: ba | Data_Mem: 00 | Wr_En: 0 | Mux_Sel: 1 | PC_En: 0 | SKZ: 0 | JMP: 0 | state: 0100 | ld_ac: 0 | alu_enable: 0
Time: 535000 | PC_out: 11 | Opcode: 101 | Operand: 11010 | Accumulator: 0 | ALU_Result: 0 | Instr: ba | Data_Mem: 00 | Wr_En: 0 | Mux_Sel: 0 | PC_En: 0 | SKZ: 0 | JMP: 0 | state: 0101 | ld_ac: 0 | alu_enable: 0
Time: 545000 | PC_out: 11 | Opcode: 101 | Operand: 11010 | Accumulator: 0 | ALU_Result: 0 | Instr: ba | Data_Mem: 00 | Wr_En: 0 | Mux_Sel: 0 | PC_En: 0 | SKZ: 0 | JMP: 0 | state: 0110 | ld_ac: 0 | alu_enable: 1
Time: 555000 | PC_out: 11 | Opcode: 101 | Operand: 11010 | Accumulator: 0 | ALU_Result: 0 | Instr: ba | Data_Mem: 00 | Wr_En: 0 | Mux_Sel: 0 | PC_En: 0 | SKZ: 0 | JMP: 0 | state: 0111 | ld_ac: 0 | alu_enable: 1
Time: 565000 | PC_out: 11 | Opcode: 101 | Operand: 11010 | Accumulator: 0 | ALU_Result: 0 | Instr: ba | Data_Mem: 00 | Wr_En: 0 | Mux_Sel: 1 | PC_En: 1 | SKZ: 0 | JMP: 0 | state: 0000 | ld_ac: 1 | alu_enable: 0
Time: 575000 | PC_out: 12 | Opcode: 101 | Operand: 11010 | Accumulator: 0 | ALU_Result: 0 | Instr: ba | Data_Mem: 00 | Wr_En: 0 | Mux_Sel: 1 | PC_En: 0 | SKZ: 0 | JMP: 0 | state: 0001 | ld_ac: 0 | alu_enable: 0
Time: 585000 | PC_out: 12 | Opcode: 101 | Operand: 11010 | Accumulator: 0 | ALU_Result: 0 | Instr: ba | Data_Mem: 00 | Wr_En: 0 | Mux_Sel: 1 | PC_En: 0 | SKZ: 0 | JMP: 0 | state: 0010 | ld_ac: 0 | alu_enable: 0
Time: 595000 | PC_out: 12 | Opcode: 101 | Operand: 11010 | Accumulator: 0 | ALU_Result: 0 | Instr: dc | Data_Mem: 00 | Wr_En: 0 | Mux_Sel: 1 | PC_En: 0 | SKZ: 0 | JMP: 0 | state: 0011 | ld_ac: 0 | alu_enable: 0
Time: 605000 | PC_out: 12 | Opcode: 110 | Operand: 11100 | Accumulator: 0 | ALU_Result: 0 | Instr: dc | Data_Mem: 00 | Wr_En: 0 | Mux_Sel: 1 | PC_En: 0 | SKZ: 0 | JMP: 0 | state: 0100 | ld_ac: 0 | alu_enable: 0
Time: 615000 | PC_out: 12 | Opcode: 110 | Operand: 11100 | Accumulator: 0 | ALU_Result: 0 | Instr: dc | Data_Mem: 00 | Wr_En: 0 | Mux_Sel: 0 | PC_En: 0 | SKZ: 0 | JMP: 0 | state: 0101 | ld_ac: 0 | alu_enable: 0
Time: 625000 | PC_out: 12 | Opcode: 110 | Operand: 11100 | Accumulator: 0 | ALU_Result: 0 | Instr: dc | Data_Mem: 00 | Wr_En: 0 | Mux_Sel: 0 | PC_En: 0 | SKZ: 0 | JMP: 0 | state: 0110 | ld_ac: 0 | alu_enable: 0
Time: 635000 | PC_out: 12 | Opcode: 110 | Operand: 11100 | Accumulator: 0 | ALU_Result: 0 | Instr: dc | Data_Mem: 00 | Wr_En: 0 | Mux_Sel: 0 | PC_En: 0 | SKZ: 0 | JMP: 0 | state: 0111 | ld_ac: 0 | alu_enable: 0
Time: 645000 | PC_out: 12 | Opcode: 110 | Operand: 11100 | Accumulator: 0 | ALU_Result: 0 | Instr: dc | Data_Mem: 00 | Wr_En: 1 | Mux_Sel: 1 | PC_En: 1 | SKZ: 0 | JMP: 0 | state: 0000 | ld_ac: 0 | alu_enable: 0
Time: 655000 | PC_out: 13 | Opcode: 110 | Operand: 11100 | Accumulator: 0 | ALU_Result: 0 | Instr: dc | Data_Mem: 00 | Wr_En: 0 | Mux_Sel: 1 | PC_En: 0 | SKZ: 0 | JMP: 0 | state: 0001 | ld_ac: 0 | alu_enable: 0
Time: 665000 | PC_out: 13 | Opcode: 110 | Operand: 11100 | Accumulator: 0 | ALU_Result: 0 | Instr: dc | Data_Mem: 00 | Wr_En: 0 | Mux_Sel: 1 | PC_En: 0 | SKZ: 0 | JMP: 0 | state: 0010 | ld_ac: 0 | alu_enable: 0
Time: 675000 | PC_out: 13 | Opcode: 110 | Operand: 11100 | Accumulator: 0 | ALU_Result: 0 | Instr: bc | Data_Mem: 00 | Wr_En: 0 | Mux_Sel: 1 | PC_En: 0 | SKZ: 0 | JMP: 0 | state: 0011 | ld_ac: 0 | alu_enable: 0
Time: 685000 | PC_out: 13 | Opcode: 101 | Operand: 11100 | Accumulator: 0 | ALU_Result: 0 | Instr: bc | Data_Mem: 00 | Wr_En: 0 | Mux_Sel: 1 | PC_En: 0 | SKZ: 0 | JMP: 0 | state: 0100 | ld_ac: 0 | alu_enable: 0
Time: 695000 | PC_out: 13 | Opcode: 101 | Operand: 11100 | Accumulator: 0 | ALU_Result: 0 | Instr: bc | Data_Mem: 00 | Wr_En: 0 | Mux_Sel: 0 | PC_En: 0 | SKZ: 0 | JMP: 0 | state: 0101 | ld_ac: 0 | alu_enable: 0
Time: 705000 | PC_out: 13 | Opcode: 101 | Operand: 11100 | Accumulator: 0 | ALU_Result: 0 | Instr: bc | Data_Mem: 00 | Wr_En: 0 | Mux_Sel: 0 | PC_En: 0 | SKZ: 0 | JMP: 0 | state: 0110 | ld_ac: 0 | alu_enable: 1
Time: 715000 | PC_out: 13 | Opcode: 101 | Operand: 11100 | Accumulator: 0 | ALU_Result: 0 | Instr: bc | Data_Mem: 00 | Wr_En: 0 | Mux_Sel: 0 | PC_En: 0 | SKZ: 0 | JMP: 0 | state: 0111 | ld_ac: 0 | alu_enable: 1
Time: 725000 | PC_out: 13 | Opcode: 101 | Operand: 11100 | Accumulator: 0 | ALU_Result: 0 | Instr: bc | Data_Mem: 00 | Wr_En: 0 | Mux_Sel: 1 | PC_En: 1 | SKZ: 0 | JMP: 0 | state: 0000 | ld_ac: 1 | alu_enable: 0
Time: 735000 | PC_out: 14 | Opcode: 101 | Operand: 11100 | Accumulator: 0 | ALU_Result: 0 | Instr: bc | Data_Mem: 00 | Wr_En: 0 | Mux_Sel: 1 | PC_En: 0 | SKZ: 0 | JMP: 0 | state: 0001 | ld_ac: 0 | alu_enable: 0
Time: 745000 | PC_out: 14 | Opcode: 101 | Operand: 11100 | Accumulator: 0 | ALU_Result: 0 | Instr: bc | Data_Mem: 00 | Wr_En: 0 | Mux_Sel: 1 | PC_En: 0 | SKZ: 0 | JMP: 0 | state: 0010 | ld_ac: 0 | alu_enable: 0
Time: 755000 | PC_out: 14 | Opcode: 101 | Operand: 11100 | Accumulator: 0 | ALU_Result: 0 | Instr: 20 | Data_Mem: 00 | Wr_En: 0 | Mux_Sel: 1 | PC_En: 0 | SKZ: 0 | JMP: 0 | state: 0011 | ld_ac: 0 | alu_enable: 0
Time: 765000 | PC_out: 14 | Opcode: 001 | Operand: 00000 | Accumulator: 0 | ALU_Result: 0 | Instr: 20 | Data_Mem: 00 | Wr_En: 0 | Mux_Sel: 1 | PC_En: 0 | SKZ: 0 | JMP: 0 | state: 0100 | ld_ac: 0 | alu_enable: 0
Time: 775000 | PC_out: 14 | Opcode: 001 | Operand: 00000 | Accumulator: 0 | ALU_Result: 0 | Instr: 20 | Data_Mem: 00 | Wr_En: 0 | Mux_Sel: 0 | PC_En: 0 | SKZ: 1 | JMP: 0 | state: 0101 | ld_ac: 0 | alu_enable: 0
Time: 785000 | PC_out: 14 | Opcode: 001 | Operand: 00000 | Accumulator: 0 | ALU_Result: 0 | Instr: 20 | Data_Mem: 00 | Wr_En: 0 | Mux_Sel: 0 | PC_En: 0 | SKZ: 1 | JMP: 0 | state: 0110 | ld_ac: 0 | alu_enable: 0
Time: 795000 | PC_out: 14 | Opcode: 001 | Operand: 00000 | Accumulator: 0 | ALU_Result: 0 | Instr: 20 | Data_Mem: 00 | Wr_En: 0 | Mux_Sel: 0 | PC_En: 1 | SKZ: 1 | JMP: 0 | state: 0111 | ld_ac: 0 | alu_enable: 0
Time: 805000 | PC_out: 16 | Opcode: 001 | Operand: 00000 | Accumulator: 0 | ALU_Result: 0 | Instr: 20 | Data_Mem: 00 | Wr_En: 0 | Mux_Sel: 1 | PC_En: 1 | SKZ: 0 | JMP: 0 | state: 0000 | ld_ac: 0 | alu_enable: 0
Time: 815000 | PC_out: 17 | Opcode: 001 | Operand: 00000 | Accumulator: 0 | ALU_Result: 0 | Instr: 20 | Data_Mem: 00 | Wr_En: 0 | Mux_Sel: 1 | PC_En: 0 | SKZ: 0 | JMP: 0 | state: 0001 | ld_ac: 0 | alu_enable: 0
Time: 825000 | PC_out: 17 | Opcode: 001 | Operand: 00000 | Accumulator: 0 | ALU_Result: 0 | Instr: 20 | Data_Mem: 00 | Wr_En: 0 | Mux_Sel: 1 | PC_En: 0 | SKZ: 0 | JMP: 0 | state: 0010 | ld_ac: 0 | alu_enable: 0
Time: 835000 | PC_out: 17 | Opcode: 001 | Operand: 00000 | Accumulator: 0 | ALU_Result: 0 | Instr: 20 | Data_Mem: 00 | Wr_En: 0 | Mux_Sel: 1 | PC_En: 0 | SKZ: 0 | JMP: 0 | state: 0011 | ld_ac: 0 | alu_enable: 0
Time: 845000 | PC_out: 17 | Opcode: 001 | Operand: 00000 | Accumulator: 0 | ALU_Result: 0 | Instr: 20 | Data_Mem: 00 | Wr_En: 0 | Mux_Sel: 1 | PC_En: 0 | SKZ: 0 | JMP: 0 | state: 0100 | ld_ac: 0 | alu_enable: 0
Time: 855000 | PC_out: 17 | Opcode: 001 | Operand: 00000 | Accumulator: 0 | ALU_Result: 0 | Instr: 20 | Data_Mem: 00 | Wr_En: 0 | Mux_Sel: 0 | PC_En: 0 | SKZ: 1 | JMP: 0 | state: 0101 | ld_ac: 0 | alu_enable: 0
Time: 865000 | PC_out: 17 | Opcode: 001 | Operand: 00000 | Accumulator: 0 | ALU_Result: 0 | Instr: 20 | Data_Mem: 00 | Wr_En: 0 | Mux_Sel: 0 | PC_En: 0 | SKZ: 1 | JMP: 0 | state: 0110 | ld_ac: 0 | alu_enable: 0
Time: 875000 | PC_out: 17 | Opcode: 001 | Operand: 00000 | Accumulator: 0 | ALU_Result: 0 | Instr: 20 | Data_Mem: 00 | Wr_En: 0 | Mux_Sel: 0 | PC_En: 1 | SKZ: 1 | JMP: 0 | state: 0111 | ld_ac: 0 | alu_enable: 0
Time: 885000 | PC_out: 19 | Opcode: 001 | Operand: 00000 | Accumulator: 0 | ALU_Result: 0 | Instr: 20 | Data_Mem: 00 | Wr_En: 0 | Mux_Sel: 1 | PC_En: 1 | SKZ: 0 | JMP: 0 | state: 0000 | ld_ac: 0 | alu_enable: 0
Time: 895000 | PC_out: 20 | Opcode: 001 | Operand: 00000 | Accumulator: 0 | ALU_Result: 0 | Instr: 20 | Data_Mem: 00 | Wr_En: 0 | Mux_Sel: 1 | PC_En: 0 | SKZ: 0 | JMP: 0 | state: 0001 | ld_ac: 0 | alu_enable: 0
Time: 905000 | PC_out: 20 | Opcode: 001 | Operand: 00000 | Accumulator: 0 | ALU_Result: 0 | Instr: 20 | Data_Mem: 00 | Wr_En: 0 | Mux_Sel: 1 | PC_En: 0 | SKZ: 0 | JMP: 0 | state: 0010 | ld_ac: 0 | alu_enable: 0
Time: 915000 | PC_out: 20 | Opcode: 001 | Operand: 00000 | Accumulator: 0 | ALU_Result: 0 | Instr: 9b | Data_Mem: 00 | Wr_En: 0 | Mux_Sel: 1 | PC_En: 0 | SKZ: 0 | JMP: 0 | state: 0011 | ld_ac: 0 | alu_enable: 0
Time: 925000 | PC_out: 20 | Opcode: 100 | Operand: 11011 | Accumulator: 0 | ALU_Result: 0 | Instr: 9b | Data_Mem: 00 | Wr_En: 0 | Mux_Sel: 1 | PC_En: 0 | SKZ: 0 | JMP: 0 | state: 0100 | ld_ac: 0 | alu_enable: 0
Time: 935000 | PC_out: 20 | Opcode: 100 | Operand: 11011 | Accumulator: 0 | ALU_Result: 0 | Instr: 9b | Data_Mem: 00 | Wr_En: 0 | Mux_Sel: 0 | PC_En: 0 | SKZ: 0 | JMP: 0 | state: 0101 | ld_ac: 0 | alu_enable: 1
Time: 945000 | PC_out: 20 | Opcode: 100 | Operand: 11011 | Accumulator: 0 | ALU_Result: 0 | Instr: 9b | Data_Mem: 00 | Wr_En: 0 | Mux_Sel: 0 | PC_En: 0 | SKZ: 0 | JMP: 0 | state: 0110 | ld_ac: 0 | alu_enable: 1
Time: 955000 | PC_out: 20 | Opcode: 100 | Operand: 11011 | Accumulator: 0 | ALU_Result: 0 | Instr: 9b | Data_Mem: ff | Wr_En: 0 | Mux_Sel: 0 | PC_En: 0 | SKZ: 0 | JMP: 0 | state: 0111 | ld_ac: 0 | alu_enable: 1
Time: 965000 | PC_out: 20 | Opcode: 100 | Operand: 11011 | Accumulator: 0 | ALU_Result: 255 | Instr: 9b | Data_Mem: ff | Wr_En: 0 | Mux_Sel: 1 | PC_En: 1 | SKZ: 0 | JMP: 0 | state: 0000 | ld_ac: 1 | alu_enable: 0
Time: 975000 | PC_out: 21 | Opcode: 100 | Operand: 11011 | Accumulator: 255 | ALU_Result: 255 | Instr: 9b | Data_Mem: ff | Wr_En: 0 | Mux_Sel: 1 | PC_En: 0 | SKZ: 0 | JMP: 0 | state: 0001 | ld_ac: 0 | alu_enable: 0
Time: 985000 | PC_out: 21 | Opcode: 100 | Operand: 11011 | Accumulator: 255 | ALU_Result: 255 | Instr: 9b | Data_Mem: ff | Wr_En: 0 | Mux_Sel: 1 | PC_En: 0 | SKZ: 0 | JMP: 0 | state: 0010 | ld_ac: 0 | alu_enable: 0
Time: 995000 | PC_out: 21 | Opcode: 100 | Operand: 11011 | Accumulator: 255 | ALU_Result: 255 | Instr: 20 | Data_Mem: ff | Wr_En: 0 | Mux_Sel: 1 | PC_En: 0 | SKZ: 0 | JMP: 0 | state: 0011 | ld_ac: 0 | alu_enable: 0
INFO: [USF-XSim-96] XSim completed. Design snapshot 'RISC_CPU_tb_behav' loaded.
INFO: [USF-XSim-97] XSim simulation ran for 1000ns
launch_simulation: Time (s): cpu = 00:00:01 ; elapsed = 00:00:05 . Memory (MB): peak = 2721.336 ; gain = 0.000
close_sim
INFO: [Simtcl 6-16] Simulation closed
launch_simulation
Command: launch_simulation 
INFO: [Vivado 12-12493] Simulation top is 'RISC_CPU_tb'
WARNING: [Vivado 12-13340] Unable to auto find GCC executables from simulator install path! (path not set)
INFO: [Vivado 12-5682] Launching behavioral simulation in 'D:/Minh_Hung/L05_Group_2_BTL_TKVM/L05_Group_2_BTL_TKVM.sim/sim_1/behav/xsim'
INFO: [SIM-utils-51] Simulation object is 'sim_1'
INFO: [SIM-utils-72] Using boost library from 'D:/Vivado/2024.1/tps/boost_1_72_0'
INFO: [SIM-utils-54] Inspecting design source files for 'RISC_CPU_tb' in fileset 'sim_1'...
INFO: [SIM-utils-43] Exported 'D:/Minh_Hung/L05_Group_2_BTL_TKVM/L05_Group_2_BTL_TKVM.sim/sim_1/behav/xsim/data_init.mem'
INFO: [SIM-utils-43] Exported 'D:/Minh_Hung/L05_Group_2_BTL_TKVM/L05_Group_2_BTL_TKVM.sim/sim_1/behav/xsim/instruction_file.mem'
INFO: [USF-XSim-97] Finding global include files...
INFO: [USF-XSim-98] Fetching design files from 'sim_1'...
INFO: [USF-XSim-2] XSim::Compile design
INFO: [USF-XSim-61] Executing 'COMPILE and ANALYZE' step in 'D:/Minh_Hung/L05_Group_2_BTL_TKVM/L05_Group_2_BTL_TKVM.sim/sim_1/behav/xsim'
"xvlog --incr --relax -prj RISC_CPU_tb_vlog.prj"
INFO: [VRFC 10-2263] Analyzing Verilog file "D:/Minh_Hung/L05_Group_2_BTL_TKVM/L05_Group_2_BTL_TKVM.srcs/sources_1/new/ALU.v" into library xil_defaultlib
INFO: [VRFC 10-311] analyzing module ALU
INFO: [VRFC 10-2263] Analyzing Verilog file "D:/Minh_Hung/L05_Group_2_BTL_TKVM/L05_Group_2_BTL_TKVM.srcs/sources_1/new/Accumulator.v" into library xil_defaultlib
INFO: [VRFC 10-311] analyzing module Accumulator
INFO: [VRFC 10-2263] Analyzing Verilog file "D:/Minh_Hung/L05_Group_2_BTL_TKVM/L05_Group_2_BTL_TKVM.srcs/sources_1/new/Controller.v" into library xil_defaultlib
INFO: [VRFC 10-311] analyzing module Controller
WARNING: [VRFC 10-9336] redeclaration of ANSI port 'state' is not allowed [D:/Minh_Hung/L05_Group_2_BTL_TKVM/L05_Group_2_BTL_TKVM.srcs/sources_1/new/Controller.v:20]
INFO: [VRFC 10-2263] Analyzing Verilog file "D:/Minh_Hung/L05_Group_2_BTL_TKVM/L05_Group_2_BTL_TKVM.srcs/sources_1/new/DataMemory.v" into library xil_defaultlib
INFO: [VRFC 10-311] analyzing module dataMemory
INFO: [VRFC 10-2263] Analyzing Verilog file "D:/Minh_Hung/L05_Group_2_BTL_TKVM/L05_Group_2_BTL_TKVM.srcs/sources_1/new/Instruction_Memory.v" into library xil_defaultlib
INFO: [VRFC 10-311] analyzing module instructionMemory
INFO: [VRFC 10-2263] Analyzing Verilog file "D:/Minh_Hung/L05_Group_2_BTL_TKVM/L05_Group_2_BTL_TKVM.srcs/sources_1/new/Instruction_register.v" into library xil_defaultlib
INFO: [VRFC 10-311] analyzing module Instruction_Register
INFO: [VRFC 10-2263] Analyzing Verilog file "D:/Minh_Hung/L05_Group_2_BTL_TKVM/L05_Group_2_BTL_TKVM.srcs/sources_1/new/Program_counter.v" into library xil_defaultlib
INFO: [VRFC 10-311] analyzing module Program_counter
INFO: [VRFC 10-2263] Analyzing Verilog file "D:/Minh_Hung/L05_Group_2_BTL_TKVM/L05_Group_2_BTL_TKVM.srcs/sources_1/new/RISC_CPU.v" into library xil_defaultlib
INFO: [VRFC 10-311] analyzing module RISC_CPU
INFO: [VRFC 10-2263] Analyzing Verilog file "D:/Minh_Hung/L05_Group_2_BTL_TKVM/L05_Group_2_BTL_TKVM.srcs/sources_1/new/addr_mux.v" into library xil_defaultlib
INFO: [VRFC 10-311] analyzing module addr_mux
INFO: [VRFC 10-2263] Analyzing Verilog file "D:/Minh_Hung/L05_Group_2_BTL_TKVM/L05_Group_2_BTL_TKVM.srcs/sim_1/new/RISC_CPU_tb.v" into library xil_defaultlib
INFO: [VRFC 10-311] analyzing module RISC_CPU_tb
INFO: [USF-XSim-69] 'compile' step finished in '2' seconds
INFO: [USF-XSim-3] XSim::Elaborate design
INFO: [USF-XSim-61] Executing 'ELABORATE' step in 'D:/Minh_Hung/L05_Group_2_BTL_TKVM/L05_Group_2_BTL_TKVM.sim/sim_1/behav/xsim'
"xelab --incr --debug typical --relax --mt 2 -L xil_defaultlib -L unisims_ver -L unimacro_ver -L secureip --snapshot RISC_CPU_tb_behav xil_defaultlib.RISC_CPU_tb xil_defaultlib.glbl -log elaborate.log"
Vivado Simulator v2024.1
Copyright 1986-2022 Xilinx, Inc. All Rights Reserved.
Copyright 2022-2024 Advanced Micro Devices, Inc. All Rights Reserved.
Running: D:/Vivado/2024.1/bin/unwrapped/win64.o/xelab.exe --incr --debug typical --relax --mt 2 -L xil_defaultlib -L unisims_ver -L unimacro_ver -L secureip --snapshot RISC_CPU_tb_behav xil_defaultlib.RISC_CPU_tb xil_defaultlib.glbl -log elaborate.log 
Using 2 slave threads.
Starting static elaboration
Pass Through NonSizing Optimizer
Completed static elaboration
Starting simulation data flow analysis
WARNING: [XSIM 43-4099] "D:/Minh_Hung/L05_Group_2_BTL_TKVM/L05_Group_2_BTL_TKVM.srcs/sources_1/new/ALU.v" Line 1. Module ALU doesn't have a timescale but at least one module in design has a timescale.
WARNING: [XSIM 43-4099] "D:/Minh_Hung/L05_Group_2_BTL_TKVM/L05_Group_2_BTL_TKVM.srcs/sources_1/new/ALU.v" Line 1. Module ALU doesn't have a timescale but at least one module in design has a timescale.
Completed simulation data flow analysis
Time Resolution for simulation is 1ps
Compiling module xil_defaultlib.Controller
Compiling module xil_defaultlib.Program_counter
Compiling module xil_defaultlib.addr_mux
Compiling module xil_defaultlib.instructionMemory
Compiling module xil_defaultlib.Instruction_Register
Compiling module xil_defaultlib.dataMemory
Compiling module xil_defaultlib.ALU
Compiling module xil_defaultlib.Accumulator
Compiling module xil_defaultlib.RISC_CPU
Compiling module xil_defaultlib.RISC_CPU_tb
Compiling module xil_defaultlib.glbl
Built simulation snapshot RISC_CPU_tb_behav
INFO: [USF-XSim-69] 'elaborate' step finished in '2' seconds
INFO: [USF-XSim-4] XSim::Simulate design
INFO: [USF-XSim-61] Executing 'SIMULATE' step in 'D:/Minh_Hung/L05_Group_2_BTL_TKVM/L05_Group_2_BTL_TKVM.sim/sim_1/behav/xsim'
INFO: [USF-XSim-98] *** Running xsim
   with args "RISC_CPU_tb_behav -key {Behavioral:sim_1:Functional:RISC_CPU_tb} -tclbatch {RISC_CPU_tb.tcl} -log {simulate.log}"
INFO: [USF-XSim-8] Loading simulator feature
Time resolution is 1 ps
source RISC_CPU_tb.tcl
# set curr_wave [current_wave_config]
# if { [string length $curr_wave] == 0 } {
#   if { [llength [get_objects]] > 0} {
#     add_wave /
#     set_property needs_save false [current_wave_config]
#   } else {
#      send_msg_id Add_Wave-1 WARNING "No top level signals found. Simulator will start without a wave window. If you want to open a wave window go to 'File->New Waveform Configuration' or type 'create_wave_config' in the TCL console."
#   }
# }
# run 1000ns
Time: 0 | PC_out: 0 | Opcode: zzz | Operand: zzzzz | Accumulator: 0 | ALU_Result: x | Instr: xx | Data_Mem: xx | Wr_En: 0 | Mux_Sel: 0 | PC_En: 0 | SKZ: 0 | JMP: 0 | state: 0000 | ld_ac: 0 | alu_enable: 0
Time: 15000 | PC_out: 0 | Opcode: zzz | Operand: zzzzz | Accumulator: 0 | ALU_Result: x | Instr: xx | Data_Mem: xx | Wr_En: 0 | Mux_Sel: 1 | PC_En: 0 | SKZ: 0 | JMP: 0 | state: 0001 | ld_ac: 0 | alu_enable: 0
Time: 25000 | PC_out: 0 | Opcode: zzz | Operand: zzzzz | Accumulator: 0 | ALU_Result: x | Instr: xx | Data_Mem: xx | Wr_En: 0 | Mux_Sel: 1 | PC_En: 0 | SKZ: 0 | JMP: 0 | state: 0010 | ld_ac: 0 | alu_enable: 0
Time: 35000 | PC_out: 0 | Opcode: xxx | Operand: xxxxx | Accumulator: 0 | ALU_Result: x | Instr: fe | Data_Mem: xx | Wr_En: 0 | Mux_Sel: 1 | PC_En: 1 | SKZ: 0 | JMP: 0 | state: 0011 | ld_ac: 0 | alu_enable: 0
Time: 45000 | PC_out: 1 | Opcode: xxx | Operand: xxxxx | Accumulator: 0 | ALU_Result: x | Instr: fe | Data_Mem: xx | Wr_En: 0 | Mux_Sel: 0 | PC_En: 0 | SKZ: 0 | JMP: 0 | state: 0100 | ld_ac: 0 | alu_enable: 0
Time: 55000 | PC_out: 1 | Opcode: xxx | Operand: xxxxx | Accumulator: 0 | ALU_Result: x | Instr: fe | Data_Mem: xx | Wr_En: 0 | Mux_Sel: 0 | PC_En: 0 | SKZ: x | JMP: 0 | state: 0101 | ld_ac: 0 | alu_enable: x
Time: 65000 | PC_out: 1 | Opcode: xxx | Operand: xxxxx | Accumulator: 0 | ALU_Result: x | Instr: fe | Data_Mem: xx | Wr_En: 0 | Mux_Sel: 0 | PC_En: 0 | SKZ: x | JMP: 0 | state: 0110 | ld_ac: x | alu_enable: x
Time: 75000 | PC_out: 1 | Opcode: xxx | Operand: xxxxx | Accumulator: 0 | ALU_Result: x | Instr: fe | Data_Mem: xx | Wr_En: x | Mux_Sel: 1 | PC_En: x | SKZ: 0 | JMP: x | state: 0111 | ld_ac: x | alu_enable: 0
Time: 85000 | PC_out: 1 | Opcode: xxx | Operand: xxxxx | Accumulator: 0 | ALU_Result: x | Instr: fe | Data_Mem: xx | Wr_En: 0 | Mux_Sel: 1 | PC_En: 0 | SKZ: 0 | JMP: 0 | state: 0000 | ld_ac: 0 | alu_enable: 0
Time: 95000 | PC_out: 1 | Opcode: xxx | Operand: xxxxx | Accumulator: 0 | ALU_Result: x | Instr: 00 | Data_Mem: xx | Wr_En: 0 | Mux_Sel: 1 | PC_En: 0 | SKZ: 0 | JMP: 0 | state: 0001 | ld_ac: 0 | alu_enable: 0
Time: 105000 | PC_out: 1 | Opcode: xxx | Operand: xxxxx | Accumulator: 0 | ALU_Result: x | Instr: 00 | Data_Mem: xx | Wr_En: 0 | Mux_Sel: 1 | PC_En: 0 | SKZ: 0 | JMP: 0 | state: 0010 | ld_ac: 0 | alu_enable: 0
Time: 115000 | PC_out: 1 | Opcode: 000 | Operand: 00000 | Accumulator: 0 | ALU_Result: x | Instr: 00 | Data_Mem: xx | Wr_En: 0 | Mux_Sel: 1 | PC_En: 1 | SKZ: 0 | JMP: 0 | state: 0011 | ld_ac: 0 | alu_enable: 0
Time: 125000 | PC_out: 2 | Opcode: 000 | Operand: 00000 | Accumulator: 0 | ALU_Result: x | Instr: 00 | Data_Mem: xx | Wr_En: 0 | Mux_Sel: 0 | PC_En: 0 | SKZ: 0 | JMP: 0 | state: 0100 | ld_ac: 0 | alu_enable: 0
Time: 135000 | PC_out: 2 | Opcode: 000 | Operand: 00000 | Accumulator: 0 | ALU_Result: x | Instr: 00 | Data_Mem: xx | Wr_En: 0 | Mux_Sel: 0 | PC_En: 0 | SKZ: 0 | JMP: 0 | state: 1000 | ld_ac: 0 | alu_enable: 0
Time: 145000 | PC_out: 2 | Opcode: 000 | Operand: 00000 | Accumulator: 0 | ALU_Result: x | Instr: 00 | Data_Mem: 00 | Wr_En: 0 | Mux_Sel: 0 | PC_En: 0 | SKZ: 0 | JMP: 0 | state: 1000 | ld_ac: 0 | alu_enable: 0
INFO: [USF-XSim-96] XSim completed. Design snapshot 'RISC_CPU_tb_behav' loaded.
INFO: [USF-XSim-97] XSim simulation ran for 1000ns
launch_simulation: Time (s): cpu = 00:00:02 ; elapsed = 00:00:06 . Memory (MB): peak = 2721.336 ; gain = 0.000
close_sim
INFO: [Simtcl 6-16] Simulation closed
launch_simulation
Command: launch_simulation 
INFO: [Vivado 12-12493] Simulation top is 'RISC_CPU_tb'
WARNING: [Vivado 12-13340] Unable to auto find GCC executables from simulator install path! (path not set)
INFO: [Vivado 12-5682] Launching behavioral simulation in 'D:/Minh_Hung/L05_Group_2_BTL_TKVM/L05_Group_2_BTL_TKVM.sim/sim_1/behav/xsim'
INFO: [SIM-utils-51] Simulation object is 'sim_1'
INFO: [SIM-utils-72] Using boost library from 'D:/Vivado/2024.1/tps/boost_1_72_0'
INFO: [SIM-utils-54] Inspecting design source files for 'RISC_CPU_tb' in fileset 'sim_1'...
INFO: [SIM-utils-43] Exported 'D:/Minh_Hung/L05_Group_2_BTL_TKVM/L05_Group_2_BTL_TKVM.sim/sim_1/behav/xsim/data_init.mem'
INFO: [SIM-utils-43] Exported 'D:/Minh_Hung/L05_Group_2_BTL_TKVM/L05_Group_2_BTL_TKVM.sim/sim_1/behav/xsim/instruction_file.mem'
INFO: [USF-XSim-97] Finding global include files...
INFO: [USF-XSim-98] Fetching design files from 'sim_1'...
INFO: [USF-XSim-2] XSim::Compile design
INFO: [USF-XSim-61] Executing 'COMPILE and ANALYZE' step in 'D:/Minh_Hung/L05_Group_2_BTL_TKVM/L05_Group_2_BTL_TKVM.sim/sim_1/behav/xsim'
"xvlog --incr --relax -prj RISC_CPU_tb_vlog.prj"
INFO: [VRFC 10-2263] Analyzing Verilog file "D:/Minh_Hung/L05_Group_2_BTL_TKVM/L05_Group_2_BTL_TKVM.srcs/sources_1/new/ALU.v" into library xil_defaultlib
INFO: [VRFC 10-311] analyzing module ALU
INFO: [VRFC 10-2263] Analyzing Verilog file "D:/Minh_Hung/L05_Group_2_BTL_TKVM/L05_Group_2_BTL_TKVM.srcs/sources_1/new/Accumulator.v" into library xil_defaultlib
INFO: [VRFC 10-311] analyzing module Accumulator
INFO: [VRFC 10-2263] Analyzing Verilog file "D:/Minh_Hung/L05_Group_2_BTL_TKVM/L05_Group_2_BTL_TKVM.srcs/sources_1/new/Controller.v" into library xil_defaultlib
INFO: [VRFC 10-311] analyzing module Controller
WARNING: [VRFC 10-9336] redeclaration of ANSI port 'state' is not allowed [D:/Minh_Hung/L05_Group_2_BTL_TKVM/L05_Group_2_BTL_TKVM.srcs/sources_1/new/Controller.v:20]
INFO: [VRFC 10-2263] Analyzing Verilog file "D:/Minh_Hung/L05_Group_2_BTL_TKVM/L05_Group_2_BTL_TKVM.srcs/sources_1/new/DataMemory.v" into library xil_defaultlib
INFO: [VRFC 10-311] analyzing module dataMemory
INFO: [VRFC 10-2263] Analyzing Verilog file "D:/Minh_Hung/L05_Group_2_BTL_TKVM/L05_Group_2_BTL_TKVM.srcs/sources_1/new/Instruction_Memory.v" into library xil_defaultlib
INFO: [VRFC 10-311] analyzing module instructionMemory
INFO: [VRFC 10-2263] Analyzing Verilog file "D:/Minh_Hung/L05_Group_2_BTL_TKVM/L05_Group_2_BTL_TKVM.srcs/sources_1/new/Instruction_register.v" into library xil_defaultlib
INFO: [VRFC 10-311] analyzing module Instruction_Register
INFO: [VRFC 10-2263] Analyzing Verilog file "D:/Minh_Hung/L05_Group_2_BTL_TKVM/L05_Group_2_BTL_TKVM.srcs/sources_1/new/Program_counter.v" into library xil_defaultlib
INFO: [VRFC 10-311] analyzing module Program_counter
INFO: [VRFC 10-2263] Analyzing Verilog file "D:/Minh_Hung/L05_Group_2_BTL_TKVM/L05_Group_2_BTL_TKVM.srcs/sources_1/new/RISC_CPU.v" into library xil_defaultlib
INFO: [VRFC 10-311] analyzing module RISC_CPU
INFO: [VRFC 10-2263] Analyzing Verilog file "D:/Minh_Hung/L05_Group_2_BTL_TKVM/L05_Group_2_BTL_TKVM.srcs/sources_1/new/addr_mux.v" into library xil_defaultlib
INFO: [VRFC 10-311] analyzing module addr_mux
INFO: [VRFC 10-2263] Analyzing Verilog file "D:/Minh_Hung/L05_Group_2_BTL_TKVM/L05_Group_2_BTL_TKVM.srcs/sim_1/new/RISC_CPU_tb.v" into library xil_defaultlib
INFO: [VRFC 10-311] analyzing module RISC_CPU_tb
INFO: [USF-XSim-69] 'compile' step finished in '2' seconds
INFO: [USF-XSim-3] XSim::Elaborate design
INFO: [USF-XSim-61] Executing 'ELABORATE' step in 'D:/Minh_Hung/L05_Group_2_BTL_TKVM/L05_Group_2_BTL_TKVM.sim/sim_1/behav/xsim'
"xelab --incr --debug typical --relax --mt 2 -L xil_defaultlib -L unisims_ver -L unimacro_ver -L secureip --snapshot RISC_CPU_tb_behav xil_defaultlib.RISC_CPU_tb xil_defaultlib.glbl -log elaborate.log"
Vivado Simulator v2024.1
Copyright 1986-2022 Xilinx, Inc. All Rights Reserved.
Copyright 2022-2024 Advanced Micro Devices, Inc. All Rights Reserved.
Running: D:/Vivado/2024.1/bin/unwrapped/win64.o/xelab.exe --incr --debug typical --relax --mt 2 -L xil_defaultlib -L unisims_ver -L unimacro_ver -L secureip --snapshot RISC_CPU_tb_behav xil_defaultlib.RISC_CPU_tb xil_defaultlib.glbl -log elaborate.log 
Using 2 slave threads.
Starting static elaboration
Pass Through NonSizing Optimizer
Completed static elaboration
Starting simulation data flow analysis
WARNING: [XSIM 43-4099] "D:/Minh_Hung/L05_Group_2_BTL_TKVM/L05_Group_2_BTL_TKVM.srcs/sources_1/new/ALU.v" Line 1. Module ALU doesn't have a timescale but at least one module in design has a timescale.
WARNING: [XSIM 43-4099] "D:/Minh_Hung/L05_Group_2_BTL_TKVM/L05_Group_2_BTL_TKVM.srcs/sources_1/new/ALU.v" Line 1. Module ALU doesn't have a timescale but at least one module in design has a timescale.
Completed simulation data flow analysis
Time Resolution for simulation is 1ps
Compiling module xil_defaultlib.Controller
Compiling module xil_defaultlib.Program_counter
Compiling module xil_defaultlib.addr_mux
Compiling module xil_defaultlib.instructionMemory
Compiling module xil_defaultlib.Instruction_Register
Compiling module xil_defaultlib.dataMemory
Compiling module xil_defaultlib.ALU
Compiling module xil_defaultlib.Accumulator
Compiling module xil_defaultlib.RISC_CPU
Compiling module xil_defaultlib.RISC_CPU_tb
Compiling module xil_defaultlib.glbl
Built simulation snapshot RISC_CPU_tb_behav
INFO: [USF-XSim-69] 'elaborate' step finished in '2' seconds
INFO: [USF-XSim-4] XSim::Simulate design
INFO: [USF-XSim-61] Executing 'SIMULATE' step in 'D:/Minh_Hung/L05_Group_2_BTL_TKVM/L05_Group_2_BTL_TKVM.sim/sim_1/behav/xsim'
INFO: [USF-XSim-98] *** Running xsim
   with args "RISC_CPU_tb_behav -key {Behavioral:sim_1:Functional:RISC_CPU_tb} -tclbatch {RISC_CPU_tb.tcl} -log {simulate.log}"
INFO: [USF-XSim-8] Loading simulator feature
Time resolution is 1 ps
source RISC_CPU_tb.tcl
# set curr_wave [current_wave_config]
# if { [string length $curr_wave] == 0 } {
#   if { [llength [get_objects]] > 0} {
#     add_wave /
#     set_property needs_save false [current_wave_config]
#   } else {
#      send_msg_id Add_Wave-1 WARNING "No top level signals found. Simulator will start without a wave window. If you want to open a wave window go to 'File->New Waveform Configuration' or type 'create_wave_config' in the TCL console."
#   }
# }
# run 1000ns
Time: 0 | PC_out: 0 | Opcode: zzz | Operand: zzzzz | Accumulator: 0 | ALU_Result: x | Instr: xx | Data_Mem: xx | Wr_En: 0 | Mux_Sel: 1 | PC_En: 0 | SKZ: 0 | JMP: 0 | state: 0000 | ld_ac: 0 | alu_enable: 0
Time: 15000 | PC_out: 0 | Opcode: zzz | Operand: zzzzz | Accumulator: 0 | ALU_Result: x | Instr: xx | Data_Mem: xx | Wr_En: 0 | Mux_Sel: 1 | PC_En: 0 | SKZ: 0 | JMP: 0 | state: 0001 | ld_ac: 0 | alu_enable: 0
Time: 25000 | PC_out: 0 | Opcode: zzz | Operand: zzzzz | Accumulator: 0 | ALU_Result: x | Instr: fe | Data_Mem: xx | Wr_En: 0 | Mux_Sel: 1 | PC_En: 0 | SKZ: 0 | JMP: 0 | state: 0010 | ld_ac: 0 | alu_enable: 0
Time: 35000 | PC_out: 0 | Opcode: 111 | Operand: 11110 | Accumulator: 0 | ALU_Result: x | Instr: fe | Data_Mem: xx | Wr_En: 0 | Mux_Sel: 1 | PC_En: 1 | SKZ: 0 | JMP: 0 | state: 0011 | ld_ac: 0 | alu_enable: 0
Time: 45000 | PC_out: 1 | Opcode: 111 | Operand: 11110 | Accumulator: 0 | ALU_Result: x | Instr: fe | Data_Mem: xx | Wr_En: 0 | Mux_Sel: 0 | PC_En: 0 | SKZ: 0 | JMP: 0 | state: 0100 | ld_ac: 0 | alu_enable: 0
Time: 55000 | PC_out: 1 | Opcode: 111 | Operand: 11110 | Accumulator: 0 | ALU_Result: x | Instr: fe | Data_Mem: xx | Wr_En: 0 | Mux_Sel: 0 | PC_En: 0 | SKZ: 0 | JMP: 0 | state: 0101 | ld_ac: 0 | alu_enable: 0
Time: 65000 | PC_out: 1 | Opcode: 111 | Operand: 11110 | Accumulator: 0 | ALU_Result: x | Instr: fe | Data_Mem: xx | Wr_En: 0 | Mux_Sel: 0 | PC_En: 0 | SKZ: 0 | JMP: 0 | state: 0110 | ld_ac: 0 | alu_enable: 0
Time: 75000 | PC_out: 1 | Opcode: 111 | Operand: 11110 | Accumulator: 0 | ALU_Result: x | Instr: fe | Data_Mem: xx | Wr_En: 0 | Mux_Sel: 1 | PC_En: 1 | SKZ: 0 | JMP: 1 | state: 0111 | ld_ac: 0 | alu_enable: 0
Time: 85000 | PC_out: 30 | Opcode: 111 | Operand: 11110 | Accumulator: 0 | ALU_Result: x | Instr: fe | Data_Mem: xx | Wr_En: 0 | Mux_Sel: 1 | PC_En: 0 | SKZ: 0 | JMP: 0 | state: 0000 | ld_ac: 0 | alu_enable: 0
Time: 95000 | PC_out: 30 | Opcode: 111 | Operand: 11110 | Accumulator: 0 | ALU_Result: x | Instr: 00 | Data_Mem: xx | Wr_En: 0 | Mux_Sel: 1 | PC_En: 0 | SKZ: 0 | JMP: 0 | state: 0001 | ld_ac: 0 | alu_enable: 0
Time: 105000 | PC_out: 30 | Opcode: 111 | Operand: 11110 | Accumulator: 0 | ALU_Result: x | Instr: e3 | Data_Mem: xx | Wr_En: 0 | Mux_Sel: 1 | PC_En: 0 | SKZ: 0 | JMP: 0 | state: 0010 | ld_ac: 0 | alu_enable: 0
Time: 115000 | PC_out: 30 | Opcode: 111 | Operand: 00011 | Accumulator: 0 | ALU_Result: x | Instr: e3 | Data_Mem: xx | Wr_En: 0 | Mux_Sel: 1 | PC_En: 1 | SKZ: 0 | JMP: 0 | state: 0011 | ld_ac: 0 | alu_enable: 0
Time: 125000 | PC_out: 31 | Opcode: 111 | Operand: 00011 | Accumulator: 0 | ALU_Result: x | Instr: e3 | Data_Mem: xx | Wr_En: 0 | Mux_Sel: 0 | PC_En: 0 | SKZ: 0 | JMP: 0 | state: 0100 | ld_ac: 0 | alu_enable: 0
Time: 135000 | PC_out: 31 | Opcode: 111 | Operand: 00011 | Accumulator: 0 | ALU_Result: x | Instr: e3 | Data_Mem: xx | Wr_En: 0 | Mux_Sel: 0 | PC_En: 0 | SKZ: 0 | JMP: 0 | state: 0101 | ld_ac: 0 | alu_enable: 0
Time: 145000 | PC_out: 31 | Opcode: 111 | Operand: 00011 | Accumulator: 0 | ALU_Result: x | Instr: e3 | Data_Mem: 00 | Wr_En: 0 | Mux_Sel: 0 | PC_En: 0 | SKZ: 0 | JMP: 0 | state: 0110 | ld_ac: 0 | alu_enable: 0
Time: 155000 | PC_out: 31 | Opcode: 111 | Operand: 00011 | Accumulator: 0 | ALU_Result: x | Instr: e3 | Data_Mem: 00 | Wr_En: 0 | Mux_Sel: 1 | PC_En: 1 | SKZ: 0 | JMP: 1 | state: 0111 | ld_ac: 0 | alu_enable: 0
Time: 165000 | PC_out: 3 | Opcode: 111 | Operand: 00011 | Accumulator: 0 | ALU_Result: x | Instr: e3 | Data_Mem: 00 | Wr_En: 0 | Mux_Sel: 1 | PC_En: 0 | SKZ: 0 | JMP: 0 | state: 0000 | ld_ac: 0 | alu_enable: 0
Time: 175000 | PC_out: 3 | Opcode: 111 | Operand: 00011 | Accumulator: 0 | ALU_Result: x | Instr: 00 | Data_Mem: 00 | Wr_En: 0 | Mux_Sel: 1 | PC_En: 0 | SKZ: 0 | JMP: 0 | state: 0001 | ld_ac: 0 | alu_enable: 0
Time: 185000 | PC_out: 3 | Opcode: 111 | Operand: 00011 | Accumulator: 0 | ALU_Result: x | Instr: ba | Data_Mem: 00 | Wr_En: 0 | Mux_Sel: 1 | PC_En: 0 | SKZ: 0 | JMP: 0 | state: 0010 | ld_ac: 0 | alu_enable: 0
Time: 195000 | PC_out: 3 | Opcode: 101 | Operand: 11010 | Accumulator: 0 | ALU_Result: x | Instr: ba | Data_Mem: 00 | Wr_En: 0 | Mux_Sel: 1 | PC_En: 1 | SKZ: 0 | JMP: 0 | state: 0011 | ld_ac: 0 | alu_enable: 0
Time: 205000 | PC_out: 4 | Opcode: 101 | Operand: 11010 | Accumulator: 0 | ALU_Result: x | Instr: ba | Data_Mem: 00 | Wr_En: 0 | Mux_Sel: 0 | PC_En: 0 | SKZ: 0 | JMP: 0 | state: 0100 | ld_ac: 0 | alu_enable: 0
Time: 215000 | PC_out: 4 | Opcode: 101 | Operand: 11010 | Accumulator: 0 | ALU_Result: x | Instr: ba | Data_Mem: 00 | Wr_En: 0 | Mux_Sel: 0 | PC_En: 0 | SKZ: 0 | JMP: 0 | state: 0101 | ld_ac: 0 | alu_enable: 1
Time: 225000 | PC_out: 4 | Opcode: 101 | Operand: 11010 | Accumulator: 0 | ALU_Result: 0 | Instr: ba | Data_Mem: 00 | Wr_En: 0 | Mux_Sel: 0 | PC_En: 0 | SKZ: 0 | JMP: 0 | state: 0110 | ld_ac: 1 | alu_enable: 1
Time: 235000 | PC_out: 4 | Opcode: 101 | Operand: 11010 | Accumulator: 0 | ALU_Result: 0 | Instr: ba | Data_Mem: 00 | Wr_En: 0 | Mux_Sel: 1 | PC_En: 0 | SKZ: 0 | JMP: 0 | state: 0111 | ld_ac: 1 | alu_enable: 0
Time: 245000 | PC_out: 4 | Opcode: 101 | Operand: 11010 | Accumulator: 0 | ALU_Result: 0 | Instr: ba | Data_Mem: 00 | Wr_En: 0 | Mux_Sel: 1 | PC_En: 0 | SKZ: 0 | JMP: 0 | state: 0000 | ld_ac: 0 | alu_enable: 0
Time: 255000 | PC_out: 4 | Opcode: 101 | Operand: 11010 | Accumulator: 0 | ALU_Result: 0 | Instr: 20 | Data_Mem: 00 | Wr_En: 0 | Mux_Sel: 1 | PC_En: 0 | SKZ: 0 | JMP: 0 | state: 0001 | ld_ac: 0 | alu_enable: 0
Time: 265000 | PC_out: 4 | Opcode: 101 | Operand: 11010 | Accumulator: 0 | ALU_Result: 0 | Instr: 20 | Data_Mem: 00 | Wr_En: 0 | Mux_Sel: 1 | PC_En: 0 | SKZ: 0 | JMP: 0 | state: 0010 | ld_ac: 0 | alu_enable: 0
Time: 275000 | PC_out: 4 | Opcode: 001 | Operand: 00000 | Accumulator: 0 | ALU_Result: 0 | Instr: 20 | Data_Mem: 00 | Wr_En: 0 | Mux_Sel: 1 | PC_En: 1 | SKZ: 0 | JMP: 0 | state: 0011 | ld_ac: 0 | alu_enable: 0
Time: 285000 | PC_out: 5 | Opcode: 001 | Operand: 00000 | Accumulator: 0 | ALU_Result: 0 | Instr: 20 | Data_Mem: 00 | Wr_En: 0 | Mux_Sel: 0 | PC_En: 0 | SKZ: 0 | JMP: 0 | state: 0100 | ld_ac: 0 | alu_enable: 0
Time: 295000 | PC_out: 5 | Opcode: 001 | Operand: 00000 | Accumulator: 0 | ALU_Result: 0 | Instr: 20 | Data_Mem: 00 | Wr_En: 0 | Mux_Sel: 0 | PC_En: 0 | SKZ: 1 | JMP: 0 | state: 0101 | ld_ac: 0 | alu_enable: 0
Time: 305000 | PC_out: 5 | Opcode: 001 | Operand: 00000 | Accumulator: 0 | ALU_Result: 0 | Instr: 20 | Data_Mem: 00 | Wr_En: 0 | Mux_Sel: 0 | PC_En: 0 | SKZ: 1 | JMP: 0 | state: 0110 | ld_ac: 0 | alu_enable: 0
Time: 315000 | PC_out: 5 | Opcode: 001 | Operand: 00000 | Accumulator: 0 | ALU_Result: 0 | Instr: 20 | Data_Mem: 00 | Wr_En: 0 | Mux_Sel: 1 | PC_En: 1 | SKZ: 0 | JMP: 0 | state: 0111 | ld_ac: 0 | alu_enable: 0
Time: 325000 | PC_out: 6 | Opcode: 001 | Operand: 00000 | Accumulator: 0 | ALU_Result: 0 | Instr: 20 | Data_Mem: 00 | Wr_En: 0 | Mux_Sel: 1 | PC_En: 0 | SKZ: 0 | JMP: 0 | state: 0000 | ld_ac: 0 | alu_enable: 0
Time: 335000 | PC_out: 6 | Opcode: 001 | Operand: 00000 | Accumulator: 0 | ALU_Result: 0 | Instr: 00 | Data_Mem: 00 | Wr_En: 0 | Mux_Sel: 1 | PC_En: 0 | SKZ: 0 | JMP: 0 | state: 0001 | ld_ac: 0 | alu_enable: 0
Time: 345000 | PC_out: 6 | Opcode: 001 | Operand: 00000 | Accumulator: 0 | ALU_Result: 0 | Instr: bb | Data_Mem: 00 | Wr_En: 0 | Mux_Sel: 1 | PC_En: 0 | SKZ: 0 | JMP: 0 | state: 0010 | ld_ac: 0 | alu_enable: 0
Time: 355000 | PC_out: 6 | Opcode: 101 | Operand: 11011 | Accumulator: 0 | ALU_Result: 0 | Instr: bb | Data_Mem: 00 | Wr_En: 0 | Mux_Sel: 1 | PC_En: 1 | SKZ: 0 | JMP: 0 | state: 0011 | ld_ac: 0 | alu_enable: 0
Time: 365000 | PC_out: 7 | Opcode: 101 | Operand: 11011 | Accumulator: 0 | ALU_Result: 0 | Instr: bb | Data_Mem: 00 | Wr_En: 0 | Mux_Sel: 0 | PC_En: 0 | SKZ: 0 | JMP: 0 | state: 0100 | ld_ac: 0 | alu_enable: 0
Time: 375000 | PC_out: 7 | Opcode: 101 | Operand: 11011 | Accumulator: 0 | ALU_Result: 0 | Instr: bb | Data_Mem: 00 | Wr_En: 0 | Mux_Sel: 0 | PC_En: 0 | SKZ: 0 | JMP: 0 | state: 0101 | ld_ac: 0 | alu_enable: 1
Time: 385000 | PC_out: 7 | Opcode: 101 | Operand: 11011 | Accumulator: 0 | ALU_Result: 0 | Instr: bb | Data_Mem: ff | Wr_En: 0 | Mux_Sel: 0 | PC_En: 0 | SKZ: 0 | JMP: 0 | state: 0110 | ld_ac: 1 | alu_enable: 1
Time: 395000 | PC_out: 7 | Opcode: 101 | Operand: 11011 | Accumulator: 0 | ALU_Result: 255 | Instr: bb | Data_Mem: ff | Wr_En: 0 | Mux_Sel: 1 | PC_En: 0 | SKZ: 0 | JMP: 0 | state: 0111 | ld_ac: 1 | alu_enable: 0
Time: 405000 | PC_out: 7 | Opcode: 101 | Operand: 11011 | Accumulator: 255 | ALU_Result: 255 | Instr: bb | Data_Mem: ff | Wr_En: 0 | Mux_Sel: 1 | PC_En: 0 | SKZ: 0 | JMP: 0 | state: 0000 | ld_ac: 0 | alu_enable: 0
Time: 415000 | PC_out: 7 | Opcode: 101 | Operand: 11011 | Accumulator: 255 | ALU_Result: 255 | Instr: 20 | Data_Mem: ff | Wr_En: 0 | Mux_Sel: 1 | PC_En: 0 | SKZ: 0 | JMP: 0 | state: 0001 | ld_ac: 0 | alu_enable: 0
Time: 425000 | PC_out: 7 | Opcode: 101 | Operand: 11011 | Accumulator: 255 | ALU_Result: 255 | Instr: 20 | Data_Mem: ff | Wr_En: 0 | Mux_Sel: 1 | PC_En: 0 | SKZ: 0 | JMP: 0 | state: 0010 | ld_ac: 0 | alu_enable: 0
Time: 435000 | PC_out: 7 | Opcode: 001 | Operand: 00000 | Accumulator: 255 | ALU_Result: 255 | Instr: 20 | Data_Mem: ff | Wr_En: 0 | Mux_Sel: 1 | PC_En: 1 | SKZ: 0 | JMP: 0 | state: 0011 | ld_ac: 0 | alu_enable: 0
Time: 445000 | PC_out: 8 | Opcode: 001 | Operand: 00000 | Accumulator: 255 | ALU_Result: 255 | Instr: 20 | Data_Mem: ff | Wr_En: 0 | Mux_Sel: 0 | PC_En: 0 | SKZ: 0 | JMP: 0 | state: 0100 | ld_ac: 0 | alu_enable: 0
Time: 455000 | PC_out: 8 | Opcode: 001 | Operand: 00000 | Accumulator: 255 | ALU_Result: 255 | Instr: 20 | Data_Mem: ff | Wr_En: 0 | Mux_Sel: 0 | PC_En: 0 | SKZ: 1 | JMP: 0 | state: 0101 | ld_ac: 0 | alu_enable: 0
Time: 465000 | PC_out: 8 | Opcode: 001 | Operand: 00000 | Accumulator: 255 | ALU_Result: 255 | Instr: 20 | Data_Mem: 00 | Wr_En: 0 | Mux_Sel: 0 | PC_En: 0 | SKZ: 1 | JMP: 0 | state: 0110 | ld_ac: 0 | alu_enable: 0
Time: 475000 | PC_out: 8 | Opcode: 001 | Operand: 00000 | Accumulator: 255 | ALU_Result: 255 | Instr: 20 | Data_Mem: 00 | Wr_En: 0 | Mux_Sel: 1 | PC_En: 0 | SKZ: 0 | JMP: 0 | state: 0111 | ld_ac: 0 | alu_enable: 0
Time: 485000 | PC_out: 8 | Opcode: 001 | Operand: 00000 | Accumulator: 255 | ALU_Result: 255 | Instr: 20 | Data_Mem: 00 | Wr_En: 0 | Mux_Sel: 1 | PC_En: 0 | SKZ: 0 | JMP: 0 | state: 0000 | ld_ac: 0 | alu_enable: 0
Time: 495000 | PC_out: 8 | Opcode: 001 | Operand: 00000 | Accumulator: 255 | ALU_Result: 255 | Instr: ea | Data_Mem: 00 | Wr_En: 0 | Mux_Sel: 1 | PC_En: 0 | SKZ: 0 | JMP: 0 | state: 0001 | ld_ac: 0 | alu_enable: 0
Time: 505000 | PC_out: 8 | Opcode: 001 | Operand: 00000 | Accumulator: 255 | ALU_Result: 255 | Instr: ea | Data_Mem: 00 | Wr_En: 0 | Mux_Sel: 1 | PC_En: 0 | SKZ: 0 | JMP: 0 | state: 0010 | ld_ac: 0 | alu_enable: 0
Time: 515000 | PC_out: 8 | Opcode: 111 | Operand: 01010 | Accumulator: 255 | ALU_Result: 255 | Instr: ea | Data_Mem: 00 | Wr_En: 0 | Mux_Sel: 1 | PC_En: 1 | SKZ: 0 | JMP: 0 | state: 0011 | ld_ac: 0 | alu_enable: 0
Time: 525000 | PC_out: 9 | Opcode: 111 | Operand: 01010 | Accumulator: 255 | ALU_Result: 255 | Instr: ea | Data_Mem: 00 | Wr_En: 0 | Mux_Sel: 0 | PC_En: 0 | SKZ: 0 | JMP: 0 | state: 0100 | ld_ac: 0 | alu_enable: 0
Time: 535000 | PC_out: 9 | Opcode: 111 | Operand: 01010 | Accumulator: 255 | ALU_Result: 255 | Instr: ea | Data_Mem: 00 | Wr_En: 0 | Mux_Sel: 0 | PC_En: 0 | SKZ: 0 | JMP: 0 | state: 0101 | ld_ac: 0 | alu_enable: 0
Time: 545000 | PC_out: 9 | Opcode: 111 | Operand: 01010 | Accumulator: 255 | ALU_Result: 255 | Instr: ea | Data_Mem: 00 | Wr_En: 0 | Mux_Sel: 0 | PC_En: 0 | SKZ: 0 | JMP: 0 | state: 0110 | ld_ac: 0 | alu_enable: 0
Time: 555000 | PC_out: 9 | Opcode: 111 | Operand: 01010 | Accumulator: 255 | ALU_Result: 255 | Instr: ea | Data_Mem: 00 | Wr_En: 0 | Mux_Sel: 1 | PC_En: 1 | SKZ: 0 | JMP: 1 | state: 0111 | ld_ac: 0 | alu_enable: 0
Time: 565000 | PC_out: 10 | Opcode: 111 | Operand: 01010 | Accumulator: 255 | ALU_Result: 255 | Instr: ea | Data_Mem: 00 | Wr_En: 0 | Mux_Sel: 1 | PC_En: 0 | SKZ: 0 | JMP: 0 | state: 0000 | ld_ac: 0 | alu_enable: 0
Time: 575000 | PC_out: 10 | Opcode: 111 | Operand: 01010 | Accumulator: 255 | ALU_Result: 255 | Instr: 00 | Data_Mem: 00 | Wr_En: 0 | Mux_Sel: 1 | PC_En: 0 | SKZ: 0 | JMP: 0 | state: 0001 | ld_ac: 0 | alu_enable: 0
Time: 585000 | PC_out: 10 | Opcode: 111 | Operand: 01010 | Accumulator: 255 | ALU_Result: 255 | Instr: dc | Data_Mem: 00 | Wr_En: 0 | Mux_Sel: 1 | PC_En: 0 | SKZ: 0 | JMP: 0 | state: 0010 | ld_ac: 0 | alu_enable: 0
Time: 595000 | PC_out: 10 | Opcode: 110 | Operand: 11100 | Accumulator: 255 | ALU_Result: 255 | Instr: dc | Data_Mem: 00 | Wr_En: 0 | Mux_Sel: 1 | PC_En: 1 | SKZ: 0 | JMP: 0 | state: 0011 | ld_ac: 0 | alu_enable: 0
Time: 605000 | PC_out: 11 | Opcode: 110 | Operand: 11100 | Accumulator: 255 | ALU_Result: 255 | Instr: dc | Data_Mem: 00 | Wr_En: 0 | Mux_Sel: 0 | PC_En: 0 | SKZ: 0 | JMP: 0 | state: 0100 | ld_ac: 0 | alu_enable: 0
Time: 615000 | PC_out: 11 | Opcode: 110 | Operand: 11100 | Accumulator: 255 | ALU_Result: 255 | Instr: dc | Data_Mem: 00 | Wr_En: 0 | Mux_Sel: 0 | PC_En: 0 | SKZ: 0 | JMP: 0 | state: 0101 | ld_ac: 0 | alu_enable: 0
Time: 625000 | PC_out: 11 | Opcode: 110 | Operand: 11100 | Accumulator: 255 | ALU_Result: 255 | Instr: dc | Data_Mem: aa | Wr_En: 0 | Mux_Sel: 0 | PC_En: 0 | SKZ: 0 | JMP: 0 | state: 0110 | ld_ac: 0 | alu_enable: 0
Time: 635000 | PC_out: 11 | Opcode: 110 | Operand: 11100 | Accumulator: 255 | ALU_Result: 255 | Instr: dc | Data_Mem: ff | Wr_En: 1 | Mux_Sel: 1 | PC_En: 0 | SKZ: 0 | JMP: 0 | state: 0111 | ld_ac: 0 | alu_enable: 0
Time: 645000 | PC_out: 11 | Opcode: 110 | Operand: 11100 | Accumulator: 255 | ALU_Result: 255 | Instr: dc | Data_Mem: aa | Wr_En: 0 | Mux_Sel: 1 | PC_En: 0 | SKZ: 0 | JMP: 0 | state: 0000 | ld_ac: 0 | alu_enable: 0
Time: 655000 | PC_out: 11 | Opcode: 110 | Operand: 11100 | Accumulator: 255 | ALU_Result: 255 | Instr: ba | Data_Mem: ff | Wr_En: 0 | Mux_Sel: 1 | PC_En: 0 | SKZ: 0 | JMP: 0 | state: 0001 | ld_ac: 0 | alu_enable: 0
Time: 665000 | PC_out: 11 | Opcode: 110 | Operand: 11100 | Accumulator: 255 | ALU_Result: 255 | Instr: ba | Data_Mem: ff | Wr_En: 0 | Mux_Sel: 1 | PC_En: 0 | SKZ: 0 | JMP: 0 | state: 0010 | ld_ac: 0 | alu_enable: 0
Time: 675000 | PC_out: 11 | Opcode: 101 | Operand: 11010 | Accumulator: 255 | ALU_Result: 255 | Instr: ba | Data_Mem: ff | Wr_En: 0 | Mux_Sel: 1 | PC_En: 1 | SKZ: 0 | JMP: 0 | state: 0011 | ld_ac: 0 | alu_enable: 0
Time: 685000 | PC_out: 12 | Opcode: 101 | Operand: 11010 | Accumulator: 255 | ALU_Result: 255 | Instr: ba | Data_Mem: ff | Wr_En: 0 | Mux_Sel: 0 | PC_En: 0 | SKZ: 0 | JMP: 0 | state: 0100 | ld_ac: 0 | alu_enable: 0
Time: 695000 | PC_out: 12 | Opcode: 101 | Operand: 11010 | Accumulator: 255 | ALU_Result: 255 | Instr: ba | Data_Mem: ff | Wr_En: 0 | Mux_Sel: 0 | PC_En: 0 | SKZ: 0 | JMP: 0 | state: 0101 | ld_ac: 0 | alu_enable: 1
Time: 705000 | PC_out: 12 | Opcode: 101 | Operand: 11010 | Accumulator: 255 | ALU_Result: 255 | Instr: ba | Data_Mem: 00 | Wr_En: 0 | Mux_Sel: 0 | PC_En: 0 | SKZ: 0 | JMP: 0 | state: 0110 | ld_ac: 1 | alu_enable: 1
Time: 715000 | PC_out: 12 | Opcode: 101 | Operand: 11010 | Accumulator: 255 | ALU_Result: 0 | Instr: ba | Data_Mem: 00 | Wr_En: 0 | Mux_Sel: 1 | PC_En: 0 | SKZ: 0 | JMP: 0 | state: 0111 | ld_ac: 1 | alu_enable: 0
Time: 725000 | PC_out: 12 | Opcode: 101 | Operand: 11010 | Accumulator: 0 | ALU_Result: 0 | Instr: ba | Data_Mem: 00 | Wr_En: 0 | Mux_Sel: 1 | PC_En: 0 | SKZ: 0 | JMP: 0 | state: 0000 | ld_ac: 0 | alu_enable: 0
Time: 735000 | PC_out: 12 | Opcode: 101 | Operand: 11010 | Accumulator: 0 | ALU_Result: 0 | Instr: dc | Data_Mem: 00 | Wr_En: 0 | Mux_Sel: 1 | PC_En: 0 | SKZ: 0 | JMP: 0 | state: 0001 | ld_ac: 0 | alu_enable: 0
Time: 745000 | PC_out: 12 | Opcode: 101 | Operand: 11010 | Accumulator: 0 | ALU_Result: 0 | Instr: dc | Data_Mem: 00 | Wr_En: 0 | Mux_Sel: 1 | PC_En: 0 | SKZ: 0 | JMP: 0 | state: 0010 | ld_ac: 0 | alu_enable: 0
Time: 755000 | PC_out: 12 | Opcode: 110 | Operand: 11100 | Accumulator: 0 | ALU_Result: 0 | Instr: dc | Data_Mem: 00 | Wr_En: 0 | Mux_Sel: 1 | PC_En: 1 | SKZ: 0 | JMP: 0 | state: 0011 | ld_ac: 0 | alu_enable: 0
Time: 765000 | PC_out: 13 | Opcode: 110 | Operand: 11100 | Accumulator: 0 | ALU_Result: 0 | Instr: dc | Data_Mem: 00 | Wr_En: 0 | Mux_Sel: 0 | PC_En: 0 | SKZ: 0 | JMP: 0 | state: 0100 | ld_ac: 0 | alu_enable: 0
Time: 775000 | PC_out: 13 | Opcode: 110 | Operand: 11100 | Accumulator: 0 | ALU_Result: 0 | Instr: dc | Data_Mem: 00 | Wr_En: 0 | Mux_Sel: 0 | PC_En: 0 | SKZ: 0 | JMP: 0 | state: 0101 | ld_ac: 0 | alu_enable: 0
Time: 785000 | PC_out: 13 | Opcode: 110 | Operand: 11100 | Accumulator: 0 | ALU_Result: 0 | Instr: dc | Data_Mem: ff | Wr_En: 0 | Mux_Sel: 0 | PC_En: 0 | SKZ: 0 | JMP: 0 | state: 0110 | ld_ac: 0 | alu_enable: 0
Time: 795000 | PC_out: 13 | Opcode: 110 | Operand: 11100 | Accumulator: 0 | ALU_Result: 0 | Instr: dc | Data_Mem: 00 | Wr_En: 1 | Mux_Sel: 1 | PC_En: 0 | SKZ: 0 | JMP: 0 | state: 0111 | ld_ac: 0 | alu_enable: 0
Time: 805000 | PC_out: 13 | Opcode: 110 | Operand: 11100 | Accumulator: 0 | ALU_Result: 0 | Instr: dc | Data_Mem: ff | Wr_En: 0 | Mux_Sel: 1 | PC_En: 0 | SKZ: 0 | JMP: 0 | state: 0000 | ld_ac: 0 | alu_enable: 0
Time: 815000 | PC_out: 13 | Opcode: 110 | Operand: 11100 | Accumulator: 0 | ALU_Result: 0 | Instr: bc | Data_Mem: 00 | Wr_En: 0 | Mux_Sel: 1 | PC_En: 0 | SKZ: 0 | JMP: 0 | state: 0001 | ld_ac: 0 | alu_enable: 0
Time: 825000 | PC_out: 13 | Opcode: 110 | Operand: 11100 | Accumulator: 0 | ALU_Result: 0 | Instr: bc | Data_Mem: 00 | Wr_En: 0 | Mux_Sel: 1 | PC_En: 0 | SKZ: 0 | JMP: 0 | state: 0010 | ld_ac: 0 | alu_enable: 0
Time: 835000 | PC_out: 13 | Opcode: 101 | Operand: 11100 | Accumulator: 0 | ALU_Result: 0 | Instr: bc | Data_Mem: 00 | Wr_En: 0 | Mux_Sel: 1 | PC_En: 1 | SKZ: 0 | JMP: 0 | state: 0011 | ld_ac: 0 | alu_enable: 0
Time: 845000 | PC_out: 14 | Opcode: 101 | Operand: 11100 | Accumulator: 0 | ALU_Result: 0 | Instr: bc | Data_Mem: 00 | Wr_En: 0 | Mux_Sel: 0 | PC_En: 0 | SKZ: 0 | JMP: 0 | state: 0100 | ld_ac: 0 | alu_enable: 0
Time: 855000 | PC_out: 14 | Opcode: 101 | Operand: 11100 | Accumulator: 0 | ALU_Result: 0 | Instr: bc | Data_Mem: 00 | Wr_En: 0 | Mux_Sel: 0 | PC_En: 0 | SKZ: 0 | JMP: 0 | state: 0101 | ld_ac: 0 | alu_enable: 1
Time: 865000 | PC_out: 14 | Opcode: 101 | Operand: 11100 | Accumulator: 0 | ALU_Result: 0 | Instr: bc | Data_Mem: 00 | Wr_En: 0 | Mux_Sel: 0 | PC_En: 0 | SKZ: 0 | JMP: 0 | state: 0110 | ld_ac: 1 | alu_enable: 1
Time: 875000 | PC_out: 14 | Opcode: 101 | Operand: 11100 | Accumulator: 0 | ALU_Result: 0 | Instr: bc | Data_Mem: 00 | Wr_En: 0 | Mux_Sel: 1 | PC_En: 0 | SKZ: 0 | JMP: 0 | state: 0111 | ld_ac: 1 | alu_enable: 0
Time: 885000 | PC_out: 14 | Opcode: 101 | Operand: 11100 | Accumulator: 0 | ALU_Result: 0 | Instr: bc | Data_Mem: 00 | Wr_En: 0 | Mux_Sel: 1 | PC_En: 0 | SKZ: 0 | JMP: 0 | state: 0000 | ld_ac: 0 | alu_enable: 0
Time: 895000 | PC_out: 14 | Opcode: 101 | Operand: 11100 | Accumulator: 0 | ALU_Result: 0 | Instr: 20 | Data_Mem: 00 | Wr_En: 0 | Mux_Sel: 1 | PC_En: 0 | SKZ: 0 | JMP: 0 | state: 0001 | ld_ac: 0 | alu_enable: 0
Time: 905000 | PC_out: 14 | Opcode: 101 | Operand: 11100 | Accumulator: 0 | ALU_Result: 0 | Instr: 20 | Data_Mem: 00 | Wr_En: 0 | Mux_Sel: 1 | PC_En: 0 | SKZ: 0 | JMP: 0 | state: 0010 | ld_ac: 0 | alu_enable: 0
Time: 915000 | PC_out: 14 | Opcode: 001 | Operand: 00000 | Accumulator: 0 | ALU_Result: 0 | Instr: 20 | Data_Mem: 00 | Wr_En: 0 | Mux_Sel: 1 | PC_En: 1 | SKZ: 0 | JMP: 0 | state: 0011 | ld_ac: 0 | alu_enable: 0
Time: 925000 | PC_out: 15 | Opcode: 001 | Operand: 00000 | Accumulator: 0 | ALU_Result: 0 | Instr: 20 | Data_Mem: 00 | Wr_En: 0 | Mux_Sel: 0 | PC_En: 0 | SKZ: 0 | JMP: 0 | state: 0100 | ld_ac: 0 | alu_enable: 0
Time: 935000 | PC_out: 15 | Opcode: 001 | Operand: 00000 | Accumulator: 0 | ALU_Result: 0 | Instr: 20 | Data_Mem: 00 | Wr_En: 0 | Mux_Sel: 0 | PC_En: 0 | SKZ: 1 | JMP: 0 | state: 0101 | ld_ac: 0 | alu_enable: 0
Time: 945000 | PC_out: 15 | Opcode: 001 | Operand: 00000 | Accumulator: 0 | ALU_Result: 0 | Instr: 20 | Data_Mem: 00 | Wr_En: 0 | Mux_Sel: 0 | PC_En: 0 | SKZ: 1 | JMP: 0 | state: 0110 | ld_ac: 0 | alu_enable: 0
Time: 955000 | PC_out: 15 | Opcode: 001 | Operand: 00000 | Accumulator: 0 | ALU_Result: 0 | Instr: 20 | Data_Mem: 00 | Wr_En: 0 | Mux_Sel: 1 | PC_En: 1 | SKZ: 0 | JMP: 0 | state: 0111 | ld_ac: 0 | alu_enable: 0
Time: 965000 | PC_out: 16 | Opcode: 001 | Operand: 00000 | Accumulator: 0 | ALU_Result: 0 | Instr: 20 | Data_Mem: 00 | Wr_En: 0 | Mux_Sel: 1 | PC_En: 0 | SKZ: 0 | JMP: 0 | state: 0000 | ld_ac: 0 | alu_enable: 0
Time: 975000 | PC_out: 16 | Opcode: 001 | Operand: 00000 | Accumulator: 0 | ALU_Result: 0 | Instr: 00 | Data_Mem: 00 | Wr_En: 0 | Mux_Sel: 1 | PC_En: 0 | SKZ: 0 | JMP: 0 | state: 0001 | ld_ac: 0 | alu_enable: 0
Time: 985000 | PC_out: 16 | Opcode: 001 | Operand: 00000 | Accumulator: 0 | ALU_Result: 0 | Instr: 9b | Data_Mem: 00 | Wr_En: 0 | Mux_Sel: 1 | PC_En: 0 | SKZ: 0 | JMP: 0 | state: 0010 | ld_ac: 0 | alu_enable: 0
Time: 995000 | PC_out: 16 | Opcode: 100 | Operand: 11011 | Accumulator: 0 | ALU_Result: 0 | Instr: 9b | Data_Mem: 00 | Wr_En: 0 | Mux_Sel: 1 | PC_En: 1 | SKZ: 0 | JMP: 0 | state: 0011 | ld_ac: 0 | alu_enable: 0
INFO: [USF-XSim-96] XSim completed. Design snapshot 'RISC_CPU_tb_behav' loaded.
INFO: [USF-XSim-97] XSim simulation ran for 1000ns
launch_simulation: Time (s): cpu = 00:00:03 ; elapsed = 00:00:05 . Memory (MB): peak = 2721.336 ; gain = 0.000
close_sim
INFO: [Simtcl 6-16] Simulation closed
launch_simulation
Command: launch_simulation 
INFO: [Vivado 12-12493] Simulation top is 'RISC_CPU_tb'
WARNING: [Vivado 12-13340] Unable to auto find GCC executables from simulator install path! (path not set)
INFO: [Vivado 12-5682] Launching behavioral simulation in 'D:/Minh_Hung/L05_Group_2_BTL_TKVM/L05_Group_2_BTL_TKVM.sim/sim_1/behav/xsim'
INFO: [SIM-utils-51] Simulation object is 'sim_1'
INFO: [SIM-utils-72] Using boost library from 'D:/Vivado/2024.1/tps/boost_1_72_0'
INFO: [SIM-utils-54] Inspecting design source files for 'RISC_CPU_tb' in fileset 'sim_1'...
INFO: [SIM-utils-43] Exported 'D:/Minh_Hung/L05_Group_2_BTL_TKVM/L05_Group_2_BTL_TKVM.sim/sim_1/behav/xsim/data_init.mem'
INFO: [SIM-utils-43] Exported 'D:/Minh_Hung/L05_Group_2_BTL_TKVM/L05_Group_2_BTL_TKVM.sim/sim_1/behav/xsim/instruction_file.mem'
INFO: [USF-XSim-97] Finding global include files...
INFO: [USF-XSim-98] Fetching design files from 'sim_1'...
INFO: [USF-XSim-2] XSim::Compile design
INFO: [USF-XSim-61] Executing 'COMPILE and ANALYZE' step in 'D:/Minh_Hung/L05_Group_2_BTL_TKVM/L05_Group_2_BTL_TKVM.sim/sim_1/behav/xsim'
"xvlog --incr --relax -prj RISC_CPU_tb_vlog.prj"
INFO: [VRFC 10-2263] Analyzing Verilog file "D:/Minh_Hung/L05_Group_2_BTL_TKVM/L05_Group_2_BTL_TKVM.srcs/sources_1/new/ALU.v" into library xil_defaultlib
INFO: [VRFC 10-311] analyzing module ALU
INFO: [VRFC 10-2263] Analyzing Verilog file "D:/Minh_Hung/L05_Group_2_BTL_TKVM/L05_Group_2_BTL_TKVM.srcs/sources_1/new/Accumulator.v" into library xil_defaultlib
INFO: [VRFC 10-311] analyzing module Accumulator
INFO: [VRFC 10-2263] Analyzing Verilog file "D:/Minh_Hung/L05_Group_2_BTL_TKVM/L05_Group_2_BTL_TKVM.srcs/sources_1/new/Controller.v" into library xil_defaultlib
INFO: [VRFC 10-311] analyzing module Controller
WARNING: [VRFC 10-9336] redeclaration of ANSI port 'state' is not allowed [D:/Minh_Hung/L05_Group_2_BTL_TKVM/L05_Group_2_BTL_TKVM.srcs/sources_1/new/Controller.v:20]
INFO: [VRFC 10-2263] Analyzing Verilog file "D:/Minh_Hung/L05_Group_2_BTL_TKVM/L05_Group_2_BTL_TKVM.srcs/sources_1/new/DataMemory.v" into library xil_defaultlib
INFO: [VRFC 10-311] analyzing module dataMemory
INFO: [VRFC 10-2263] Analyzing Verilog file "D:/Minh_Hung/L05_Group_2_BTL_TKVM/L05_Group_2_BTL_TKVM.srcs/sources_1/new/Instruction_Memory.v" into library xil_defaultlib
INFO: [VRFC 10-311] analyzing module instructionMemory
INFO: [VRFC 10-2263] Analyzing Verilog file "D:/Minh_Hung/L05_Group_2_BTL_TKVM/L05_Group_2_BTL_TKVM.srcs/sources_1/new/Instruction_register.v" into library xil_defaultlib
INFO: [VRFC 10-311] analyzing module Instruction_Register
INFO: [VRFC 10-2263] Analyzing Verilog file "D:/Minh_Hung/L05_Group_2_BTL_TKVM/L05_Group_2_BTL_TKVM.srcs/sources_1/new/Program_counter.v" into library xil_defaultlib
INFO: [VRFC 10-311] analyzing module Program_counter
INFO: [VRFC 10-2263] Analyzing Verilog file "D:/Minh_Hung/L05_Group_2_BTL_TKVM/L05_Group_2_BTL_TKVM.srcs/sources_1/new/RISC_CPU.v" into library xil_defaultlib
INFO: [VRFC 10-311] analyzing module RISC_CPU
INFO: [VRFC 10-2263] Analyzing Verilog file "D:/Minh_Hung/L05_Group_2_BTL_TKVM/L05_Group_2_BTL_TKVM.srcs/sources_1/new/addr_mux.v" into library xil_defaultlib
INFO: [VRFC 10-311] analyzing module addr_mux
INFO: [VRFC 10-2263] Analyzing Verilog file "D:/Minh_Hung/L05_Group_2_BTL_TKVM/L05_Group_2_BTL_TKVM.srcs/sim_1/new/RISC_CPU_tb.v" into library xil_defaultlib
INFO: [VRFC 10-311] analyzing module RISC_CPU_tb
INFO: [USF-XSim-69] 'compile' step finished in '1' seconds
INFO: [USF-XSim-3] XSim::Elaborate design
INFO: [USF-XSim-61] Executing 'ELABORATE' step in 'D:/Minh_Hung/L05_Group_2_BTL_TKVM/L05_Group_2_BTL_TKVM.sim/sim_1/behav/xsim'
"xelab --incr --debug typical --relax --mt 2 -L xil_defaultlib -L unisims_ver -L unimacro_ver -L secureip --snapshot RISC_CPU_tb_behav xil_defaultlib.RISC_CPU_tb xil_defaultlib.glbl -log elaborate.log"
Vivado Simulator v2024.1
Copyright 1986-2022 Xilinx, Inc. All Rights Reserved.
Copyright 2022-2024 Advanced Micro Devices, Inc. All Rights Reserved.
Running: D:/Vivado/2024.1/bin/unwrapped/win64.o/xelab.exe --incr --debug typical --relax --mt 2 -L xil_defaultlib -L unisims_ver -L unimacro_ver -L secureip --snapshot RISC_CPU_tb_behav xil_defaultlib.RISC_CPU_tb xil_defaultlib.glbl -log elaborate.log 
Using 2 slave threads.
Starting static elaboration
Pass Through NonSizing Optimizer
Completed static elaboration
Starting simulation data flow analysis
WARNING: [XSIM 43-4099] "D:/Minh_Hung/L05_Group_2_BTL_TKVM/L05_Group_2_BTL_TKVM.srcs/sources_1/new/ALU.v" Line 1. Module ALU doesn't have a timescale but at least one module in design has a timescale.
WARNING: [XSIM 43-4099] "D:/Minh_Hung/L05_Group_2_BTL_TKVM/L05_Group_2_BTL_TKVM.srcs/sources_1/new/ALU.v" Line 1. Module ALU doesn't have a timescale but at least one module in design has a timescale.
Completed simulation data flow analysis
Time Resolution for simulation is 1ps
Compiling module xil_defaultlib.Controller
Compiling module xil_defaultlib.Program_counter
Compiling module xil_defaultlib.addr_mux
Compiling module xil_defaultlib.instructionMemory
Compiling module xil_defaultlib.Instruction_Register
Compiling module xil_defaultlib.dataMemory
Compiling module xil_defaultlib.ALU
Compiling module xil_defaultlib.Accumulator
Compiling module xil_defaultlib.RISC_CPU
Compiling module xil_defaultlib.RISC_CPU_tb
Compiling module xil_defaultlib.glbl
Built simulation snapshot RISC_CPU_tb_behav
INFO: [USF-XSim-69] 'elaborate' step finished in '2' seconds
INFO: [USF-XSim-4] XSim::Simulate design
INFO: [USF-XSim-61] Executing 'SIMULATE' step in 'D:/Minh_Hung/L05_Group_2_BTL_TKVM/L05_Group_2_BTL_TKVM.sim/sim_1/behav/xsim'
INFO: [USF-XSim-98] *** Running xsim
   with args "RISC_CPU_tb_behav -key {Behavioral:sim_1:Functional:RISC_CPU_tb} -tclbatch {RISC_CPU_tb.tcl} -log {simulate.log}"
INFO: [USF-XSim-8] Loading simulator feature
Time resolution is 1 ps
source RISC_CPU_tb.tcl
# set curr_wave [current_wave_config]
# if { [string length $curr_wave] == 0 } {
#   if { [llength [get_objects]] > 0} {
#     add_wave /
#     set_property needs_save false [current_wave_config]
#   } else {
#      send_msg_id Add_Wave-1 WARNING "No top level signals found. Simulator will start without a wave window. If you want to open a wave window go to 'File->New Waveform Configuration' or type 'create_wave_config' in the TCL console."
#   }
# }
# run 1000ns
Time: 0 | PC_out: 0 | Opcode: zzz | Operand: zzzzz | Accumulator: 0 | ALU_Result: x | Instr: xx | Data_Mem: xx | Wr_En: 0 | Mux_Sel: 1 | PC_En: 0 | SKZ: 0 | JMP: 0 | state: 0000 | ld_ac: 0 | alu_enable: 0
Time: 15000 | PC_out: 0 | Opcode: zzz | Operand: zzzzz | Accumulator: 0 | ALU_Result: x | Instr: xx | Data_Mem: xx | Wr_En: 0 | Mux_Sel: 1 | PC_En: 0 | SKZ: 0 | JMP: 0 | state: 0001 | ld_ac: 0 | alu_enable: 0
Time: 25000 | PC_out: 0 | Opcode: zzz | Operand: zzzzz | Accumulator: 0 | ALU_Result: x | Instr: fe | Data_Mem: xx | Wr_En: 0 | Mux_Sel: 1 | PC_En: 0 | SKZ: 0 | JMP: 0 | state: 0010 | ld_ac: 0 | alu_enable: 0
Time: 35000 | PC_out: 0 | Opcode: 111 | Operand: 11110 | Accumulator: 0 | ALU_Result: x | Instr: fe | Data_Mem: xx | Wr_En: 0 | Mux_Sel: 1 | PC_En: 0 | SKZ: 0 | JMP: 0 | state: 0011 | ld_ac: 0 | alu_enable: 0
Time: 45000 | PC_out: 0 | Opcode: 111 | Operand: 11110 | Accumulator: 0 | ALU_Result: x | Instr: fe | Data_Mem: xx | Wr_En: 0 | Mux_Sel: 0 | PC_En: 0 | SKZ: 0 | JMP: 0 | state: 0100 | ld_ac: 0 | alu_enable: 0
Time: 55000 | PC_out: 0 | Opcode: 111 | Operand: 11110 | Accumulator: 0 | ALU_Result: x | Instr: fe | Data_Mem: xx | Wr_En: 0 | Mux_Sel: 0 | PC_En: 0 | SKZ: 0 | JMP: 0 | state: 0101 | ld_ac: 0 | alu_enable: 0
Time: 65000 | PC_out: 0 | Opcode: 111 | Operand: 11110 | Accumulator: 0 | ALU_Result: x | Instr: fe | Data_Mem: xx | Wr_En: 0 | Mux_Sel: 0 | PC_En: 0 | SKZ: 0 | JMP: 0 | state: 0110 | ld_ac: 0 | alu_enable: 0
Time: 75000 | PC_out: 0 | Opcode: 111 | Operand: 11110 | Accumulator: 0 | ALU_Result: x | Instr: fe | Data_Mem: xx | Wr_En: 0 | Mux_Sel: 1 | PC_En: 1 | SKZ: 0 | JMP: 1 | state: 0111 | ld_ac: 0 | alu_enable: 0
Time: 85000 | PC_out: 30 | Opcode: 111 | Operand: 11110 | Accumulator: 0 | ALU_Result: x | Instr: fe | Data_Mem: xx | Wr_En: 0 | Mux_Sel: 1 | PC_En: 0 | SKZ: 0 | JMP: 0 | state: 0000 | ld_ac: 0 | alu_enable: 0
Time: 95000 | PC_out: 30 | Opcode: 111 | Operand: 11110 | Accumulator: 0 | ALU_Result: x | Instr: fe | Data_Mem: xx | Wr_En: 0 | Mux_Sel: 1 | PC_En: 0 | SKZ: 0 | JMP: 0 | state: 0001 | ld_ac: 0 | alu_enable: 0
Time: 105000 | PC_out: 30 | Opcode: 111 | Operand: 11110 | Accumulator: 0 | ALU_Result: x | Instr: e3 | Data_Mem: xx | Wr_En: 0 | Mux_Sel: 1 | PC_En: 0 | SKZ: 0 | JMP: 0 | state: 0010 | ld_ac: 0 | alu_enable: 0
Time: 115000 | PC_out: 30 | Opcode: 111 | Operand: 00011 | Accumulator: 0 | ALU_Result: x | Instr: e3 | Data_Mem: xx | Wr_En: 0 | Mux_Sel: 1 | PC_En: 0 | SKZ: 0 | JMP: 0 | state: 0011 | ld_ac: 0 | alu_enable: 0
Time: 125000 | PC_out: 30 | Opcode: 111 | Operand: 00011 | Accumulator: 0 | ALU_Result: x | Instr: e3 | Data_Mem: xx | Wr_En: 0 | Mux_Sel: 0 | PC_En: 0 | SKZ: 0 | JMP: 0 | state: 0100 | ld_ac: 0 | alu_enable: 0
Time: 135000 | PC_out: 30 | Opcode: 111 | Operand: 00011 | Accumulator: 0 | ALU_Result: x | Instr: e3 | Data_Mem: xx | Wr_En: 0 | Mux_Sel: 0 | PC_En: 0 | SKZ: 0 | JMP: 0 | state: 0101 | ld_ac: 0 | alu_enable: 0
Time: 145000 | PC_out: 30 | Opcode: 111 | Operand: 00011 | Accumulator: 0 | ALU_Result: x | Instr: e3 | Data_Mem: 00 | Wr_En: 0 | Mux_Sel: 0 | PC_En: 0 | SKZ: 0 | JMP: 0 | state: 0110 | ld_ac: 0 | alu_enable: 0
Time: 155000 | PC_out: 30 | Opcode: 111 | Operand: 00011 | Accumulator: 0 | ALU_Result: x | Instr: e3 | Data_Mem: 00 | Wr_En: 0 | Mux_Sel: 1 | PC_En: 1 | SKZ: 0 | JMP: 1 | state: 0111 | ld_ac: 0 | alu_enable: 0
Time: 165000 | PC_out: 3 | Opcode: 111 | Operand: 00011 | Accumulator: 0 | ALU_Result: x | Instr: e3 | Data_Mem: 00 | Wr_En: 0 | Mux_Sel: 1 | PC_En: 0 | SKZ: 0 | JMP: 0 | state: 0000 | ld_ac: 0 | alu_enable: 0
Time: 175000 | PC_out: 3 | Opcode: 111 | Operand: 00011 | Accumulator: 0 | ALU_Result: x | Instr: e3 | Data_Mem: 00 | Wr_En: 0 | Mux_Sel: 1 | PC_En: 0 | SKZ: 0 | JMP: 0 | state: 0001 | ld_ac: 0 | alu_enable: 0
Time: 185000 | PC_out: 3 | Opcode: 111 | Operand: 00011 | Accumulator: 0 | ALU_Result: x | Instr: ba | Data_Mem: 00 | Wr_En: 0 | Mux_Sel: 1 | PC_En: 0 | SKZ: 0 | JMP: 0 | state: 0010 | ld_ac: 0 | alu_enable: 0
Time: 195000 | PC_out: 3 | Opcode: 101 | Operand: 11010 | Accumulator: 0 | ALU_Result: x | Instr: ba | Data_Mem: 00 | Wr_En: 0 | Mux_Sel: 1 | PC_En: 0 | SKZ: 0 | JMP: 0 | state: 0011 | ld_ac: 0 | alu_enable: 0
Time: 205000 | PC_out: 3 | Opcode: 101 | Operand: 11010 | Accumulator: 0 | ALU_Result: x | Instr: ba | Data_Mem: 00 | Wr_En: 0 | Mux_Sel: 0 | PC_En: 0 | SKZ: 0 | JMP: 0 | state: 0100 | ld_ac: 0 | alu_enable: 0
Time: 215000 | PC_out: 3 | Opcode: 101 | Operand: 11010 | Accumulator: 0 | ALU_Result: x | Instr: ba | Data_Mem: 00 | Wr_En: 0 | Mux_Sel: 0 | PC_En: 0 | SKZ: 0 | JMP: 0 | state: 0101 | ld_ac: 0 | alu_enable: 1
Time: 225000 | PC_out: 3 | Opcode: 101 | Operand: 11010 | Accumulator: 0 | ALU_Result: 0 | Instr: ba | Data_Mem: 00 | Wr_En: 0 | Mux_Sel: 0 | PC_En: 0 | SKZ: 0 | JMP: 0 | state: 0110 | ld_ac: 1 | alu_enable: 1
Time: 235000 | PC_out: 3 | Opcode: 101 | Operand: 11010 | Accumulator: 0 | ALU_Result: 0 | Instr: ba | Data_Mem: 00 | Wr_En: 0 | Mux_Sel: 1 | PC_En: 0 | SKZ: 0 | JMP: 0 | state: 0111 | ld_ac: 1 | alu_enable: 0
Time: 245000 | PC_out: 3 | Opcode: 101 | Operand: 11010 | Accumulator: 0 | ALU_Result: 0 | Instr: ba | Data_Mem: 00 | Wr_En: 0 | Mux_Sel: 1 | PC_En: 0 | SKZ: 0 | JMP: 0 | state: 0000 | ld_ac: 0 | alu_enable: 0
Time: 255000 | PC_out: 3 | Opcode: 101 | Operand: 11010 | Accumulator: 0 | ALU_Result: 0 | Instr: ba | Data_Mem: 00 | Wr_En: 0 | Mux_Sel: 1 | PC_En: 0 | SKZ: 0 | JMP: 0 | state: 0001 | ld_ac: 0 | alu_enable: 0
Time: 265000 | PC_out: 3 | Opcode: 101 | Operand: 11010 | Accumulator: 0 | ALU_Result: 0 | Instr: ba | Data_Mem: 00 | Wr_En: 0 | Mux_Sel: 1 | PC_En: 0 | SKZ: 0 | JMP: 0 | state: 0010 | ld_ac: 0 | alu_enable: 0
Time: 275000 | PC_out: 3 | Opcode: 101 | Operand: 11010 | Accumulator: 0 | ALU_Result: 0 | Instr: ba | Data_Mem: 00 | Wr_En: 0 | Mux_Sel: 1 | PC_En: 0 | SKZ: 0 | JMP: 0 | state: 0011 | ld_ac: 0 | alu_enable: 0
Time: 285000 | PC_out: 3 | Opcode: 101 | Operand: 11010 | Accumulator: 0 | ALU_Result: 0 | Instr: ba | Data_Mem: 00 | Wr_En: 0 | Mux_Sel: 0 | PC_En: 0 | SKZ: 0 | JMP: 0 | state: 0100 | ld_ac: 0 | alu_enable: 0
Time: 295000 | PC_out: 3 | Opcode: 101 | Operand: 11010 | Accumulator: 0 | ALU_Result: 0 | Instr: ba | Data_Mem: 00 | Wr_En: 0 | Mux_Sel: 0 | PC_En: 0 | SKZ: 0 | JMP: 0 | state: 0101 | ld_ac: 0 | alu_enable: 1
Time: 305000 | PC_out: 3 | Opcode: 101 | Operand: 11010 | Accumulator: 0 | ALU_Result: 0 | Instr: ba | Data_Mem: 00 | Wr_En: 0 | Mux_Sel: 0 | PC_En: 0 | SKZ: 0 | JMP: 0 | state: 0110 | ld_ac: 1 | alu_enable: 1
Time: 315000 | PC_out: 3 | Opcode: 101 | Operand: 11010 | Accumulator: 0 | ALU_Result: 0 | Instr: ba | Data_Mem: 00 | Wr_En: 0 | Mux_Sel: 1 | PC_En: 0 | SKZ: 0 | JMP: 0 | state: 0111 | ld_ac: 1 | alu_enable: 0
Time: 325000 | PC_out: 3 | Opcode: 101 | Operand: 11010 | Accumulator: 0 | ALU_Result: 0 | Instr: ba | Data_Mem: 00 | Wr_En: 0 | Mux_Sel: 1 | PC_En: 0 | SKZ: 0 | JMP: 0 | state: 0000 | ld_ac: 0 | alu_enable: 0
Time: 335000 | PC_out: 3 | Opcode: 101 | Operand: 11010 | Accumulator: 0 | ALU_Result: 0 | Instr: ba | Data_Mem: 00 | Wr_En: 0 | Mux_Sel: 1 | PC_En: 0 | SKZ: 0 | JMP: 0 | state: 0001 | ld_ac: 0 | alu_enable: 0
Time: 345000 | PC_out: 3 | Opcode: 101 | Operand: 11010 | Accumulator: 0 | ALU_Result: 0 | Instr: ba | Data_Mem: 00 | Wr_En: 0 | Mux_Sel: 1 | PC_En: 0 | SKZ: 0 | JMP: 0 | state: 0010 | ld_ac: 0 | alu_enable: 0
Time: 355000 | PC_out: 3 | Opcode: 101 | Operand: 11010 | Accumulator: 0 | ALU_Result: 0 | Instr: ba | Data_Mem: 00 | Wr_En: 0 | Mux_Sel: 1 | PC_En: 0 | SKZ: 0 | JMP: 0 | state: 0011 | ld_ac: 0 | alu_enable: 0
Time: 365000 | PC_out: 3 | Opcode: 101 | Operand: 11010 | Accumulator: 0 | ALU_Result: 0 | Instr: ba | Data_Mem: 00 | Wr_En: 0 | Mux_Sel: 0 | PC_En: 0 | SKZ: 0 | JMP: 0 | state: 0100 | ld_ac: 0 | alu_enable: 0
Time: 375000 | PC_out: 3 | Opcode: 101 | Operand: 11010 | Accumulator: 0 | ALU_Result: 0 | Instr: ba | Data_Mem: 00 | Wr_En: 0 | Mux_Sel: 0 | PC_En: 0 | SKZ: 0 | JMP: 0 | state: 0101 | ld_ac: 0 | alu_enable: 1
Time: 385000 | PC_out: 3 | Opcode: 101 | Operand: 11010 | Accumulator: 0 | ALU_Result: 0 | Instr: ba | Data_Mem: 00 | Wr_En: 0 | Mux_Sel: 0 | PC_En: 0 | SKZ: 0 | JMP: 0 | state: 0110 | ld_ac: 1 | alu_enable: 1
Time: 395000 | PC_out: 3 | Opcode: 101 | Operand: 11010 | Accumulator: 0 | ALU_Result: 0 | Instr: ba | Data_Mem: 00 | Wr_En: 0 | Mux_Sel: 1 | PC_En: 0 | SKZ: 0 | JMP: 0 | state: 0111 | ld_ac: 1 | alu_enable: 0
Time: 405000 | PC_out: 3 | Opcode: 101 | Operand: 11010 | Accumulator: 0 | ALU_Result: 0 | Instr: ba | Data_Mem: 00 | Wr_En: 0 | Mux_Sel: 1 | PC_En: 0 | SKZ: 0 | JMP: 0 | state: 0000 | ld_ac: 0 | alu_enable: 0
Time: 415000 | PC_out: 3 | Opcode: 101 | Operand: 11010 | Accumulator: 0 | ALU_Result: 0 | Instr: ba | Data_Mem: 00 | Wr_En: 0 | Mux_Sel: 1 | PC_En: 0 | SKZ: 0 | JMP: 0 | state: 0001 | ld_ac: 0 | alu_enable: 0
Time: 425000 | PC_out: 3 | Opcode: 101 | Operand: 11010 | Accumulator: 0 | ALU_Result: 0 | Instr: ba | Data_Mem: 00 | Wr_En: 0 | Mux_Sel: 1 | PC_En: 0 | SKZ: 0 | JMP: 0 | state: 0010 | ld_ac: 0 | alu_enable: 0
Time: 435000 | PC_out: 3 | Opcode: 101 | Operand: 11010 | Accumulator: 0 | ALU_Result: 0 | Instr: ba | Data_Mem: 00 | Wr_En: 0 | Mux_Sel: 1 | PC_En: 0 | SKZ: 0 | JMP: 0 | state: 0011 | ld_ac: 0 | alu_enable: 0
Time: 445000 | PC_out: 3 | Opcode: 101 | Operand: 11010 | Accumulator: 0 | ALU_Result: 0 | Instr: ba | Data_Mem: 00 | Wr_En: 0 | Mux_Sel: 0 | PC_En: 0 | SKZ: 0 | JMP: 0 | state: 0100 | ld_ac: 0 | alu_enable: 0
Time: 455000 | PC_out: 3 | Opcode: 101 | Operand: 11010 | Accumulator: 0 | ALU_Result: 0 | Instr: ba | Data_Mem: 00 | Wr_En: 0 | Mux_Sel: 0 | PC_En: 0 | SKZ: 0 | JMP: 0 | state: 0101 | ld_ac: 0 | alu_enable: 1
Time: 465000 | PC_out: 3 | Opcode: 101 | Operand: 11010 | Accumulator: 0 | ALU_Result: 0 | Instr: ba | Data_Mem: 00 | Wr_En: 0 | Mux_Sel: 0 | PC_En: 0 | SKZ: 0 | JMP: 0 | state: 0110 | ld_ac: 1 | alu_enable: 1
Time: 475000 | PC_out: 3 | Opcode: 101 | Operand: 11010 | Accumulator: 0 | ALU_Result: 0 | Instr: ba | Data_Mem: 00 | Wr_En: 0 | Mux_Sel: 1 | PC_En: 0 | SKZ: 0 | JMP: 0 | state: 0111 | ld_ac: 1 | alu_enable: 0
Time: 485000 | PC_out: 3 | Opcode: 101 | Operand: 11010 | Accumulator: 0 | ALU_Result: 0 | Instr: ba | Data_Mem: 00 | Wr_En: 0 | Mux_Sel: 1 | PC_En: 0 | SKZ: 0 | JMP: 0 | state: 0000 | ld_ac: 0 | alu_enable: 0
Time: 495000 | PC_out: 3 | Opcode: 101 | Operand: 11010 | Accumulator: 0 | ALU_Result: 0 | Instr: ba | Data_Mem: 00 | Wr_En: 0 | Mux_Sel: 1 | PC_En: 0 | SKZ: 0 | JMP: 0 | state: 0001 | ld_ac: 0 | alu_enable: 0
Time: 505000 | PC_out: 3 | Opcode: 101 | Operand: 11010 | Accumulator: 0 | ALU_Result: 0 | Instr: ba | Data_Mem: 00 | Wr_En: 0 | Mux_Sel: 1 | PC_En: 0 | SKZ: 0 | JMP: 0 | state: 0010 | ld_ac: 0 | alu_enable: 0
Time: 515000 | PC_out: 3 | Opcode: 101 | Operand: 11010 | Accumulator: 0 | ALU_Result: 0 | Instr: ba | Data_Mem: 00 | Wr_En: 0 | Mux_Sel: 1 | PC_En: 0 | SKZ: 0 | JMP: 0 | state: 0011 | ld_ac: 0 | alu_enable: 0
Time: 525000 | PC_out: 3 | Opcode: 101 | Operand: 11010 | Accumulator: 0 | ALU_Result: 0 | Instr: ba | Data_Mem: 00 | Wr_En: 0 | Mux_Sel: 0 | PC_En: 0 | SKZ: 0 | JMP: 0 | state: 0100 | ld_ac: 0 | alu_enable: 0
Time: 535000 | PC_out: 3 | Opcode: 101 | Operand: 11010 | Accumulator: 0 | ALU_Result: 0 | Instr: ba | Data_Mem: 00 | Wr_En: 0 | Mux_Sel: 0 | PC_En: 0 | SKZ: 0 | JMP: 0 | state: 0101 | ld_ac: 0 | alu_enable: 1
Time: 545000 | PC_out: 3 | Opcode: 101 | Operand: 11010 | Accumulator: 0 | ALU_Result: 0 | Instr: ba | Data_Mem: 00 | Wr_En: 0 | Mux_Sel: 0 | PC_En: 0 | SKZ: 0 | JMP: 0 | state: 0110 | ld_ac: 1 | alu_enable: 1
Time: 555000 | PC_out: 3 | Opcode: 101 | Operand: 11010 | Accumulator: 0 | ALU_Result: 0 | Instr: ba | Data_Mem: 00 | Wr_En: 0 | Mux_Sel: 1 | PC_En: 0 | SKZ: 0 | JMP: 0 | state: 0111 | ld_ac: 1 | alu_enable: 0
Time: 565000 | PC_out: 3 | Opcode: 101 | Operand: 11010 | Accumulator: 0 | ALU_Result: 0 | Instr: ba | Data_Mem: 00 | Wr_En: 0 | Mux_Sel: 1 | PC_En: 0 | SKZ: 0 | JMP: 0 | state: 0000 | ld_ac: 0 | alu_enable: 0
Time: 575000 | PC_out: 3 | Opcode: 101 | Operand: 11010 | Accumulator: 0 | ALU_Result: 0 | Instr: ba | Data_Mem: 00 | Wr_En: 0 | Mux_Sel: 1 | PC_En: 0 | SKZ: 0 | JMP: 0 | state: 0001 | ld_ac: 0 | alu_enable: 0
Time: 585000 | PC_out: 3 | Opcode: 101 | Operand: 11010 | Accumulator: 0 | ALU_Result: 0 | Instr: ba | Data_Mem: 00 | Wr_En: 0 | Mux_Sel: 1 | PC_En: 0 | SKZ: 0 | JMP: 0 | state: 0010 | ld_ac: 0 | alu_enable: 0
Time: 595000 | PC_out: 3 | Opcode: 101 | Operand: 11010 | Accumulator: 0 | ALU_Result: 0 | Instr: ba | Data_Mem: 00 | Wr_En: 0 | Mux_Sel: 1 | PC_En: 0 | SKZ: 0 | JMP: 0 | state: 0011 | ld_ac: 0 | alu_enable: 0
Time: 605000 | PC_out: 3 | Opcode: 101 | Operand: 11010 | Accumulator: 0 | ALU_Result: 0 | Instr: ba | Data_Mem: 00 | Wr_En: 0 | Mux_Sel: 0 | PC_En: 0 | SKZ: 0 | JMP: 0 | state: 0100 | ld_ac: 0 | alu_enable: 0
Time: 615000 | PC_out: 3 | Opcode: 101 | Operand: 11010 | Accumulator: 0 | ALU_Result: 0 | Instr: ba | Data_Mem: 00 | Wr_En: 0 | Mux_Sel: 0 | PC_En: 0 | SKZ: 0 | JMP: 0 | state: 0101 | ld_ac: 0 | alu_enable: 1
Time: 625000 | PC_out: 3 | Opcode: 101 | Operand: 11010 | Accumulator: 0 | ALU_Result: 0 | Instr: ba | Data_Mem: 00 | Wr_En: 0 | Mux_Sel: 0 | PC_En: 0 | SKZ: 0 | JMP: 0 | state: 0110 | ld_ac: 1 | alu_enable: 1
Time: 635000 | PC_out: 3 | Opcode: 101 | Operand: 11010 | Accumulator: 0 | ALU_Result: 0 | Instr: ba | Data_Mem: 00 | Wr_En: 0 | Mux_Sel: 1 | PC_En: 0 | SKZ: 0 | JMP: 0 | state: 0111 | ld_ac: 1 | alu_enable: 0
Time: 645000 | PC_out: 3 | Opcode: 101 | Operand: 11010 | Accumulator: 0 | ALU_Result: 0 | Instr: ba | Data_Mem: 00 | Wr_En: 0 | Mux_Sel: 1 | PC_En: 0 | SKZ: 0 | JMP: 0 | state: 0000 | ld_ac: 0 | alu_enable: 0
Time: 655000 | PC_out: 3 | Opcode: 101 | Operand: 11010 | Accumulator: 0 | ALU_Result: 0 | Instr: ba | Data_Mem: 00 | Wr_En: 0 | Mux_Sel: 1 | PC_En: 0 | SKZ: 0 | JMP: 0 | state: 0001 | ld_ac: 0 | alu_enable: 0
Time: 665000 | PC_out: 3 | Opcode: 101 | Operand: 11010 | Accumulator: 0 | ALU_Result: 0 | Instr: ba | Data_Mem: 00 | Wr_En: 0 | Mux_Sel: 1 | PC_En: 0 | SKZ: 0 | JMP: 0 | state: 0010 | ld_ac: 0 | alu_enable: 0
Time: 675000 | PC_out: 3 | Opcode: 101 | Operand: 11010 | Accumulator: 0 | ALU_Result: 0 | Instr: ba | Data_Mem: 00 | Wr_En: 0 | Mux_Sel: 1 | PC_En: 0 | SKZ: 0 | JMP: 0 | state: 0011 | ld_ac: 0 | alu_enable: 0
Time: 685000 | PC_out: 3 | Opcode: 101 | Operand: 11010 | Accumulator: 0 | ALU_Result: 0 | Instr: ba | Data_Mem: 00 | Wr_En: 0 | Mux_Sel: 0 | PC_En: 0 | SKZ: 0 | JMP: 0 | state: 0100 | ld_ac: 0 | alu_enable: 0
Time: 695000 | PC_out: 3 | Opcode: 101 | Operand: 11010 | Accumulator: 0 | ALU_Result: 0 | Instr: ba | Data_Mem: 00 | Wr_En: 0 | Mux_Sel: 0 | PC_En: 0 | SKZ: 0 | JMP: 0 | state: 0101 | ld_ac: 0 | alu_enable: 1
Time: 705000 | PC_out: 3 | Opcode: 101 | Operand: 11010 | Accumulator: 0 | ALU_Result: 0 | Instr: ba | Data_Mem: 00 | Wr_En: 0 | Mux_Sel: 0 | PC_En: 0 | SKZ: 0 | JMP: 0 | state: 0110 | ld_ac: 1 | alu_enable: 1
Time: 715000 | PC_out: 3 | Opcode: 101 | Operand: 11010 | Accumulator: 0 | ALU_Result: 0 | Instr: ba | Data_Mem: 00 | Wr_En: 0 | Mux_Sel: 1 | PC_En: 0 | SKZ: 0 | JMP: 0 | state: 0111 | ld_ac: 1 | alu_enable: 0
Time: 725000 | PC_out: 3 | Opcode: 101 | Operand: 11010 | Accumulator: 0 | ALU_Result: 0 | Instr: ba | Data_Mem: 00 | Wr_En: 0 | Mux_Sel: 1 | PC_En: 0 | SKZ: 0 | JMP: 0 | state: 0000 | ld_ac: 0 | alu_enable: 0
Time: 735000 | PC_out: 3 | Opcode: 101 | Operand: 11010 | Accumulator: 0 | ALU_Result: 0 | Instr: ba | Data_Mem: 00 | Wr_En: 0 | Mux_Sel: 1 | PC_En: 0 | SKZ: 0 | JMP: 0 | state: 0001 | ld_ac: 0 | alu_enable: 0
Time: 745000 | PC_out: 3 | Opcode: 101 | Operand: 11010 | Accumulator: 0 | ALU_Result: 0 | Instr: ba | Data_Mem: 00 | Wr_En: 0 | Mux_Sel: 1 | PC_En: 0 | SKZ: 0 | JMP: 0 | state: 0010 | ld_ac: 0 | alu_enable: 0
Time: 755000 | PC_out: 3 | Opcode: 101 | Operand: 11010 | Accumulator: 0 | ALU_Result: 0 | Instr: ba | Data_Mem: 00 | Wr_En: 0 | Mux_Sel: 1 | PC_En: 0 | SKZ: 0 | JMP: 0 | state: 0011 | ld_ac: 0 | alu_enable: 0
Time: 765000 | PC_out: 3 | Opcode: 101 | Operand: 11010 | Accumulator: 0 | ALU_Result: 0 | Instr: ba | Data_Mem: 00 | Wr_En: 0 | Mux_Sel: 0 | PC_En: 0 | SKZ: 0 | JMP: 0 | state: 0100 | ld_ac: 0 | alu_enable: 0
Time: 775000 | PC_out: 3 | Opcode: 101 | Operand: 11010 | Accumulator: 0 | ALU_Result: 0 | Instr: ba | Data_Mem: 00 | Wr_En: 0 | Mux_Sel: 0 | PC_En: 0 | SKZ: 0 | JMP: 0 | state: 0101 | ld_ac: 0 | alu_enable: 1
Time: 785000 | PC_out: 3 | Opcode: 101 | Operand: 11010 | Accumulator: 0 | ALU_Result: 0 | Instr: ba | Data_Mem: 00 | Wr_En: 0 | Mux_Sel: 0 | PC_En: 0 | SKZ: 0 | JMP: 0 | state: 0110 | ld_ac: 1 | alu_enable: 1
Time: 795000 | PC_out: 3 | Opcode: 101 | Operand: 11010 | Accumulator: 0 | ALU_Result: 0 | Instr: ba | Data_Mem: 00 | Wr_En: 0 | Mux_Sel: 1 | PC_En: 0 | SKZ: 0 | JMP: 0 | state: 0111 | ld_ac: 1 | alu_enable: 0
Time: 805000 | PC_out: 3 | Opcode: 101 | Operand: 11010 | Accumulator: 0 | ALU_Result: 0 | Instr: ba | Data_Mem: 00 | Wr_En: 0 | Mux_Sel: 1 | PC_En: 0 | SKZ: 0 | JMP: 0 | state: 0000 | ld_ac: 0 | alu_enable: 0
Time: 815000 | PC_out: 3 | Opcode: 101 | Operand: 11010 | Accumulator: 0 | ALU_Result: 0 | Instr: ba | Data_Mem: 00 | Wr_En: 0 | Mux_Sel: 1 | PC_En: 0 | SKZ: 0 | JMP: 0 | state: 0001 | ld_ac: 0 | alu_enable: 0
Time: 825000 | PC_out: 3 | Opcode: 101 | Operand: 11010 | Accumulator: 0 | ALU_Result: 0 | Instr: ba | Data_Mem: 00 | Wr_En: 0 | Mux_Sel: 1 | PC_En: 0 | SKZ: 0 | JMP: 0 | state: 0010 | ld_ac: 0 | alu_enable: 0
Time: 835000 | PC_out: 3 | Opcode: 101 | Operand: 11010 | Accumulator: 0 | ALU_Result: 0 | Instr: ba | Data_Mem: 00 | Wr_En: 0 | Mux_Sel: 1 | PC_En: 0 | SKZ: 0 | JMP: 0 | state: 0011 | ld_ac: 0 | alu_enable: 0
Time: 845000 | PC_out: 3 | Opcode: 101 | Operand: 11010 | Accumulator: 0 | ALU_Result: 0 | Instr: ba | Data_Mem: 00 | Wr_En: 0 | Mux_Sel: 0 | PC_En: 0 | SKZ: 0 | JMP: 0 | state: 0100 | ld_ac: 0 | alu_enable: 0
Time: 855000 | PC_out: 3 | Opcode: 101 | Operand: 11010 | Accumulator: 0 | ALU_Result: 0 | Instr: ba | Data_Mem: 00 | Wr_En: 0 | Mux_Sel: 0 | PC_En: 0 | SKZ: 0 | JMP: 0 | state: 0101 | ld_ac: 0 | alu_enable: 1
Time: 865000 | PC_out: 3 | Opcode: 101 | Operand: 11010 | Accumulator: 0 | ALU_Result: 0 | Instr: ba | Data_Mem: 00 | Wr_En: 0 | Mux_Sel: 0 | PC_En: 0 | SKZ: 0 | JMP: 0 | state: 0110 | ld_ac: 1 | alu_enable: 1
Time: 875000 | PC_out: 3 | Opcode: 101 | Operand: 11010 | Accumulator: 0 | ALU_Result: 0 | Instr: ba | Data_Mem: 00 | Wr_En: 0 | Mux_Sel: 1 | PC_En: 0 | SKZ: 0 | JMP: 0 | state: 0111 | ld_ac: 1 | alu_enable: 0
Time: 885000 | PC_out: 3 | Opcode: 101 | Operand: 11010 | Accumulator: 0 | ALU_Result: 0 | Instr: ba | Data_Mem: 00 | Wr_En: 0 | Mux_Sel: 1 | PC_En: 0 | SKZ: 0 | JMP: 0 | state: 0000 | ld_ac: 0 | alu_enable: 0
Time: 895000 | PC_out: 3 | Opcode: 101 | Operand: 11010 | Accumulator: 0 | ALU_Result: 0 | Instr: ba | Data_Mem: 00 | Wr_En: 0 | Mux_Sel: 1 | PC_En: 0 | SKZ: 0 | JMP: 0 | state: 0001 | ld_ac: 0 | alu_enable: 0
Time: 905000 | PC_out: 3 | Opcode: 101 | Operand: 11010 | Accumulator: 0 | ALU_Result: 0 | Instr: ba | Data_Mem: 00 | Wr_En: 0 | Mux_Sel: 1 | PC_En: 0 | SKZ: 0 | JMP: 0 | state: 0010 | ld_ac: 0 | alu_enable: 0
Time: 915000 | PC_out: 3 | Opcode: 101 | Operand: 11010 | Accumulator: 0 | ALU_Result: 0 | Instr: ba | Data_Mem: 00 | Wr_En: 0 | Mux_Sel: 1 | PC_En: 0 | SKZ: 0 | JMP: 0 | state: 0011 | ld_ac: 0 | alu_enable: 0
Time: 925000 | PC_out: 3 | Opcode: 101 | Operand: 11010 | Accumulator: 0 | ALU_Result: 0 | Instr: ba | Data_Mem: 00 | Wr_En: 0 | Mux_Sel: 0 | PC_En: 0 | SKZ: 0 | JMP: 0 | state: 0100 | ld_ac: 0 | alu_enable: 0
Time: 935000 | PC_out: 3 | Opcode: 101 | Operand: 11010 | Accumulator: 0 | ALU_Result: 0 | Instr: ba | Data_Mem: 00 | Wr_En: 0 | Mux_Sel: 0 | PC_En: 0 | SKZ: 0 | JMP: 0 | state: 0101 | ld_ac: 0 | alu_enable: 1
Time: 945000 | PC_out: 3 | Opcode: 101 | Operand: 11010 | Accumulator: 0 | ALU_Result: 0 | Instr: ba | Data_Mem: 00 | Wr_En: 0 | Mux_Sel: 0 | PC_En: 0 | SKZ: 0 | JMP: 0 | state: 0110 | ld_ac: 1 | alu_enable: 1
Time: 955000 | PC_out: 3 | Opcode: 101 | Operand: 11010 | Accumulator: 0 | ALU_Result: 0 | Instr: ba | Data_Mem: 00 | Wr_En: 0 | Mux_Sel: 1 | PC_En: 0 | SKZ: 0 | JMP: 0 | state: 0111 | ld_ac: 1 | alu_enable: 0
Time: 965000 | PC_out: 3 | Opcode: 101 | Operand: 11010 | Accumulator: 0 | ALU_Result: 0 | Instr: ba | Data_Mem: 00 | Wr_En: 0 | Mux_Sel: 1 | PC_En: 0 | SKZ: 0 | JMP: 0 | state: 0000 | ld_ac: 0 | alu_enable: 0
Time: 975000 | PC_out: 3 | Opcode: 101 | Operand: 11010 | Accumulator: 0 | ALU_Result: 0 | Instr: ba | Data_Mem: 00 | Wr_En: 0 | Mux_Sel: 1 | PC_En: 0 | SKZ: 0 | JMP: 0 | state: 0001 | ld_ac: 0 | alu_enable: 0
Time: 985000 | PC_out: 3 | Opcode: 101 | Operand: 11010 | Accumulator: 0 | ALU_Result: 0 | Instr: ba | Data_Mem: 00 | Wr_En: 0 | Mux_Sel: 1 | PC_En: 0 | SKZ: 0 | JMP: 0 | state: 0010 | ld_ac: 0 | alu_enable: 0
Time: 995000 | PC_out: 3 | Opcode: 101 | Operand: 11010 | Accumulator: 0 | ALU_Result: 0 | Instr: ba | Data_Mem: 00 | Wr_En: 0 | Mux_Sel: 1 | PC_En: 0 | SKZ: 0 | JMP: 0 | state: 0011 | ld_ac: 0 | alu_enable: 0
INFO: [USF-XSim-96] XSim completed. Design snapshot 'RISC_CPU_tb_behav' loaded.
INFO: [USF-XSim-97] XSim simulation ran for 1000ns
launch_simulation: Time (s): cpu = 00:00:02 ; elapsed = 00:00:05 . Memory (MB): peak = 2721.336 ; gain = 0.000
close_sim
INFO: [Simtcl 6-16] Simulation closed
launch_simulation
Command: launch_simulation 
INFO: [Vivado 12-12493] Simulation top is 'RISC_CPU_tb'
WARNING: [Vivado 12-13340] Unable to auto find GCC executables from simulator install path! (path not set)
INFO: [Vivado 12-5682] Launching behavioral simulation in 'D:/Minh_Hung/L05_Group_2_BTL_TKVM/L05_Group_2_BTL_TKVM.sim/sim_1/behav/xsim'
INFO: [SIM-utils-51] Simulation object is 'sim_1'
INFO: [SIM-utils-72] Using boost library from 'D:/Vivado/2024.1/tps/boost_1_72_0'
INFO: [SIM-utils-54] Inspecting design source files for 'RISC_CPU_tb' in fileset 'sim_1'...
INFO: [SIM-utils-43] Exported 'D:/Minh_Hung/L05_Group_2_BTL_TKVM/L05_Group_2_BTL_TKVM.sim/sim_1/behav/xsim/data_init.mem'
INFO: [SIM-utils-43] Exported 'D:/Minh_Hung/L05_Group_2_BTL_TKVM/L05_Group_2_BTL_TKVM.sim/sim_1/behav/xsim/instruction_file.mem'
INFO: [USF-XSim-97] Finding global include files...
INFO: [USF-XSim-98] Fetching design files from 'sim_1'...
INFO: [USF-XSim-2] XSim::Compile design
INFO: [USF-XSim-61] Executing 'COMPILE and ANALYZE' step in 'D:/Minh_Hung/L05_Group_2_BTL_TKVM/L05_Group_2_BTL_TKVM.sim/sim_1/behav/xsim'
"xvlog --incr --relax -prj RISC_CPU_tb_vlog.prj"
INFO: [VRFC 10-2263] Analyzing Verilog file "D:/Minh_Hung/L05_Group_2_BTL_TKVM/L05_Group_2_BTL_TKVM.srcs/sources_1/new/ALU.v" into library xil_defaultlib
INFO: [VRFC 10-311] analyzing module ALU
INFO: [VRFC 10-2263] Analyzing Verilog file "D:/Minh_Hung/L05_Group_2_BTL_TKVM/L05_Group_2_BTL_TKVM.srcs/sources_1/new/Accumulator.v" into library xil_defaultlib
INFO: [VRFC 10-311] analyzing module Accumulator
INFO: [VRFC 10-2263] Analyzing Verilog file "D:/Minh_Hung/L05_Group_2_BTL_TKVM/L05_Group_2_BTL_TKVM.srcs/sources_1/new/Controller.v" into library xil_defaultlib
INFO: [VRFC 10-311] analyzing module Controller
WARNING: [VRFC 10-9336] redeclaration of ANSI port 'state' is not allowed [D:/Minh_Hung/L05_Group_2_BTL_TKVM/L05_Group_2_BTL_TKVM.srcs/sources_1/new/Controller.v:20]
INFO: [VRFC 10-2263] Analyzing Verilog file "D:/Minh_Hung/L05_Group_2_BTL_TKVM/L05_Group_2_BTL_TKVM.srcs/sources_1/new/DataMemory.v" into library xil_defaultlib
INFO: [VRFC 10-311] analyzing module dataMemory
INFO: [VRFC 10-2263] Analyzing Verilog file "D:/Minh_Hung/L05_Group_2_BTL_TKVM/L05_Group_2_BTL_TKVM.srcs/sources_1/new/Instruction_Memory.v" into library xil_defaultlib
INFO: [VRFC 10-311] analyzing module instructionMemory
INFO: [VRFC 10-2263] Analyzing Verilog file "D:/Minh_Hung/L05_Group_2_BTL_TKVM/L05_Group_2_BTL_TKVM.srcs/sources_1/new/Instruction_register.v" into library xil_defaultlib
INFO: [VRFC 10-311] analyzing module Instruction_Register
INFO: [VRFC 10-2263] Analyzing Verilog file "D:/Minh_Hung/L05_Group_2_BTL_TKVM/L05_Group_2_BTL_TKVM.srcs/sources_1/new/Program_counter.v" into library xil_defaultlib
INFO: [VRFC 10-311] analyzing module Program_counter
INFO: [VRFC 10-2263] Analyzing Verilog file "D:/Minh_Hung/L05_Group_2_BTL_TKVM/L05_Group_2_BTL_TKVM.srcs/sources_1/new/RISC_CPU.v" into library xil_defaultlib
INFO: [VRFC 10-311] analyzing module RISC_CPU
INFO: [VRFC 10-2263] Analyzing Verilog file "D:/Minh_Hung/L05_Group_2_BTL_TKVM/L05_Group_2_BTL_TKVM.srcs/sources_1/new/addr_mux.v" into library xil_defaultlib
INFO: [VRFC 10-311] analyzing module addr_mux
INFO: [VRFC 10-2263] Analyzing Verilog file "D:/Minh_Hung/L05_Group_2_BTL_TKVM/L05_Group_2_BTL_TKVM.srcs/sim_1/new/RISC_CPU_tb.v" into library xil_defaultlib
INFO: [VRFC 10-311] analyzing module RISC_CPU_tb
INFO: [USF-XSim-69] 'compile' step finished in '2' seconds
INFO: [USF-XSim-3] XSim::Elaborate design
INFO: [USF-XSim-61] Executing 'ELABORATE' step in 'D:/Minh_Hung/L05_Group_2_BTL_TKVM/L05_Group_2_BTL_TKVM.sim/sim_1/behav/xsim'
"xelab --incr --debug typical --relax --mt 2 -L xil_defaultlib -L unisims_ver -L unimacro_ver -L secureip --snapshot RISC_CPU_tb_behav xil_defaultlib.RISC_CPU_tb xil_defaultlib.glbl -log elaborate.log"
Vivado Simulator v2024.1
Copyright 1986-2022 Xilinx, Inc. All Rights Reserved.
Copyright 2022-2024 Advanced Micro Devices, Inc. All Rights Reserved.
Running: D:/Vivado/2024.1/bin/unwrapped/win64.o/xelab.exe --incr --debug typical --relax --mt 2 -L xil_defaultlib -L unisims_ver -L unimacro_ver -L secureip --snapshot RISC_CPU_tb_behav xil_defaultlib.RISC_CPU_tb xil_defaultlib.glbl -log elaborate.log 
Using 2 slave threads.
Starting static elaboration
Pass Through NonSizing Optimizer
Completed static elaboration
Starting simulation data flow analysis
WARNING: [XSIM 43-4099] "D:/Minh_Hung/L05_Group_2_BTL_TKVM/L05_Group_2_BTL_TKVM.srcs/sources_1/new/ALU.v" Line 1. Module ALU doesn't have a timescale but at least one module in design has a timescale.
WARNING: [XSIM 43-4099] "D:/Minh_Hung/L05_Group_2_BTL_TKVM/L05_Group_2_BTL_TKVM.srcs/sources_1/new/ALU.v" Line 1. Module ALU doesn't have a timescale but at least one module in design has a timescale.
Completed simulation data flow analysis
Time Resolution for simulation is 1ps
Compiling module xil_defaultlib.Controller
Compiling module xil_defaultlib.Program_counter
Compiling module xil_defaultlib.addr_mux
Compiling module xil_defaultlib.instructionMemory
Compiling module xil_defaultlib.Instruction_Register
Compiling module xil_defaultlib.dataMemory
Compiling module xil_defaultlib.ALU
Compiling module xil_defaultlib.Accumulator
Compiling module xil_defaultlib.RISC_CPU
Compiling module xil_defaultlib.RISC_CPU_tb
Compiling module xil_defaultlib.glbl
Built simulation snapshot RISC_CPU_tb_behav
INFO: [USF-XSim-69] 'elaborate' step finished in '1' seconds
INFO: [USF-XSim-4] XSim::Simulate design
INFO: [USF-XSim-61] Executing 'SIMULATE' step in 'D:/Minh_Hung/L05_Group_2_BTL_TKVM/L05_Group_2_BTL_TKVM.sim/sim_1/behav/xsim'
INFO: [USF-XSim-98] *** Running xsim
   with args "RISC_CPU_tb_behav -key {Behavioral:sim_1:Functional:RISC_CPU_tb} -tclbatch {RISC_CPU_tb.tcl} -log {simulate.log}"
INFO: [USF-XSim-8] Loading simulator feature
Time resolution is 1 ps
source RISC_CPU_tb.tcl
# set curr_wave [current_wave_config]
# if { [string length $curr_wave] == 0 } {
#   if { [llength [get_objects]] > 0} {
#     add_wave /
#     set_property needs_save false [current_wave_config]
#   } else {
#      send_msg_id Add_Wave-1 WARNING "No top level signals found. Simulator will start without a wave window. If you want to open a wave window go to 'File->New Waveform Configuration' or type 'create_wave_config' in the TCL console."
#   }
# }
# run 1000ns
Time: 0 | PC_out: 0 | Opcode: zzz | Operand: zzzzz | Accumulator: 0 | ALU_Result: x | Instr: xx | Data_Mem: xx | Wr_En: 0 | Mux_Sel: 1 | PC_En: 0 | SKZ: 0 | JMP: 0 | state: 0000 | ld_ac: 0 | alu_enable: 0
State INST_FETCH: 0000
Time: 15000 | PC_out: 0 | Opcode: zzz | Operand: zzzzz | Accumulator: 0 | ALU_Result: x | Instr: xx | Data_Mem: xx | Wr_En: 0 | Mux_Sel: 1 | PC_En: 0 | SKZ: 0 | JMP: 0 | state: 0001 | ld_ac: 0 | alu_enable: 0
State INST_LOAD: 0001
Time: 25000 | PC_out: 0 | Opcode: zzz | Operand: zzzzz | Accumulator: 0 | ALU_Result: x | Instr: fe | Data_Mem: xx | Wr_En: 0 | Mux_Sel: 1 | PC_En: 0 | SKZ: 0 | JMP: 0 | state: 0010 | ld_ac: 0 | alu_enable: 0
State IDLE: 0010
Time: 35000 | PC_out: 0 | Opcode: 111 | Operand: 11110 | Accumulator: 0 | ALU_Result: x | Instr: fe | Data_Mem: xx | Wr_En: 0 | Mux_Sel: 1 | PC_En: 0 | SKZ: 0 | JMP: 0 | state: 0011 | ld_ac: 0 | alu_enable: 0
State OP_ADDR: 0011
Time: 45000 | PC_out: 0 | Opcode: 111 | Operand: 11110 | Accumulator: 0 | ALU_Result: x | Instr: fe | Data_Mem: xx | Wr_En: 0 | Mux_Sel: 0 | PC_En: 0 | SKZ: 0 | JMP: 0 | state: 0100 | ld_ac: 0 | alu_enable: 0
State OP_FETCH: 0100
Time: 55000 | PC_out: 0 | Opcode: 111 | Operand: 11110 | Accumulator: 0 | ALU_Result: x | Instr: fe | Data_Mem: xx | Wr_En: 0 | Mux_Sel: 0 | PC_En: 0 | SKZ: 0 | JMP: 1 | state: 0101 | ld_ac: 0 | alu_enable: 0
State ALU_OP: 0101
Time: 65000 | PC_out: 0 | Opcode: 111 | Operand: 11110 | Accumulator: 0 | ALU_Result: x | Instr: fe | Data_Mem: xx | Wr_En: 0 | Mux_Sel: 0 | PC_En: 0 | SKZ: 0 | JMP: 1 | state: 0110 | ld_ac: 0 | alu_enable: 0
State STORE: 0110
Time: 75000 | PC_out: 0 | Opcode: 111 | Operand: 11110 | Accumulator: 0 | ALU_Result: x | Instr: fe | Data_Mem: xx | Wr_En: 0 | Mux_Sel: 1 | PC_En: 1 | SKZ: 0 | JMP: 1 | state: 0111 | ld_ac: 0 | alu_enable: 0
State INST_ADDR: 0111
Time: 85000 | PC_out: 30 | Opcode: 111 | Operand: 11110 | Accumulator: 0 | ALU_Result: x | Instr: fe | Data_Mem: xx | Wr_En: 0 | Mux_Sel: 1 | PC_En: 1 | SKZ: 0 | JMP: 0 | state: 0000 | ld_ac: 0 | alu_enable: 0
State INST_FETCH: 0000
Time: 95000 | PC_out: 31 | Opcode: 111 | Operand: 11110 | Accumulator: 0 | ALU_Result: x | Instr: fe | Data_Mem: xx | Wr_En: 0 | Mux_Sel: 1 | PC_En: 0 | SKZ: 0 | JMP: 0 | state: 0001 | ld_ac: 0 | alu_enable: 0
State INST_LOAD: 0001
Time: 105000 | PC_out: 31 | Opcode: 111 | Operand: 11110 | Accumulator: 0 | ALU_Result: x | Instr: e3 | Data_Mem: xx | Wr_En: 0 | Mux_Sel: 1 | PC_En: 0 | SKZ: 0 | JMP: 0 | state: 0010 | ld_ac: 0 | alu_enable: 0
State IDLE: 0010
Time: 115000 | PC_out: 31 | Opcode: 111 | Operand: 00011 | Accumulator: 0 | ALU_Result: x | Instr: 00 | Data_Mem: xx | Wr_En: 0 | Mux_Sel: 1 | PC_En: 0 | SKZ: 0 | JMP: 0 | state: 0011 | ld_ac: 0 | alu_enable: 0
State OP_ADDR: 0011
Time: 125000 | PC_out: 31 | Opcode: 000 | Operand: 00000 | Accumulator: 0 | ALU_Result: x | Instr: 00 | Data_Mem: xx | Wr_En: 0 | Mux_Sel: 0 | PC_En: 0 | SKZ: 0 | JMP: 0 | state: 0100 | ld_ac: 0 | alu_enable: 0
State OP_FETCH: 0100
Time: 135000 | PC_out: 31 | Opcode: 000 | Operand: 00000 | Accumulator: 0 | ALU_Result: x | Instr: 00 | Data_Mem: xx | Wr_En: 0 | Mux_Sel: 0 | PC_En: 0 | SKZ: 0 | JMP: 0 | state: 1000 | ld_ac: 0 | alu_enable: 0
Time: 145000 | PC_out: 31 | Opcode: 000 | Operand: 00000 | Accumulator: 0 | ALU_Result: x | Instr: 00 | Data_Mem: 00 | Wr_En: 0 | Mux_Sel: 0 | PC_En: 0 | SKZ: 0 | JMP: 0 | state: 1000 | ld_ac: 0 | alu_enable: 0
INFO: [USF-XSim-96] XSim completed. Design snapshot 'RISC_CPU_tb_behav' loaded.
INFO: [USF-XSim-97] XSim simulation ran for 1000ns
launch_simulation: Time (s): cpu = 00:00:02 ; elapsed = 00:00:05 . Memory (MB): peak = 2721.336 ; gain = 0.000
close_sim
INFO: [Simtcl 6-16] Simulation closed
launch_simulation
Command: launch_simulation 
INFO: [Vivado 12-12493] Simulation top is 'RISC_CPU_tb'
WARNING: [Vivado 12-13340] Unable to auto find GCC executables from simulator install path! (path not set)
INFO: [Vivado 12-5682] Launching behavioral simulation in 'D:/Minh_Hung/L05_Group_2_BTL_TKVM/L05_Group_2_BTL_TKVM.sim/sim_1/behav/xsim'
INFO: [SIM-utils-51] Simulation object is 'sim_1'
INFO: [SIM-utils-72] Using boost library from 'D:/Vivado/2024.1/tps/boost_1_72_0'
INFO: [SIM-utils-54] Inspecting design source files for 'RISC_CPU_tb' in fileset 'sim_1'...
INFO: [SIM-utils-43] Exported 'D:/Minh_Hung/L05_Group_2_BTL_TKVM/L05_Group_2_BTL_TKVM.sim/sim_1/behav/xsim/data_init.mem'
INFO: [SIM-utils-43] Exported 'D:/Minh_Hung/L05_Group_2_BTL_TKVM/L05_Group_2_BTL_TKVM.sim/sim_1/behav/xsim/instruction_file.mem'
INFO: [USF-XSim-97] Finding global include files...
INFO: [USF-XSim-98] Fetching design files from 'sim_1'...
INFO: [USF-XSim-2] XSim::Compile design
INFO: [USF-XSim-61] Executing 'COMPILE and ANALYZE' step in 'D:/Minh_Hung/L05_Group_2_BTL_TKVM/L05_Group_2_BTL_TKVM.sim/sim_1/behav/xsim'
"xvlog --incr --relax -prj RISC_CPU_tb_vlog.prj"
INFO: [VRFC 10-2263] Analyzing Verilog file "D:/Minh_Hung/L05_Group_2_BTL_TKVM/L05_Group_2_BTL_TKVM.srcs/sources_1/new/ALU.v" into library xil_defaultlib
INFO: [VRFC 10-311] analyzing module ALU
INFO: [VRFC 10-2263] Analyzing Verilog file "D:/Minh_Hung/L05_Group_2_BTL_TKVM/L05_Group_2_BTL_TKVM.srcs/sources_1/new/Accumulator.v" into library xil_defaultlib
INFO: [VRFC 10-311] analyzing module Accumulator
INFO: [VRFC 10-2263] Analyzing Verilog file "D:/Minh_Hung/L05_Group_2_BTL_TKVM/L05_Group_2_BTL_TKVM.srcs/sources_1/new/Controller.v" into library xil_defaultlib
INFO: [VRFC 10-311] analyzing module Controller
WARNING: [VRFC 10-9336] redeclaration of ANSI port 'state' is not allowed [D:/Minh_Hung/L05_Group_2_BTL_TKVM/L05_Group_2_BTL_TKVM.srcs/sources_1/new/Controller.v:20]
WARNING: [VRFC 10-2096] empty statement in sequential block [D:/Minh_Hung/L05_Group_2_BTL_TKVM/L05_Group_2_BTL_TKVM.srcs/sources_1/new/Controller.v:182]
INFO: [VRFC 10-2263] Analyzing Verilog file "D:/Minh_Hung/L05_Group_2_BTL_TKVM/L05_Group_2_BTL_TKVM.srcs/sources_1/new/DataMemory.v" into library xil_defaultlib
INFO: [VRFC 10-311] analyzing module dataMemory
INFO: [VRFC 10-2263] Analyzing Verilog file "D:/Minh_Hung/L05_Group_2_BTL_TKVM/L05_Group_2_BTL_TKVM.srcs/sources_1/new/Instruction_Memory.v" into library xil_defaultlib
INFO: [VRFC 10-311] analyzing module instructionMemory
INFO: [VRFC 10-2263] Analyzing Verilog file "D:/Minh_Hung/L05_Group_2_BTL_TKVM/L05_Group_2_BTL_TKVM.srcs/sources_1/new/Instruction_register.v" into library xil_defaultlib
INFO: [VRFC 10-311] analyzing module Instruction_Register
INFO: [VRFC 10-2263] Analyzing Verilog file "D:/Minh_Hung/L05_Group_2_BTL_TKVM/L05_Group_2_BTL_TKVM.srcs/sources_1/new/Program_counter.v" into library xil_defaultlib
INFO: [VRFC 10-311] analyzing module Program_counter
INFO: [VRFC 10-2263] Analyzing Verilog file "D:/Minh_Hung/L05_Group_2_BTL_TKVM/L05_Group_2_BTL_TKVM.srcs/sources_1/new/RISC_CPU.v" into library xil_defaultlib
INFO: [VRFC 10-311] analyzing module RISC_CPU
INFO: [VRFC 10-2263] Analyzing Verilog file "D:/Minh_Hung/L05_Group_2_BTL_TKVM/L05_Group_2_BTL_TKVM.srcs/sources_1/new/addr_mux.v" into library xil_defaultlib
INFO: [VRFC 10-311] analyzing module addr_mux
INFO: [VRFC 10-2263] Analyzing Verilog file "D:/Minh_Hung/L05_Group_2_BTL_TKVM/L05_Group_2_BTL_TKVM.srcs/sim_1/new/RISC_CPU_tb.v" into library xil_defaultlib
INFO: [VRFC 10-311] analyzing module RISC_CPU_tb
INFO: [USF-XSim-69] 'compile' step finished in '2' seconds
INFO: [USF-XSim-3] XSim::Elaborate design
INFO: [USF-XSim-61] Executing 'ELABORATE' step in 'D:/Minh_Hung/L05_Group_2_BTL_TKVM/L05_Group_2_BTL_TKVM.sim/sim_1/behav/xsim'
"xelab --incr --debug typical --relax --mt 2 -L xil_defaultlib -L unisims_ver -L unimacro_ver -L secureip --snapshot RISC_CPU_tb_behav xil_defaultlib.RISC_CPU_tb xil_defaultlib.glbl -log elaborate.log"
Vivado Simulator v2024.1
Copyright 1986-2022 Xilinx, Inc. All Rights Reserved.
Copyright 2022-2024 Advanced Micro Devices, Inc. All Rights Reserved.
Running: D:/Vivado/2024.1/bin/unwrapped/win64.o/xelab.exe --incr --debug typical --relax --mt 2 -L xil_defaultlib -L unisims_ver -L unimacro_ver -L secureip --snapshot RISC_CPU_tb_behav xil_defaultlib.RISC_CPU_tb xil_defaultlib.glbl -log elaborate.log 
Using 2 slave threads.
Starting static elaboration
Pass Through NonSizing Optimizer
Completed static elaboration
Starting simulation data flow analysis
WARNING: [XSIM 43-4099] "D:/Minh_Hung/L05_Group_2_BTL_TKVM/L05_Group_2_BTL_TKVM.srcs/sources_1/new/ALU.v" Line 1. Module ALU doesn't have a timescale but at least one module in design has a timescale.
WARNING: [XSIM 43-4099] "D:/Minh_Hung/L05_Group_2_BTL_TKVM/L05_Group_2_BTL_TKVM.srcs/sources_1/new/ALU.v" Line 1. Module ALU doesn't have a timescale but at least one module in design has a timescale.
Completed simulation data flow analysis
Time Resolution for simulation is 1ps
Compiling module xil_defaultlib.Controller
Compiling module xil_defaultlib.Program_counter
Compiling module xil_defaultlib.addr_mux
Compiling module xil_defaultlib.instructionMemory
Compiling module xil_defaultlib.Instruction_Register
Compiling module xil_defaultlib.dataMemory
Compiling module xil_defaultlib.ALU
Compiling module xil_defaultlib.Accumulator
Compiling module xil_defaultlib.RISC_CPU
Compiling module xil_defaultlib.RISC_CPU_tb
Compiling module xil_defaultlib.glbl
Built simulation snapshot RISC_CPU_tb_behav
INFO: [USF-XSim-69] 'elaborate' step finished in '2' seconds
INFO: [USF-XSim-4] XSim::Simulate design
INFO: [USF-XSim-61] Executing 'SIMULATE' step in 'D:/Minh_Hung/L05_Group_2_BTL_TKVM/L05_Group_2_BTL_TKVM.sim/sim_1/behav/xsim'
INFO: [USF-XSim-98] *** Running xsim
   with args "RISC_CPU_tb_behav -key {Behavioral:sim_1:Functional:RISC_CPU_tb} -tclbatch {RISC_CPU_tb.tcl} -log {simulate.log}"
INFO: [USF-XSim-8] Loading simulator feature
Time resolution is 1 ps
source RISC_CPU_tb.tcl
# set curr_wave [current_wave_config]
# if { [string length $curr_wave] == 0 } {
#   if { [llength [get_objects]] > 0} {
#     add_wave /
#     set_property needs_save false [current_wave_config]
#   } else {
#      send_msg_id Add_Wave-1 WARNING "No top level signals found. Simulator will start without a wave window. If you want to open a wave window go to 'File->New Waveform Configuration' or type 'create_wave_config' in the TCL console."
#   }
# }
# run 1000ns
Time: 0 | PC_out: 0 | Opcode: zzz | Operand: zzzzz | Accumulator: 0 | ALU_Result: x | Instr: xx | Data_Mem: xx | Wr_En: 0 | Mux_Sel: 1 | PC_En: 0 | SKZ: 0 | JMP: 0 | state: 0000 | ld_ac: 0 | alu_enable: 0
State INST_FETCH: 0000
Time: 15000 | PC_out: 0 | Opcode: zzz | Operand: zzzzz | Accumulator: 0 | ALU_Result: x | Instr: xx | Data_Mem: xx | Wr_En: 0 | Mux_Sel: 1 | PC_En: 0 | SKZ: 0 | JMP: 0 | state: 0001 | ld_ac: 0 | alu_enable: 0
State INST_LOAD: 0001
Time: 25000 | PC_out: 0 | Opcode: zzz | Operand: zzzzz | Accumulator: 0 | ALU_Result: x | Instr: fe | Data_Mem: xx | Wr_En: 0 | Mux_Sel: 1 | PC_En: 0 | SKZ: 0 | JMP: 0 | state: 0010 | ld_ac: 0 | alu_enable: 0
State IDLE: 0010
Time: 35000 | PC_out: 0 | Opcode: 111 | Operand: 11110 | Accumulator: 0 | ALU_Result: x | Instr: fe | Data_Mem: xx | Wr_En: 0 | Mux_Sel: 1 | PC_En: 0 | SKZ: 0 | JMP: 0 | state: 0011 | ld_ac: 0 | alu_enable: 0
State OP_ADDR: 0011
Time: 45000 | PC_out: 0 | Opcode: 111 | Operand: 11110 | Accumulator: 0 | ALU_Result: x | Instr: fe | Data_Mem: xx | Wr_En: 0 | Mux_Sel: 0 | PC_En: 0 | SKZ: 0 | JMP: 0 | state: 0100 | ld_ac: 0 | alu_enable: 0
State OP_FETCH: 0100
Time: 55000 | PC_out: 0 | Opcode: 111 | Operand: 11110 | Accumulator: 0 | ALU_Result: x | Instr: fe | Data_Mem: xx | Wr_En: 0 | Mux_Sel: 0 | PC_En: 0 | SKZ: 0 | JMP: 1 | state: 0101 | ld_ac: 0 | alu_enable: 0
State ALU_OP: 0101
Time: 65000 | PC_out: 0 | Opcode: 111 | Operand: 11110 | Accumulator: 0 | ALU_Result: x | Instr: fe | Data_Mem: xx | Wr_En: 0 | Mux_Sel: 0 | PC_En: 0 | SKZ: 0 | JMP: 1 | state: 0110 | ld_ac: 0 | alu_enable: 0
State STORE: 0110
Time: 75000 | PC_out: 0 | Opcode: 111 | Operand: 11110 | Accumulator: 0 | ALU_Result: x | Instr: fe | Data_Mem: xx | Wr_En: 0 | Mux_Sel: 1 | PC_En: 1 | SKZ: 0 | JMP: 1 | state: 0111 | ld_ac: 0 | alu_enable: 0
State INST_ADDR: 0111
Time: 85000 | PC_out: 30 | Opcode: 111 | Operand: 11110 | Accumulator: 0 | ALU_Result: x | Instr: fe | Data_Mem: xx | Wr_En: 0 | Mux_Sel: 1 | PC_En: 0 | SKZ: 0 | JMP: 0 | state: 0000 | ld_ac: 0 | alu_enable: 0
State INST_FETCH: 0000
Time: 95000 | PC_out: 30 | Opcode: 111 | Operand: 11110 | Accumulator: 0 | ALU_Result: x | Instr: fe | Data_Mem: xx | Wr_En: 0 | Mux_Sel: 1 | PC_En: 0 | SKZ: 0 | JMP: 0 | state: 0001 | ld_ac: 0 | alu_enable: 0
State INST_LOAD: 0001
Time: 105000 | PC_out: 30 | Opcode: 111 | Operand: 11110 | Accumulator: 0 | ALU_Result: x | Instr: e3 | Data_Mem: xx | Wr_En: 0 | Mux_Sel: 1 | PC_En: 0 | SKZ: 0 | JMP: 0 | state: 0010 | ld_ac: 0 | alu_enable: 0
State IDLE: 0010
Time: 115000 | PC_out: 30 | Opcode: 111 | Operand: 00011 | Accumulator: 0 | ALU_Result: x | Instr: e3 | Data_Mem: xx | Wr_En: 0 | Mux_Sel: 1 | PC_En: 0 | SKZ: 0 | JMP: 0 | state: 0011 | ld_ac: 0 | alu_enable: 0
State OP_ADDR: 0011
Time: 125000 | PC_out: 30 | Opcode: 111 | Operand: 00011 | Accumulator: 0 | ALU_Result: x | Instr: e3 | Data_Mem: xx | Wr_En: 0 | Mux_Sel: 0 | PC_En: 0 | SKZ: 0 | JMP: 0 | state: 0100 | ld_ac: 0 | alu_enable: 0
State OP_FETCH: 0100
Time: 135000 | PC_out: 30 | Opcode: 111 | Operand: 00011 | Accumulator: 0 | ALU_Result: x | Instr: e3 | Data_Mem: xx | Wr_En: 0 | Mux_Sel: 0 | PC_En: 0 | SKZ: 0 | JMP: 1 | state: 0101 | ld_ac: 0 | alu_enable: 0
State ALU_OP: 0101
Time: 145000 | PC_out: 30 | Opcode: 111 | Operand: 00011 | Accumulator: 0 | ALU_Result: x | Instr: e3 | Data_Mem: 00 | Wr_En: 0 | Mux_Sel: 0 | PC_En: 0 | SKZ: 0 | JMP: 1 | state: 0110 | ld_ac: 0 | alu_enable: 0
State STORE: 0110
Time: 155000 | PC_out: 30 | Opcode: 111 | Operand: 00011 | Accumulator: 0 | ALU_Result: x | Instr: e3 | Data_Mem: 00 | Wr_En: 0 | Mux_Sel: 1 | PC_En: 1 | SKZ: 0 | JMP: 1 | state: 0111 | ld_ac: 0 | alu_enable: 0
State INST_ADDR: 0111
Time: 165000 | PC_out: 3 | Opcode: 111 | Operand: 00011 | Accumulator: 0 | ALU_Result: x | Instr: e3 | Data_Mem: 00 | Wr_En: 0 | Mux_Sel: 1 | PC_En: 0 | SKZ: 0 | JMP: 0 | state: 0000 | ld_ac: 0 | alu_enable: 0
State INST_FETCH: 0000
Time: 175000 | PC_out: 3 | Opcode: 111 | Operand: 00011 | Accumulator: 0 | ALU_Result: x | Instr: e3 | Data_Mem: 00 | Wr_En: 0 | Mux_Sel: 1 | PC_En: 0 | SKZ: 0 | JMP: 0 | state: 0001 | ld_ac: 0 | alu_enable: 0
State INST_LOAD: 0001
Time: 185000 | PC_out: 3 | Opcode: 111 | Operand: 00011 | Accumulator: 0 | ALU_Result: x | Instr: ba | Data_Mem: 00 | Wr_En: 0 | Mux_Sel: 1 | PC_En: 0 | SKZ: 0 | JMP: 0 | state: 0010 | ld_ac: 0 | alu_enable: 0
State IDLE: 0010
Time: 195000 | PC_out: 3 | Opcode: 101 | Operand: 11010 | Accumulator: 0 | ALU_Result: x | Instr: ba | Data_Mem: 00 | Wr_En: 0 | Mux_Sel: 1 | PC_En: 0 | SKZ: 0 | JMP: 0 | state: 0011 | ld_ac: 0 | alu_enable: 0
State OP_ADDR: 0011
Time: 205000 | PC_out: 3 | Opcode: 101 | Operand: 11010 | Accumulator: 0 | ALU_Result: x | Instr: ba | Data_Mem: 00 | Wr_En: 0 | Mux_Sel: 0 | PC_En: 0 | SKZ: 0 | JMP: 0 | state: 0100 | ld_ac: 0 | alu_enable: 0
State OP_FETCH: 0100
Time: 215000 | PC_out: 3 | Opcode: 101 | Operand: 11010 | Accumulator: 0 | ALU_Result: x | Instr: ba | Data_Mem: 00 | Wr_En: 0 | Mux_Sel: 0 | PC_En: 0 | SKZ: 0 | JMP: 0 | state: 0101 | ld_ac: 0 | alu_enable: 1
State ALU_OP: 0101
Time: 225000 | PC_out: 3 | Opcode: 101 | Operand: 11010 | Accumulator: 0 | ALU_Result: 0 | Instr: ba | Data_Mem: 00 | Wr_En: 0 | Mux_Sel: 0 | PC_En: 0 | SKZ: 0 | JMP: 0 | state: 0110 | ld_ac: 1 | alu_enable: 1
State STORE: 0110
Time: 235000 | PC_out: 3 | Opcode: 101 | Operand: 11010 | Accumulator: 0 | ALU_Result: 0 | Instr: ba | Data_Mem: 00 | Wr_En: 0 | Mux_Sel: 1 | PC_En: 0 | SKZ: 0 | JMP: 0 | state: 0111 | ld_ac: 1 | alu_enable: 0
State INST_ADDR: 0111
Time: 245000 | PC_out: 3 | Opcode: 101 | Operand: 11010 | Accumulator: 0 | ALU_Result: 0 | Instr: ba | Data_Mem: 00 | Wr_En: 0 | Mux_Sel: 1 | PC_En: 1 | SKZ: 0 | JMP: 0 | state: 0000 | ld_ac: 0 | alu_enable: 0
State INST_FETCH: 0000
Time: 255000 | PC_out: 4 | Opcode: 101 | Operand: 11010 | Accumulator: 0 | ALU_Result: 0 | Instr: ba | Data_Mem: 00 | Wr_En: 0 | Mux_Sel: 1 | PC_En: 0 | SKZ: 0 | JMP: 0 | state: 0001 | ld_ac: 0 | alu_enable: 0
State INST_LOAD: 0001
Time: 265000 | PC_out: 4 | Opcode: 101 | Operand: 11010 | Accumulator: 0 | ALU_Result: 0 | Instr: ba | Data_Mem: 00 | Wr_En: 0 | Mux_Sel: 1 | PC_En: 0 | SKZ: 0 | JMP: 0 | state: 0010 | ld_ac: 0 | alu_enable: 0
State IDLE: 0010
Time: 275000 | PC_out: 4 | Opcode: 101 | Operand: 11010 | Accumulator: 0 | ALU_Result: 0 | Instr: 20 | Data_Mem: 00 | Wr_En: 0 | Mux_Sel: 1 | PC_En: 0 | SKZ: 0 | JMP: 0 | state: 0011 | ld_ac: 0 | alu_enable: 0
State OP_ADDR: 0011
Time: 285000 | PC_out: 4 | Opcode: 001 | Operand: 00000 | Accumulator: 0 | ALU_Result: 0 | Instr: 20 | Data_Mem: 00 | Wr_En: 0 | Mux_Sel: 0 | PC_En: 0 | SKZ: 0 | JMP: 0 | state: 0100 | ld_ac: 0 | alu_enable: 0
State OP_FETCH: 0100
Time: 295000 | PC_out: 4 | Opcode: 001 | Operand: 00000 | Accumulator: 0 | ALU_Result: 0 | Instr: 20 | Data_Mem: 00 | Wr_En: 0 | Mux_Sel: 0 | PC_En: 0 | SKZ: 1 | JMP: 0 | state: 0101 | ld_ac: 0 | alu_enable: 0
State ALU_OP: 0101
Time: 305000 | PC_out: 4 | Opcode: 001 | Operand: 00000 | Accumulator: 0 | ALU_Result: 0 | Instr: 20 | Data_Mem: 00 | Wr_En: 0 | Mux_Sel: 0 | PC_En: 0 | SKZ: 1 | JMP: 0 | state: 0110 | ld_ac: 0 | alu_enable: 0
State STORE: 0110
Time: 315000 | PC_out: 4 | Opcode: 001 | Operand: 00000 | Accumulator: 0 | ALU_Result: 0 | Instr: 20 | Data_Mem: 00 | Wr_En: 0 | Mux_Sel: 1 | PC_En: 1 | SKZ: 0 | JMP: 0 | state: 0111 | ld_ac: 0 | alu_enable: 0
State INST_ADDR: 0111
Time: 325000 | PC_out: 5 | Opcode: 001 | Operand: 00000 | Accumulator: 0 | ALU_Result: 0 | Instr: 20 | Data_Mem: 00 | Wr_En: 0 | Mux_Sel: 1 | PC_En: 0 | SKZ: 0 | JMP: 0 | state: 0000 | ld_ac: 0 | alu_enable: 0
State INST_FETCH: 0000
Time: 335000 | PC_out: 5 | Opcode: 001 | Operand: 00000 | Accumulator: 0 | ALU_Result: 0 | Instr: 20 | Data_Mem: 00 | Wr_En: 0 | Mux_Sel: 1 | PC_En: 0 | SKZ: 0 | JMP: 0 | state: 0001 | ld_ac: 0 | alu_enable: 0
State INST_LOAD: 0001
Time: 345000 | PC_out: 5 | Opcode: 001 | Operand: 00000 | Accumulator: 0 | ALU_Result: 0 | Instr: 00 | Data_Mem: 00 | Wr_En: 0 | Mux_Sel: 1 | PC_En: 0 | SKZ: 0 | JMP: 0 | state: 0010 | ld_ac: 0 | alu_enable: 0
State IDLE: 0010
Time: 355000 | PC_out: 5 | Opcode: 000 | Operand: 00000 | Accumulator: 0 | ALU_Result: 0 | Instr: 00 | Data_Mem: 00 | Wr_En: 0 | Mux_Sel: 1 | PC_En: 0 | SKZ: 0 | JMP: 0 | state: 0011 | ld_ac: 0 | alu_enable: 0
State OP_ADDR: 0011
Time: 365000 | PC_out: 5 | Opcode: 000 | Operand: 00000 | Accumulator: 0 | ALU_Result: 0 | Instr: 00 | Data_Mem: 00 | Wr_En: 0 | Mux_Sel: 0 | PC_En: 0 | SKZ: 0 | JMP: 0 | state: 0100 | ld_ac: 0 | alu_enable: 0
State OP_FETCH: 0100
Time: 375000 | PC_out: 5 | Opcode: 000 | Operand: 00000 | Accumulator: 0 | ALU_Result: 0 | Instr: 00 | Data_Mem: 00 | Wr_En: 0 | Mux_Sel: 0 | PC_En: 0 | SKZ: 0 | JMP: 0 | state: 1000 | ld_ac: 0 | alu_enable: 0
INFO: [USF-XSim-96] XSim completed. Design snapshot 'RISC_CPU_tb_behav' loaded.
INFO: [USF-XSim-97] XSim simulation ran for 1000ns
launch_simulation: Time (s): cpu = 00:00:02 ; elapsed = 00:00:05 . Memory (MB): peak = 2721.336 ; gain = 0.000
close_sim
INFO: [Simtcl 6-16] Simulation closed
launch_simulation
Command: launch_simulation 
INFO: [Vivado 12-12493] Simulation top is 'RISC_CPU_tb'
WARNING: [Vivado 12-13340] Unable to auto find GCC executables from simulator install path! (path not set)
INFO: [Vivado 12-5682] Launching behavioral simulation in 'D:/Minh_Hung/L05_Group_2_BTL_TKVM/L05_Group_2_BTL_TKVM.sim/sim_1/behav/xsim'
INFO: [SIM-utils-51] Simulation object is 'sim_1'
INFO: [SIM-utils-72] Using boost library from 'D:/Vivado/2024.1/tps/boost_1_72_0'
INFO: [SIM-utils-54] Inspecting design source files for 'RISC_CPU_tb' in fileset 'sim_1'...
INFO: [SIM-utils-43] Exported 'D:/Minh_Hung/L05_Group_2_BTL_TKVM/L05_Group_2_BTL_TKVM.sim/sim_1/behav/xsim/data_init.mem'
INFO: [SIM-utils-43] Exported 'D:/Minh_Hung/L05_Group_2_BTL_TKVM/L05_Group_2_BTL_TKVM.sim/sim_1/behav/xsim/instruction_file.mem'
INFO: [USF-XSim-97] Finding global include files...
INFO: [USF-XSim-98] Fetching design files from 'sim_1'...
INFO: [USF-XSim-2] XSim::Compile design
INFO: [USF-XSim-61] Executing 'COMPILE and ANALYZE' step in 'D:/Minh_Hung/L05_Group_2_BTL_TKVM/L05_Group_2_BTL_TKVM.sim/sim_1/behav/xsim'
"xvlog --incr --relax -prj RISC_CPU_tb_vlog.prj"
INFO: [VRFC 10-2263] Analyzing Verilog file "D:/Minh_Hung/L05_Group_2_BTL_TKVM/L05_Group_2_BTL_TKVM.srcs/sources_1/new/ALU.v" into library xil_defaultlib
INFO: [VRFC 10-311] analyzing module ALU
INFO: [VRFC 10-2263] Analyzing Verilog file "D:/Minh_Hung/L05_Group_2_BTL_TKVM/L05_Group_2_BTL_TKVM.srcs/sources_1/new/Accumulator.v" into library xil_defaultlib
INFO: [VRFC 10-311] analyzing module Accumulator
INFO: [VRFC 10-2263] Analyzing Verilog file "D:/Minh_Hung/L05_Group_2_BTL_TKVM/L05_Group_2_BTL_TKVM.srcs/sources_1/new/Controller.v" into library xil_defaultlib
INFO: [VRFC 10-311] analyzing module Controller
WARNING: [VRFC 10-9336] redeclaration of ANSI port 'state' is not allowed [D:/Minh_Hung/L05_Group_2_BTL_TKVM/L05_Group_2_BTL_TKVM.srcs/sources_1/new/Controller.v:20]
INFO: [VRFC 10-2263] Analyzing Verilog file "D:/Minh_Hung/L05_Group_2_BTL_TKVM/L05_Group_2_BTL_TKVM.srcs/sources_1/new/DataMemory.v" into library xil_defaultlib
INFO: [VRFC 10-311] analyzing module dataMemory
INFO: [VRFC 10-2263] Analyzing Verilog file "D:/Minh_Hung/L05_Group_2_BTL_TKVM/L05_Group_2_BTL_TKVM.srcs/sources_1/new/Instruction_Memory.v" into library xil_defaultlib
INFO: [VRFC 10-311] analyzing module instructionMemory
INFO: [VRFC 10-2263] Analyzing Verilog file "D:/Minh_Hung/L05_Group_2_BTL_TKVM/L05_Group_2_BTL_TKVM.srcs/sources_1/new/Instruction_register.v" into library xil_defaultlib
INFO: [VRFC 10-311] analyzing module Instruction_Register
INFO: [VRFC 10-2263] Analyzing Verilog file "D:/Minh_Hung/L05_Group_2_BTL_TKVM/L05_Group_2_BTL_TKVM.srcs/sources_1/new/Program_counter.v" into library xil_defaultlib
INFO: [VRFC 10-311] analyzing module Program_counter
INFO: [VRFC 10-2263] Analyzing Verilog file "D:/Minh_Hung/L05_Group_2_BTL_TKVM/L05_Group_2_BTL_TKVM.srcs/sources_1/new/RISC_CPU.v" into library xil_defaultlib
INFO: [VRFC 10-311] analyzing module RISC_CPU
INFO: [VRFC 10-2263] Analyzing Verilog file "D:/Minh_Hung/L05_Group_2_BTL_TKVM/L05_Group_2_BTL_TKVM.srcs/sources_1/new/addr_mux.v" into library xil_defaultlib
INFO: [VRFC 10-311] analyzing module addr_mux
INFO: [VRFC 10-2263] Analyzing Verilog file "D:/Minh_Hung/L05_Group_2_BTL_TKVM/L05_Group_2_BTL_TKVM.srcs/sim_1/new/RISC_CPU_tb.v" into library xil_defaultlib
INFO: [VRFC 10-311] analyzing module RISC_CPU_tb
INFO: [USF-XSim-69] 'compile' step finished in '1' seconds
INFO: [USF-XSim-3] XSim::Elaborate design
INFO: [USF-XSim-61] Executing 'ELABORATE' step in 'D:/Minh_Hung/L05_Group_2_BTL_TKVM/L05_Group_2_BTL_TKVM.sim/sim_1/behav/xsim'
"xelab --incr --debug typical --relax --mt 2 -L xil_defaultlib -L unisims_ver -L unimacro_ver -L secureip --snapshot RISC_CPU_tb_behav xil_defaultlib.RISC_CPU_tb xil_defaultlib.glbl -log elaborate.log"
Vivado Simulator v2024.1
Copyright 1986-2022 Xilinx, Inc. All Rights Reserved.
Copyright 2022-2024 Advanced Micro Devices, Inc. All Rights Reserved.
Running: D:/Vivado/2024.1/bin/unwrapped/win64.o/xelab.exe --incr --debug typical --relax --mt 2 -L xil_defaultlib -L unisims_ver -L unimacro_ver -L secureip --snapshot RISC_CPU_tb_behav xil_defaultlib.RISC_CPU_tb xil_defaultlib.glbl -log elaborate.log 
Using 2 slave threads.
Starting static elaboration
Pass Through NonSizing Optimizer
Completed static elaboration
Starting simulation data flow analysis
WARNING: [XSIM 43-4099] "D:/Minh_Hung/L05_Group_2_BTL_TKVM/L05_Group_2_BTL_TKVM.srcs/sources_1/new/ALU.v" Line 1. Module ALU doesn't have a timescale but at least one module in design has a timescale.
WARNING: [XSIM 43-4099] "D:/Minh_Hung/L05_Group_2_BTL_TKVM/L05_Group_2_BTL_TKVM.srcs/sources_1/new/ALU.v" Line 1. Module ALU doesn't have a timescale but at least one module in design has a timescale.
Completed simulation data flow analysis
Time Resolution for simulation is 1ps
Compiling module xil_defaultlib.Controller
Compiling module xil_defaultlib.Program_counter
Compiling module xil_defaultlib.addr_mux
Compiling module xil_defaultlib.instructionMemory
Compiling module xil_defaultlib.Instruction_Register
Compiling module xil_defaultlib.dataMemory
Compiling module xil_defaultlib.ALU
Compiling module xil_defaultlib.Accumulator
Compiling module xil_defaultlib.RISC_CPU
Compiling module xil_defaultlib.RISC_CPU_tb
Compiling module xil_defaultlib.glbl
Built simulation snapshot RISC_CPU_tb_behav
INFO: [USF-XSim-69] 'elaborate' step finished in '2' seconds
INFO: [USF-XSim-4] XSim::Simulate design
INFO: [USF-XSim-61] Executing 'SIMULATE' step in 'D:/Minh_Hung/L05_Group_2_BTL_TKVM/L05_Group_2_BTL_TKVM.sim/sim_1/behav/xsim'
INFO: [USF-XSim-98] *** Running xsim
   with args "RISC_CPU_tb_behav -key {Behavioral:sim_1:Functional:RISC_CPU_tb} -tclbatch {RISC_CPU_tb.tcl} -log {simulate.log}"
INFO: [USF-XSim-8] Loading simulator feature
Time resolution is 1 ps
source RISC_CPU_tb.tcl
# set curr_wave [current_wave_config]
# if { [string length $curr_wave] == 0 } {
#   if { [llength [get_objects]] > 0} {
#     add_wave /
#     set_property needs_save false [current_wave_config]
#   } else {
#      send_msg_id Add_Wave-1 WARNING "No top level signals found. Simulator will start without a wave window. If you want to open a wave window go to 'File->New Waveform Configuration' or type 'create_wave_config' in the TCL console."
#   }
# }
# run 1000ns
Time: 0 | PC_out: 0 | Opcode: zzz | Operand: zzzzz | Accumulator: 0 | ALU_Result: x | Instr: xx | Data_Mem: xx | Wr_En: 0 | Mux_Sel: 1 | PC_En: 0 | SKZ: 0 | JMP: 0 | state: 0000 | ld_ac: 0 | alu_enable: 0
State INST_FETCH: 0000
Time: 15000 | PC_out: 0 | Opcode: zzz | Operand: zzzzz | Accumulator: 0 | ALU_Result: x | Instr: xx | Data_Mem: xx | Wr_En: 0 | Mux_Sel: 1 | PC_En: 0 | SKZ: 0 | JMP: 0 | state: 0001 | ld_ac: 0 | alu_enable: 0
State INST_LOAD: 0001
Time: 25000 | PC_out: 0 | Opcode: zzz | Operand: zzzzz | Accumulator: 0 | ALU_Result: x | Instr: fe | Data_Mem: xx | Wr_En: 0 | Mux_Sel: 1 | PC_En: 0 | SKZ: 0 | JMP: 0 | state: 0010 | ld_ac: 0 | alu_enable: 0
State IDLE: 0010
Time: 35000 | PC_out: 0 | Opcode: 111 | Operand: 11110 | Accumulator: 0 | ALU_Result: x | Instr: fe | Data_Mem: xx | Wr_En: 0 | Mux_Sel: 1 | PC_En: 0 | SKZ: 0 | JMP: 0 | state: 0011 | ld_ac: 0 | alu_enable: 0
State OP_ADDR: 0011
Time: 45000 | PC_out: 0 | Opcode: 111 | Operand: 11110 | Accumulator: 0 | ALU_Result: x | Instr: fe | Data_Mem: xx | Wr_En: 0 | Mux_Sel: 0 | PC_En: 0 | SKZ: 0 | JMP: 0 | state: 0100 | ld_ac: 0 | alu_enable: 0
State OP_FETCH: 0100
Time: 55000 | PC_out: 0 | Opcode: 111 | Operand: 11110 | Accumulator: 0 | ALU_Result: x | Instr: fe | Data_Mem: xx | Wr_En: 0 | Mux_Sel: 0 | PC_En: 0 | SKZ: 0 | JMP: 1 | state: 0101 | ld_ac: 0 | alu_enable: 0
State ALU_OP: 0101
Time: 65000 | PC_out: 0 | Opcode: 111 | Operand: 11110 | Accumulator: 0 | ALU_Result: x | Instr: fe | Data_Mem: xx | Wr_En: 0 | Mux_Sel: 0 | PC_En: 0 | SKZ: 0 | JMP: 1 | state: 0110 | ld_ac: 0 | alu_enable: 0
State STORE: 0110
Time: 75000 | PC_out: 0 | Opcode: 111 | Operand: 11110 | Accumulator: 0 | ALU_Result: x | Instr: fe | Data_Mem: xx | Wr_En: 0 | Mux_Sel: 1 | PC_En: 1 | SKZ: 0 | JMP: 1 | state: 0111 | ld_ac: 0 | alu_enable: 0
State INST_ADDR: 0111
Time: 85000 | PC_out: 30 | Opcode: 111 | Operand: 11110 | Accumulator: 0 | ALU_Result: x | Instr: fe | Data_Mem: xx | Wr_En: 0 | Mux_Sel: 1 | PC_En: 0 | SKZ: 0 | JMP: 0 | state: 0000 | ld_ac: 0 | alu_enable: 0
State INST_FETCH: 0000
Time: 95000 | PC_out: 30 | Opcode: 111 | Operand: 11110 | Accumulator: 0 | ALU_Result: x | Instr: fe | Data_Mem: xx | Wr_En: 0 | Mux_Sel: 1 | PC_En: 0 | SKZ: 0 | JMP: 0 | state: 0001 | ld_ac: 0 | alu_enable: 0
State INST_LOAD: 0001
Time: 105000 | PC_out: 30 | Opcode: 111 | Operand: 11110 | Accumulator: 0 | ALU_Result: x | Instr: e3 | Data_Mem: xx | Wr_En: 0 | Mux_Sel: 1 | PC_En: 0 | SKZ: 0 | JMP: 0 | state: 0010 | ld_ac: 0 | alu_enable: 0
State IDLE: 0010
Time: 115000 | PC_out: 30 | Opcode: 111 | Operand: 00011 | Accumulator: 0 | ALU_Result: x | Instr: e3 | Data_Mem: xx | Wr_En: 0 | Mux_Sel: 1 | PC_En: 0 | SKZ: 0 | JMP: 0 | state: 0011 | ld_ac: 0 | alu_enable: 0
State OP_ADDR: 0011
Time: 125000 | PC_out: 30 | Opcode: 111 | Operand: 00011 | Accumulator: 0 | ALU_Result: x | Instr: e3 | Data_Mem: xx | Wr_En: 0 | Mux_Sel: 0 | PC_En: 0 | SKZ: 0 | JMP: 0 | state: 0100 | ld_ac: 0 | alu_enable: 0
State OP_FETCH: 0100
Time: 135000 | PC_out: 30 | Opcode: 111 | Operand: 00011 | Accumulator: 0 | ALU_Result: x | Instr: e3 | Data_Mem: xx | Wr_En: 0 | Mux_Sel: 0 | PC_En: 0 | SKZ: 0 | JMP: 1 | state: 0101 | ld_ac: 0 | alu_enable: 0
State ALU_OP: 0101
Time: 145000 | PC_out: 30 | Opcode: 111 | Operand: 00011 | Accumulator: 0 | ALU_Result: x | Instr: e3 | Data_Mem: 00 | Wr_En: 0 | Mux_Sel: 0 | PC_En: 0 | SKZ: 0 | JMP: 1 | state: 0110 | ld_ac: 0 | alu_enable: 0
State STORE: 0110
Time: 155000 | PC_out: 30 | Opcode: 111 | Operand: 00011 | Accumulator: 0 | ALU_Result: x | Instr: e3 | Data_Mem: 00 | Wr_En: 0 | Mux_Sel: 1 | PC_En: 1 | SKZ: 0 | JMP: 1 | state: 0111 | ld_ac: 0 | alu_enable: 0
State INST_ADDR: 0111
Time: 165000 | PC_out: 3 | Opcode: 111 | Operand: 00011 | Accumulator: 0 | ALU_Result: x | Instr: e3 | Data_Mem: 00 | Wr_En: 0 | Mux_Sel: 1 | PC_En: 0 | SKZ: 0 | JMP: 0 | state: 0000 | ld_ac: 0 | alu_enable: 0
State INST_FETCH: 0000
Time: 175000 | PC_out: 3 | Opcode: 111 | Operand: 00011 | Accumulator: 0 | ALU_Result: x | Instr: e3 | Data_Mem: 00 | Wr_En: 0 | Mux_Sel: 1 | PC_En: 0 | SKZ: 0 | JMP: 0 | state: 0001 | ld_ac: 0 | alu_enable: 0
State INST_LOAD: 0001
Time: 185000 | PC_out: 3 | Opcode: 111 | Operand: 00011 | Accumulator: 0 | ALU_Result: x | Instr: ba | Data_Mem: 00 | Wr_En: 0 | Mux_Sel: 1 | PC_En: 0 | SKZ: 0 | JMP: 0 | state: 0010 | ld_ac: 0 | alu_enable: 0
State IDLE: 0010
Time: 195000 | PC_out: 3 | Opcode: 101 | Operand: 11010 | Accumulator: 0 | ALU_Result: x | Instr: ba | Data_Mem: 00 | Wr_En: 0 | Mux_Sel: 1 | PC_En: 0 | SKZ: 0 | JMP: 0 | state: 0011 | ld_ac: 0 | alu_enable: 0
State OP_ADDR: 0011
Time: 205000 | PC_out: 3 | Opcode: 101 | Operand: 11010 | Accumulator: 0 | ALU_Result: x | Instr: ba | Data_Mem: 00 | Wr_En: 0 | Mux_Sel: 0 | PC_En: 0 | SKZ: 0 | JMP: 0 | state: 0100 | ld_ac: 0 | alu_enable: 0
State OP_FETCH: 0100
Time: 215000 | PC_out: 3 | Opcode: 101 | Operand: 11010 | Accumulator: 0 | ALU_Result: x | Instr: ba | Data_Mem: 00 | Wr_En: 0 | Mux_Sel: 0 | PC_En: 0 | SKZ: 0 | JMP: 0 | state: 0101 | ld_ac: 0 | alu_enable: 1
State ALU_OP: 0101
Time: 225000 | PC_out: 3 | Opcode: 101 | Operand: 11010 | Accumulator: 0 | ALU_Result: 0 | Instr: ba | Data_Mem: 00 | Wr_En: 0 | Mux_Sel: 0 | PC_En: 0 | SKZ: 0 | JMP: 0 | state: 0110 | ld_ac: 1 | alu_enable: 1
State STORE: 0110
Time: 235000 | PC_out: 3 | Opcode: 101 | Operand: 11010 | Accumulator: 0 | ALU_Result: 0 | Instr: ba | Data_Mem: 00 | Wr_En: 0 | Mux_Sel: 1 | PC_En: 0 | SKZ: 0 | JMP: 0 | state: 0111 | ld_ac: 1 | alu_enable: 0
State INST_ADDR: 0111
Time: 245000 | PC_out: 3 | Opcode: 101 | Operand: 11010 | Accumulator: 0 | ALU_Result: 0 | Instr: ba | Data_Mem: 00 | Wr_En: 0 | Mux_Sel: 1 | PC_En: 1 | SKZ: 0 | JMP: 0 | state: 0000 | ld_ac: 0 | alu_enable: 0
State INST_FETCH: 0000
Time: 255000 | PC_out: 4 | Opcode: 101 | Operand: 11010 | Accumulator: 0 | ALU_Result: 0 | Instr: ba | Data_Mem: 00 | Wr_En: 0 | Mux_Sel: 1 | PC_En: 0 | SKZ: 0 | JMP: 0 | state: 0001 | ld_ac: 0 | alu_enable: 0
State INST_LOAD: 0001
Time: 265000 | PC_out: 4 | Opcode: 101 | Operand: 11010 | Accumulator: 0 | ALU_Result: 0 | Instr: ba | Data_Mem: 00 | Wr_En: 0 | Mux_Sel: 1 | PC_En: 0 | SKZ: 0 | JMP: 0 | state: 0010 | ld_ac: 0 | alu_enable: 0
State IDLE: 0010
Time: 275000 | PC_out: 4 | Opcode: 101 | Operand: 11010 | Accumulator: 0 | ALU_Result: 0 | Instr: 20 | Data_Mem: 00 | Wr_En: 0 | Mux_Sel: 1 | PC_En: 0 | SKZ: 0 | JMP: 0 | state: 0011 | ld_ac: 0 | alu_enable: 0
State OP_ADDR: 0011
Time: 285000 | PC_out: 4 | Opcode: 001 | Operand: 00000 | Accumulator: 0 | ALU_Result: 0 | Instr: 20 | Data_Mem: 00 | Wr_En: 0 | Mux_Sel: 0 | PC_En: 0 | SKZ: 0 | JMP: 0 | state: 0100 | ld_ac: 0 | alu_enable: 0
State OP_FETCH: 0100
Time: 295000 | PC_out: 4 | Opcode: 001 | Operand: 00000 | Accumulator: 0 | ALU_Result: 0 | Instr: 20 | Data_Mem: 00 | Wr_En: 0 | Mux_Sel: 0 | PC_En: 0 | SKZ: 1 | JMP: 0 | state: 0101 | ld_ac: 0 | alu_enable: 0
State ALU_OP: 0101
Time: 305000 | PC_out: 4 | Opcode: 001 | Operand: 00000 | Accumulator: 0 | ALU_Result: 0 | Instr: 20 | Data_Mem: 00 | Wr_En: 0 | Mux_Sel: 0 | PC_En: 0 | SKZ: 1 | JMP: 0 | state: 0110 | ld_ac: 0 | alu_enable: 0
State STORE: 0110
Time: 315000 | PC_out: 4 | Opcode: 001 | Operand: 00000 | Accumulator: 0 | ALU_Result: 0 | Instr: 20 | Data_Mem: 00 | Wr_En: 0 | Mux_Sel: 1 | PC_En: 1 | SKZ: 0 | JMP: 0 | state: 0111 | ld_ac: 0 | alu_enable: 0
State INST_ADDR: 0111
Time: 325000 | PC_out: 5 | Opcode: 001 | Operand: 00000 | Accumulator: 0 | ALU_Result: 0 | Instr: 20 | Data_Mem: 00 | Wr_En: 0 | Mux_Sel: 1 | PC_En: 0 | SKZ: 0 | JMP: 0 | state: 0000 | ld_ac: 0 | alu_enable: 0
State INST_FETCH: 0000
Time: 335000 | PC_out: 5 | Opcode: 001 | Operand: 00000 | Accumulator: 0 | ALU_Result: 0 | Instr: 20 | Data_Mem: 00 | Wr_En: 0 | Mux_Sel: 1 | PC_En: 0 | SKZ: 0 | JMP: 0 | state: 0001 | ld_ac: 0 | alu_enable: 0
State INST_LOAD: 0001
Time: 345000 | PC_out: 5 | Opcode: 001 | Operand: 00000 | Accumulator: 0 | ALU_Result: 0 | Instr: 00 | Data_Mem: 00 | Wr_En: 0 | Mux_Sel: 1 | PC_En: 0 | SKZ: 0 | JMP: 0 | state: 0010 | ld_ac: 0 | alu_enable: 0
State IDLE: 0010
Time: 355000 | PC_out: 5 | Opcode: 000 | Operand: 00000 | Accumulator: 0 | ALU_Result: 0 | Instr: 00 | Data_Mem: 00 | Wr_En: 0 | Mux_Sel: 1 | PC_En: 0 | SKZ: 0 | JMP: 0 | state: 0011 | ld_ac: 0 | alu_enable: 0
State OP_ADDR: 0011
Time: 365000 | PC_out: 5 | Opcode: 000 | Operand: 00000 | Accumulator: 0 | ALU_Result: 0 | Instr: 00 | Data_Mem: 00 | Wr_En: 0 | Mux_Sel: 0 | PC_En: 0 | SKZ: 0 | JMP: 0 | state: 0100 | ld_ac: 0 | alu_enable: 0
State OP_FETCH: 0100
Time: 375000 | PC_out: 5 | Opcode: 000 | Operand: 00000 | Accumulator: 0 | ALU_Result: 0 | Instr: 00 | Data_Mem: 00 | Wr_En: 0 | Mux_Sel: 0 | PC_En: 0 | SKZ: 0 | JMP: 0 | state: 1000 | ld_ac: 0 | alu_enable: 0
INFO: [USF-XSim-96] XSim completed. Design snapshot 'RISC_CPU_tb_behav' loaded.
INFO: [USF-XSim-97] XSim simulation ran for 1000ns
launch_simulation: Time (s): cpu = 00:00:02 ; elapsed = 00:00:05 . Memory (MB): peak = 2721.336 ; gain = 0.000
close_sim
INFO: [Simtcl 6-16] Simulation closed
launch_simulation
Command: launch_simulation 
INFO: [Vivado 12-12493] Simulation top is 'RISC_CPU_tb'
WARNING: [Vivado 12-13340] Unable to auto find GCC executables from simulator install path! (path not set)
INFO: [Vivado 12-5682] Launching behavioral simulation in 'D:/Minh_Hung/L05_Group_2_BTL_TKVM/L05_Group_2_BTL_TKVM.sim/sim_1/behav/xsim'
INFO: [SIM-utils-51] Simulation object is 'sim_1'
INFO: [SIM-utils-72] Using boost library from 'D:/Vivado/2024.1/tps/boost_1_72_0'
INFO: [SIM-utils-54] Inspecting design source files for 'RISC_CPU_tb' in fileset 'sim_1'...
INFO: [SIM-utils-43] Exported 'D:/Minh_Hung/L05_Group_2_BTL_TKVM/L05_Group_2_BTL_TKVM.sim/sim_1/behav/xsim/data_init.mem'
INFO: [SIM-utils-43] Exported 'D:/Minh_Hung/L05_Group_2_BTL_TKVM/L05_Group_2_BTL_TKVM.sim/sim_1/behav/xsim/instruction_file.mem'
INFO: [USF-XSim-97] Finding global include files...
INFO: [USF-XSim-98] Fetching design files from 'sim_1'...
INFO: [USF-XSim-2] XSim::Compile design
INFO: [USF-XSim-61] Executing 'COMPILE and ANALYZE' step in 'D:/Minh_Hung/L05_Group_2_BTL_TKVM/L05_Group_2_BTL_TKVM.sim/sim_1/behav/xsim'
"xvlog --incr --relax -prj RISC_CPU_tb_vlog.prj"
INFO: [VRFC 10-2263] Analyzing Verilog file "D:/Minh_Hung/L05_Group_2_BTL_TKVM/L05_Group_2_BTL_TKVM.srcs/sources_1/new/ALU.v" into library xil_defaultlib
INFO: [VRFC 10-311] analyzing module ALU
INFO: [VRFC 10-2263] Analyzing Verilog file "D:/Minh_Hung/L05_Group_2_BTL_TKVM/L05_Group_2_BTL_TKVM.srcs/sources_1/new/Accumulator.v" into library xil_defaultlib
INFO: [VRFC 10-311] analyzing module Accumulator
INFO: [VRFC 10-2263] Analyzing Verilog file "D:/Minh_Hung/L05_Group_2_BTL_TKVM/L05_Group_2_BTL_TKVM.srcs/sources_1/new/Controller.v" into library xil_defaultlib
INFO: [VRFC 10-311] analyzing module Controller
WARNING: [VRFC 10-9336] redeclaration of ANSI port 'state' is not allowed [D:/Minh_Hung/L05_Group_2_BTL_TKVM/L05_Group_2_BTL_TKVM.srcs/sources_1/new/Controller.v:20]
INFO: [VRFC 10-2263] Analyzing Verilog file "D:/Minh_Hung/L05_Group_2_BTL_TKVM/L05_Group_2_BTL_TKVM.srcs/sources_1/new/DataMemory.v" into library xil_defaultlib
INFO: [VRFC 10-311] analyzing module dataMemory
INFO: [VRFC 10-2263] Analyzing Verilog file "D:/Minh_Hung/L05_Group_2_BTL_TKVM/L05_Group_2_BTL_TKVM.srcs/sources_1/new/Instruction_Memory.v" into library xil_defaultlib
INFO: [VRFC 10-311] analyzing module instructionMemory
INFO: [VRFC 10-2263] Analyzing Verilog file "D:/Minh_Hung/L05_Group_2_BTL_TKVM/L05_Group_2_BTL_TKVM.srcs/sources_1/new/Instruction_register.v" into library xil_defaultlib
INFO: [VRFC 10-311] analyzing module Instruction_Register
INFO: [VRFC 10-2263] Analyzing Verilog file "D:/Minh_Hung/L05_Group_2_BTL_TKVM/L05_Group_2_BTL_TKVM.srcs/sources_1/new/Program_counter.v" into library xil_defaultlib
INFO: [VRFC 10-311] analyzing module Program_counter
INFO: [VRFC 10-2263] Analyzing Verilog file "D:/Minh_Hung/L05_Group_2_BTL_TKVM/L05_Group_2_BTL_TKVM.srcs/sources_1/new/RISC_CPU.v" into library xil_defaultlib
INFO: [VRFC 10-311] analyzing module RISC_CPU
INFO: [VRFC 10-2263] Analyzing Verilog file "D:/Minh_Hung/L05_Group_2_BTL_TKVM/L05_Group_2_BTL_TKVM.srcs/sources_1/new/addr_mux.v" into library xil_defaultlib
INFO: [VRFC 10-311] analyzing module addr_mux
INFO: [VRFC 10-2263] Analyzing Verilog file "D:/Minh_Hung/L05_Group_2_BTL_TKVM/L05_Group_2_BTL_TKVM.srcs/sim_1/new/RISC_CPU_tb.v" into library xil_defaultlib
INFO: [VRFC 10-311] analyzing module RISC_CPU_tb
INFO: [USF-XSim-69] 'compile' step finished in '2' seconds
INFO: [USF-XSim-3] XSim::Elaborate design
INFO: [USF-XSim-61] Executing 'ELABORATE' step in 'D:/Minh_Hung/L05_Group_2_BTL_TKVM/L05_Group_2_BTL_TKVM.sim/sim_1/behav/xsim'
"xelab --incr --debug typical --relax --mt 2 -L xil_defaultlib -L unisims_ver -L unimacro_ver -L secureip --snapshot RISC_CPU_tb_behav xil_defaultlib.RISC_CPU_tb xil_defaultlib.glbl -log elaborate.log"
Vivado Simulator v2024.1
Copyright 1986-2022 Xilinx, Inc. All Rights Reserved.
Copyright 2022-2024 Advanced Micro Devices, Inc. All Rights Reserved.
Running: D:/Vivado/2024.1/bin/unwrapped/win64.o/xelab.exe --incr --debug typical --relax --mt 2 -L xil_defaultlib -L unisims_ver -L unimacro_ver -L secureip --snapshot RISC_CPU_tb_behav xil_defaultlib.RISC_CPU_tb xil_defaultlib.glbl -log elaborate.log 
Using 2 slave threads.
Starting static elaboration
Pass Through NonSizing Optimizer
Completed static elaboration
Starting simulation data flow analysis
WARNING: [XSIM 43-4099] "D:/Minh_Hung/L05_Group_2_BTL_TKVM/L05_Group_2_BTL_TKVM.srcs/sources_1/new/ALU.v" Line 1. Module ALU doesn't have a timescale but at least one module in design has a timescale.
WARNING: [XSIM 43-4099] "D:/Minh_Hung/L05_Group_2_BTL_TKVM/L05_Group_2_BTL_TKVM.srcs/sources_1/new/ALU.v" Line 1. Module ALU doesn't have a timescale but at least one module in design has a timescale.
Completed simulation data flow analysis
Time Resolution for simulation is 1ps
Compiling module xil_defaultlib.Controller
Compiling module xil_defaultlib.Program_counter
Compiling module xil_defaultlib.addr_mux
Compiling module xil_defaultlib.instructionMemory
Compiling module xil_defaultlib.Instruction_Register
Compiling module xil_defaultlib.dataMemory
Compiling module xil_defaultlib.ALU
Compiling module xil_defaultlib.Accumulator
Compiling module xil_defaultlib.RISC_CPU
Compiling module xil_defaultlib.RISC_CPU_tb
Compiling module xil_defaultlib.glbl
Built simulation snapshot RISC_CPU_tb_behav
INFO: [USF-XSim-69] 'elaborate' step finished in '2' seconds
INFO: [USF-XSim-4] XSim::Simulate design
INFO: [USF-XSim-61] Executing 'SIMULATE' step in 'D:/Minh_Hung/L05_Group_2_BTL_TKVM/L05_Group_2_BTL_TKVM.sim/sim_1/behav/xsim'
INFO: [USF-XSim-98] *** Running xsim
   with args "RISC_CPU_tb_behav -key {Behavioral:sim_1:Functional:RISC_CPU_tb} -tclbatch {RISC_CPU_tb.tcl} -log {simulate.log}"
INFO: [USF-XSim-8] Loading simulator feature
Time resolution is 1 ps
source RISC_CPU_tb.tcl
# set curr_wave [current_wave_config]
# if { [string length $curr_wave] == 0 } {
#   if { [llength [get_objects]] > 0} {
#     add_wave /
#     set_property needs_save false [current_wave_config]
#   } else {
#      send_msg_id Add_Wave-1 WARNING "No top level signals found. Simulator will start without a wave window. If you want to open a wave window go to 'File->New Waveform Configuration' or type 'create_wave_config' in the TCL console."
#   }
# }
# run 1000ns
Time: 0 | PC_out: 0 | Opcode: zzz | Operand: zzzzz | Accumulator: 0 | ALU_Result: x | Instr: xx | Data_Mem: xx | Wr_En: 0 | Mux_Sel: 1 | PC_En: 0 | SKZ: 0 | JMP: 0 | state: 0000 | ld_ac: 0 | alu_enable: 0
State INST_FETCH: 0000
Time: 15000 | PC_out: 0 | Opcode: zzz | Operand: zzzzz | Accumulator: 0 | ALU_Result: x | Instr: xx | Data_Mem: xx | Wr_En: 0 | Mux_Sel: 1 | PC_En: 0 | SKZ: 0 | JMP: 0 | state: 0001 | ld_ac: 0 | alu_enable: 0
State INST_LOAD: 0001
Time: 25000 | PC_out: 0 | Opcode: zzz | Operand: zzzzz | Accumulator: 0 | ALU_Result: x | Instr: fe | Data_Mem: xx | Wr_En: 0 | Mux_Sel: 1 | PC_En: 0 | SKZ: 0 | JMP: 0 | state: 0010 | ld_ac: 0 | alu_enable: 0
State IDLE: 0010
Time: 35000 | PC_out: 0 | Opcode: 111 | Operand: 11110 | Accumulator: 0 | ALU_Result: x | Instr: fe | Data_Mem: xx | Wr_En: 0 | Mux_Sel: 1 | PC_En: 0 | SKZ: 0 | JMP: 0 | state: 0011 | ld_ac: 0 | alu_enable: 0
State OP_ADDR: 0011
Time: 45000 | PC_out: 0 | Opcode: 111 | Operand: 11110 | Accumulator: 0 | ALU_Result: x | Instr: fe | Data_Mem: xx | Wr_En: 0 | Mux_Sel: 0 | PC_En: 0 | SKZ: 0 | JMP: 0 | state: 0100 | ld_ac: 0 | alu_enable: 0
State OP_FETCH: 0100
Time: 55000 | PC_out: 0 | Opcode: 111 | Operand: 11110 | Accumulator: 0 | ALU_Result: x | Instr: fe | Data_Mem: xx | Wr_En: 0 | Mux_Sel: 0 | PC_En: 0 | SKZ: 0 | JMP: 1 | state: 0101 | ld_ac: 0 | alu_enable: 0
State ALU_OP: 0101
Time: 65000 | PC_out: 0 | Opcode: 111 | Operand: 11110 | Accumulator: 0 | ALU_Result: x | Instr: fe | Data_Mem: xx | Wr_En: 0 | Mux_Sel: 0 | PC_En: 0 | SKZ: 0 | JMP: 1 | state: 0110 | ld_ac: 0 | alu_enable: 0
State STORE: 0110
Time: 75000 | PC_out: 0 | Opcode: 111 | Operand: 11110 | Accumulator: 0 | ALU_Result: x | Instr: fe | Data_Mem: xx | Wr_En: 0 | Mux_Sel: 1 | PC_En: 1 | SKZ: 0 | JMP: 1 | state: 0111 | ld_ac: 0 | alu_enable: 0
State INST_ADDR: 0111
Time: 85000 | PC_out: 30 | Opcode: 111 | Operand: 11110 | Accumulator: 0 | ALU_Result: x | Instr: fe | Data_Mem: xx | Wr_En: 0 | Mux_Sel: 1 | PC_En: 0 | SKZ: 0 | JMP: 0 | state: 0000 | ld_ac: 0 | alu_enable: 0
State INST_FETCH: 0000
Time: 95000 | PC_out: 30 | Opcode: 111 | Operand: 11110 | Accumulator: 0 | ALU_Result: x | Instr: fe | Data_Mem: xx | Wr_En: 0 | Mux_Sel: 1 | PC_En: 0 | SKZ: 0 | JMP: 0 | state: 0001 | ld_ac: 0 | alu_enable: 0
State INST_LOAD: 0001
Time: 105000 | PC_out: 30 | Opcode: 111 | Operand: 11110 | Accumulator: 0 | ALU_Result: x | Instr: e3 | Data_Mem: xx | Wr_En: 0 | Mux_Sel: 1 | PC_En: 0 | SKZ: 0 | JMP: 0 | state: 0010 | ld_ac: 0 | alu_enable: 0
State IDLE: 0010
Time: 115000 | PC_out: 30 | Opcode: 111 | Operand: 00011 | Accumulator: 0 | ALU_Result: x | Instr: e3 | Data_Mem: xx | Wr_En: 0 | Mux_Sel: 1 | PC_En: 0 | SKZ: 0 | JMP: 0 | state: 0011 | ld_ac: 0 | alu_enable: 0
State OP_ADDR: 0011
Time: 125000 | PC_out: 30 | Opcode: 111 | Operand: 00011 | Accumulator: 0 | ALU_Result: x | Instr: e3 | Data_Mem: xx | Wr_En: 0 | Mux_Sel: 0 | PC_En: 0 | SKZ: 0 | JMP: 0 | state: 0100 | ld_ac: 0 | alu_enable: 0
State OP_FETCH: 0100
Time: 135000 | PC_out: 30 | Opcode: 111 | Operand: 00011 | Accumulator: 0 | ALU_Result: x | Instr: e3 | Data_Mem: xx | Wr_En: 0 | Mux_Sel: 0 | PC_En: 0 | SKZ: 0 | JMP: 1 | state: 0101 | ld_ac: 0 | alu_enable: 0
State ALU_OP: 0101
Time: 145000 | PC_out: 30 | Opcode: 111 | Operand: 00011 | Accumulator: 0 | ALU_Result: x | Instr: e3 | Data_Mem: 00 | Wr_En: 0 | Mux_Sel: 0 | PC_En: 0 | SKZ: 0 | JMP: 1 | state: 0110 | ld_ac: 0 | alu_enable: 0
State STORE: 0110
Time: 155000 | PC_out: 30 | Opcode: 111 | Operand: 00011 | Accumulator: 0 | ALU_Result: x | Instr: e3 | Data_Mem: 00 | Wr_En: 0 | Mux_Sel: 1 | PC_En: 1 | SKZ: 0 | JMP: 1 | state: 0111 | ld_ac: 0 | alu_enable: 0
State INST_ADDR: 0111
Time: 165000 | PC_out: 3 | Opcode: 111 | Operand: 00011 | Accumulator: 0 | ALU_Result: x | Instr: e3 | Data_Mem: 00 | Wr_En: 0 | Mux_Sel: 1 | PC_En: 0 | SKZ: 0 | JMP: 0 | state: 0000 | ld_ac: 0 | alu_enable: 0
State INST_FETCH: 0000
Time: 175000 | PC_out: 3 | Opcode: 111 | Operand: 00011 | Accumulator: 0 | ALU_Result: x | Instr: e3 | Data_Mem: 00 | Wr_En: 0 | Mux_Sel: 1 | PC_En: 0 | SKZ: 0 | JMP: 0 | state: 0001 | ld_ac: 0 | alu_enable: 0
State INST_LOAD: 0001
Time: 185000 | PC_out: 3 | Opcode: 111 | Operand: 00011 | Accumulator: 0 | ALU_Result: x | Instr: ba | Data_Mem: 00 | Wr_En: 0 | Mux_Sel: 1 | PC_En: 0 | SKZ: 0 | JMP: 0 | state: 0010 | ld_ac: 0 | alu_enable: 0
State IDLE: 0010
Time: 195000 | PC_out: 3 | Opcode: 101 | Operand: 11010 | Accumulator: 0 | ALU_Result: x | Instr: ba | Data_Mem: 00 | Wr_En: 0 | Mux_Sel: 1 | PC_En: 0 | SKZ: 0 | JMP: 0 | state: 0011 | ld_ac: 0 | alu_enable: 0
State OP_ADDR: 0011
Time: 205000 | PC_out: 3 | Opcode: 101 | Operand: 11010 | Accumulator: 0 | ALU_Result: x | Instr: ba | Data_Mem: 00 | Wr_En: 0 | Mux_Sel: 0 | PC_En: 0 | SKZ: 0 | JMP: 0 | state: 0100 | ld_ac: 0 | alu_enable: 0
State OP_FETCH: 0100
Time: 215000 | PC_out: 3 | Opcode: 101 | Operand: 11010 | Accumulator: 0 | ALU_Result: x | Instr: ba | Data_Mem: 00 | Wr_En: 0 | Mux_Sel: 0 | PC_En: 0 | SKZ: 0 | JMP: 0 | state: 0101 | ld_ac: 0 | alu_enable: 1
State ALU_OP: 0101
Time: 225000 | PC_out: 3 | Opcode: 101 | Operand: 11010 | Accumulator: 0 | ALU_Result: 0 | Instr: ba | Data_Mem: 00 | Wr_En: 0 | Mux_Sel: 0 | PC_En: 0 | SKZ: 0 | JMP: 0 | state: 0110 | ld_ac: 1 | alu_enable: 1
State STORE: 0110
Time: 235000 | PC_out: 3 | Opcode: 101 | Operand: 11010 | Accumulator: 0 | ALU_Result: 0 | Instr: ba | Data_Mem: 00 | Wr_En: 0 | Mux_Sel: 1 | PC_En: 0 | SKZ: 0 | JMP: 0 | state: 0111 | ld_ac: 1 | alu_enable: 0
State INST_ADDR: 0111
Time: 245000 | PC_out: 3 | Opcode: 101 | Operand: 11010 | Accumulator: 0 | ALU_Result: 0 | Instr: ba | Data_Mem: 00 | Wr_En: 0 | Mux_Sel: 1 | PC_En: 1 | SKZ: 0 | JMP: 0 | state: 0000 | ld_ac: 0 | alu_enable: 0
State INST_FETCH: 0000
Time: 255000 | PC_out: 4 | Opcode: 101 | Operand: 11010 | Accumulator: 0 | ALU_Result: 0 | Instr: ba | Data_Mem: 00 | Wr_En: 0 | Mux_Sel: 1 | PC_En: 0 | SKZ: 0 | JMP: 0 | state: 0001 | ld_ac: 0 | alu_enable: 0
State INST_LOAD: 0001
Time: 265000 | PC_out: 4 | Opcode: 101 | Operand: 11010 | Accumulator: 0 | ALU_Result: 0 | Instr: ba | Data_Mem: 00 | Wr_En: 0 | Mux_Sel: 1 | PC_En: 0 | SKZ: 0 | JMP: 0 | state: 0010 | ld_ac: 0 | alu_enable: 0
State IDLE: 0010
Time: 275000 | PC_out: 4 | Opcode: 101 | Operand: 11010 | Accumulator: 0 | ALU_Result: 0 | Instr: 20 | Data_Mem: 00 | Wr_En: 0 | Mux_Sel: 1 | PC_En: 0 | SKZ: 0 | JMP: 0 | state: 0011 | ld_ac: 0 | alu_enable: 0
State OP_ADDR: 0011
Time: 285000 | PC_out: 4 | Opcode: 001 | Operand: 00000 | Accumulator: 0 | ALU_Result: 0 | Instr: 20 | Data_Mem: 00 | Wr_En: 0 | Mux_Sel: 0 | PC_En: 0 | SKZ: 0 | JMP: 0 | state: 0100 | ld_ac: 0 | alu_enable: 0
State OP_FETCH: 0100
Time: 295000 | PC_out: 4 | Opcode: 001 | Operand: 00000 | Accumulator: 0 | ALU_Result: 0 | Instr: 20 | Data_Mem: 00 | Wr_En: 0 | Mux_Sel: 0 | PC_En: 0 | SKZ: 1 | JMP: 0 | state: 0101 | ld_ac: 0 | alu_enable: 0
State ALU_OP: 0101
Time: 305000 | PC_out: 4 | Opcode: 001 | Operand: 00000 | Accumulator: 0 | ALU_Result: 0 | Instr: 20 | Data_Mem: 00 | Wr_En: 0 | Mux_Sel: 0 | PC_En: 0 | SKZ: 1 | JMP: 0 | state: 0110 | ld_ac: 0 | alu_enable: 0
State STORE: 0110
Time: 315000 | PC_out: 4 | Opcode: 001 | Operand: 00000 | Accumulator: 0 | ALU_Result: 0 | Instr: 20 | Data_Mem: 00 | Wr_En: 0 | Mux_Sel: 1 | PC_En: 1 | SKZ: 1 | JMP: 0 | state: 0111 | ld_ac: 0 | alu_enable: 0
State INST_ADDR: 0111
Time: 325000 | PC_out: 6 | Opcode: 001 | Operand: 00000 | Accumulator: 0 | ALU_Result: 0 | Instr: 20 | Data_Mem: 00 | Wr_En: 0 | Mux_Sel: 1 | PC_En: 0 | SKZ: 0 | JMP: 0 | state: 0000 | ld_ac: 0 | alu_enable: 0
State INST_FETCH: 0000
Time: 335000 | PC_out: 6 | Opcode: 001 | Operand: 00000 | Accumulator: 0 | ALU_Result: 0 | Instr: 20 | Data_Mem: 00 | Wr_En: 0 | Mux_Sel: 1 | PC_En: 0 | SKZ: 0 | JMP: 0 | state: 0001 | ld_ac: 0 | alu_enable: 0
State INST_LOAD: 0001
Time: 345000 | PC_out: 6 | Opcode: 001 | Operand: 00000 | Accumulator: 0 | ALU_Result: 0 | Instr: bb | Data_Mem: 00 | Wr_En: 0 | Mux_Sel: 1 | PC_En: 0 | SKZ: 0 | JMP: 0 | state: 0010 | ld_ac: 0 | alu_enable: 0
State IDLE: 0010
Time: 355000 | PC_out: 6 | Opcode: 101 | Operand: 11011 | Accumulator: 0 | ALU_Result: 0 | Instr: bb | Data_Mem: 00 | Wr_En: 0 | Mux_Sel: 1 | PC_En: 0 | SKZ: 0 | JMP: 0 | state: 0011 | ld_ac: 0 | alu_enable: 0
State OP_ADDR: 0011
Time: 365000 | PC_out: 6 | Opcode: 101 | Operand: 11011 | Accumulator: 0 | ALU_Result: 0 | Instr: bb | Data_Mem: 00 | Wr_En: 0 | Mux_Sel: 0 | PC_En: 0 | SKZ: 0 | JMP: 0 | state: 0100 | ld_ac: 0 | alu_enable: 0
State OP_FETCH: 0100
Time: 375000 | PC_out: 6 | Opcode: 101 | Operand: 11011 | Accumulator: 0 | ALU_Result: 0 | Instr: bb | Data_Mem: 00 | Wr_En: 0 | Mux_Sel: 0 | PC_En: 0 | SKZ: 0 | JMP: 0 | state: 0101 | ld_ac: 0 | alu_enable: 1
State ALU_OP: 0101
Time: 385000 | PC_out: 6 | Opcode: 101 | Operand: 11011 | Accumulator: 0 | ALU_Result: 0 | Instr: bb | Data_Mem: ff | Wr_En: 0 | Mux_Sel: 0 | PC_En: 0 | SKZ: 0 | JMP: 0 | state: 0110 | ld_ac: 1 | alu_enable: 1
State STORE: 0110
Time: 395000 | PC_out: 6 | Opcode: 101 | Operand: 11011 | Accumulator: 0 | ALU_Result: 255 | Instr: bb | Data_Mem: ff | Wr_En: 0 | Mux_Sel: 1 | PC_En: 0 | SKZ: 0 | JMP: 0 | state: 0111 | ld_ac: 1 | alu_enable: 0
State INST_ADDR: 0111
Time: 405000 | PC_out: 6 | Opcode: 101 | Operand: 11011 | Accumulator: 255 | ALU_Result: 255 | Instr: bb | Data_Mem: ff | Wr_En: 0 | Mux_Sel: 1 | PC_En: 1 | SKZ: 0 | JMP: 0 | state: 0000 | ld_ac: 0 | alu_enable: 0
State INST_FETCH: 0000
Time: 415000 | PC_out: 7 | Opcode: 101 | Operand: 11011 | Accumulator: 255 | ALU_Result: 255 | Instr: bb | Data_Mem: ff | Wr_En: 0 | Mux_Sel: 1 | PC_En: 0 | SKZ: 0 | JMP: 0 | state: 0001 | ld_ac: 0 | alu_enable: 0
State INST_LOAD: 0001
Time: 425000 | PC_out: 7 | Opcode: 101 | Operand: 11011 | Accumulator: 255 | ALU_Result: 255 | Instr: bb | Data_Mem: ff | Wr_En: 0 | Mux_Sel: 1 | PC_En: 0 | SKZ: 0 | JMP: 0 | state: 0010 | ld_ac: 0 | alu_enable: 0
State IDLE: 0010
Time: 435000 | PC_out: 7 | Opcode: 101 | Operand: 11011 | Accumulator: 255 | ALU_Result: 255 | Instr: 20 | Data_Mem: ff | Wr_En: 0 | Mux_Sel: 1 | PC_En: 0 | SKZ: 0 | JMP: 0 | state: 0011 | ld_ac: 0 | alu_enable: 0
State OP_ADDR: 0011
Time: 445000 | PC_out: 7 | Opcode: 001 | Operand: 00000 | Accumulator: 255 | ALU_Result: 255 | Instr: 20 | Data_Mem: ff | Wr_En: 0 | Mux_Sel: 0 | PC_En: 0 | SKZ: 0 | JMP: 0 | state: 0100 | ld_ac: 0 | alu_enable: 0
State OP_FETCH: 0100
Time: 455000 | PC_out: 7 | Opcode: 001 | Operand: 00000 | Accumulator: 255 | ALU_Result: 255 | Instr: 20 | Data_Mem: ff | Wr_En: 0 | Mux_Sel: 0 | PC_En: 0 | SKZ: 1 | JMP: 0 | state: 0101 | ld_ac: 0 | alu_enable: 0
State ALU_OP: 0101
Time: 465000 | PC_out: 7 | Opcode: 001 | Operand: 00000 | Accumulator: 255 | ALU_Result: 255 | Instr: 20 | Data_Mem: 00 | Wr_En: 0 | Mux_Sel: 0 | PC_En: 0 | SKZ: 1 | JMP: 0 | state: 0110 | ld_ac: 0 | alu_enable: 0
State STORE: 0110
Time: 475000 | PC_out: 7 | Opcode: 001 | Operand: 00000 | Accumulator: 255 | ALU_Result: 255 | Instr: 20 | Data_Mem: 00 | Wr_En: 0 | Mux_Sel: 1 | PC_En: 1 | SKZ: 1 | JMP: 0 | state: 0111 | ld_ac: 0 | alu_enable: 0
State INST_ADDR: 0111
Time: 485000 | PC_out: 8 | Opcode: 001 | Operand: 00000 | Accumulator: 255 | ALU_Result: 255 | Instr: 20 | Data_Mem: 00 | Wr_En: 0 | Mux_Sel: 1 | PC_En: 0 | SKZ: 0 | JMP: 0 | state: 0000 | ld_ac: 0 | alu_enable: 0
State INST_FETCH: 0000
Time: 495000 | PC_out: 8 | Opcode: 001 | Operand: 00000 | Accumulator: 255 | ALU_Result: 255 | Instr: 20 | Data_Mem: 00 | Wr_En: 0 | Mux_Sel: 1 | PC_En: 0 | SKZ: 0 | JMP: 0 | state: 0001 | ld_ac: 0 | alu_enable: 0
State INST_LOAD: 0001
Time: 505000 | PC_out: 8 | Opcode: 001 | Operand: 00000 | Accumulator: 255 | ALU_Result: 255 | Instr: ea | Data_Mem: 00 | Wr_En: 0 | Mux_Sel: 1 | PC_En: 0 | SKZ: 0 | JMP: 0 | state: 0010 | ld_ac: 0 | alu_enable: 0
State IDLE: 0010
Time: 515000 | PC_out: 8 | Opcode: 111 | Operand: 01010 | Accumulator: 255 | ALU_Result: 255 | Instr: ea | Data_Mem: 00 | Wr_En: 0 | Mux_Sel: 1 | PC_En: 0 | SKZ: 0 | JMP: 0 | state: 0011 | ld_ac: 0 | alu_enable: 0
State OP_ADDR: 0011
Time: 525000 | PC_out: 8 | Opcode: 111 | Operand: 01010 | Accumulator: 255 | ALU_Result: 255 | Instr: ea | Data_Mem: 00 | Wr_En: 0 | Mux_Sel: 0 | PC_En: 0 | SKZ: 0 | JMP: 0 | state: 0100 | ld_ac: 0 | alu_enable: 0
State OP_FETCH: 0100
Time: 535000 | PC_out: 8 | Opcode: 111 | Operand: 01010 | Accumulator: 255 | ALU_Result: 255 | Instr: ea | Data_Mem: 00 | Wr_En: 0 | Mux_Sel: 0 | PC_En: 0 | SKZ: 0 | JMP: 1 | state: 0101 | ld_ac: 0 | alu_enable: 0
State ALU_OP: 0101
Time: 545000 | PC_out: 8 | Opcode: 111 | Operand: 01010 | Accumulator: 255 | ALU_Result: 255 | Instr: ea | Data_Mem: 00 | Wr_En: 0 | Mux_Sel: 0 | PC_En: 0 | SKZ: 0 | JMP: 1 | state: 0110 | ld_ac: 0 | alu_enable: 0
State STORE: 0110
Time: 555000 | PC_out: 8 | Opcode: 111 | Operand: 01010 | Accumulator: 255 | ALU_Result: 255 | Instr: ea | Data_Mem: 00 | Wr_En: 0 | Mux_Sel: 1 | PC_En: 1 | SKZ: 0 | JMP: 1 | state: 0111 | ld_ac: 0 | alu_enable: 0
State INST_ADDR: 0111
Time: 565000 | PC_out: 10 | Opcode: 111 | Operand: 01010 | Accumulator: 255 | ALU_Result: 255 | Instr: ea | Data_Mem: 00 | Wr_En: 0 | Mux_Sel: 1 | PC_En: 0 | SKZ: 0 | JMP: 0 | state: 0000 | ld_ac: 0 | alu_enable: 0
State INST_FETCH: 0000
Time: 575000 | PC_out: 10 | Opcode: 111 | Operand: 01010 | Accumulator: 255 | ALU_Result: 255 | Instr: ea | Data_Mem: 00 | Wr_En: 0 | Mux_Sel: 1 | PC_En: 0 | SKZ: 0 | JMP: 0 | state: 0001 | ld_ac: 0 | alu_enable: 0
State INST_LOAD: 0001
Time: 585000 | PC_out: 10 | Opcode: 111 | Operand: 01010 | Accumulator: 255 | ALU_Result: 255 | Instr: dc | Data_Mem: 00 | Wr_En: 0 | Mux_Sel: 1 | PC_En: 0 | SKZ: 0 | JMP: 0 | state: 0010 | ld_ac: 0 | alu_enable: 0
State IDLE: 0010
Time: 595000 | PC_out: 10 | Opcode: 110 | Operand: 11100 | Accumulator: 255 | ALU_Result: 255 | Instr: dc | Data_Mem: 00 | Wr_En: 0 | Mux_Sel: 1 | PC_En: 0 | SKZ: 0 | JMP: 0 | state: 0011 | ld_ac: 0 | alu_enable: 0
State OP_ADDR: 0011
Time: 605000 | PC_out: 10 | Opcode: 110 | Operand: 11100 | Accumulator: 255 | ALU_Result: 255 | Instr: dc | Data_Mem: 00 | Wr_En: 0 | Mux_Sel: 0 | PC_En: 0 | SKZ: 0 | JMP: 0 | state: 0100 | ld_ac: 0 | alu_enable: 0
State OP_FETCH: 0100
Time: 615000 | PC_out: 10 | Opcode: 110 | Operand: 11100 | Accumulator: 255 | ALU_Result: 255 | Instr: dc | Data_Mem: 00 | Wr_En: 0 | Mux_Sel: 0 | PC_En: 0 | SKZ: 0 | JMP: 0 | state: 0101 | ld_ac: 0 | alu_enable: 0
State ALU_OP: 0101
Time: 625000 | PC_out: 10 | Opcode: 110 | Operand: 11100 | Accumulator: 255 | ALU_Result: 255 | Instr: dc | Data_Mem: aa | Wr_En: 0 | Mux_Sel: 0 | PC_En: 0 | SKZ: 0 | JMP: 0 | state: 0110 | ld_ac: 0 | alu_enable: 0
State STORE: 0110
Time: 635000 | PC_out: 10 | Opcode: 110 | Operand: 11100 | Accumulator: 255 | ALU_Result: 255 | Instr: dc | Data_Mem: ff | Wr_En: 1 | Mux_Sel: 1 | PC_En: 0 | SKZ: 0 | JMP: 0 | state: 0111 | ld_ac: 0 | alu_enable: 0
State INST_ADDR: 0111
Time: 645000 | PC_out: 10 | Opcode: 110 | Operand: 11100 | Accumulator: 255 | ALU_Result: 255 | Instr: dc | Data_Mem: aa | Wr_En: 0 | Mux_Sel: 1 | PC_En: 0 | SKZ: 0 | JMP: 0 | state: 0000 | ld_ac: 0 | alu_enable: 0
State INST_FETCH: 0000
Time: 655000 | PC_out: 10 | Opcode: 110 | Operand: 11100 | Accumulator: 255 | ALU_Result: 255 | Instr: dc | Data_Mem: ff | Wr_En: 0 | Mux_Sel: 1 | PC_En: 0 | SKZ: 0 | JMP: 0 | state: 0001 | ld_ac: 0 | alu_enable: 0
State INST_LOAD: 0001
Time: 665000 | PC_out: 10 | Opcode: 110 | Operand: 11100 | Accumulator: 255 | ALU_Result: 255 | Instr: dc | Data_Mem: ff | Wr_En: 0 | Mux_Sel: 1 | PC_En: 0 | SKZ: 0 | JMP: 0 | state: 0010 | ld_ac: 0 | alu_enable: 0
State IDLE: 0010
Time: 675000 | PC_out: 10 | Opcode: 110 | Operand: 11100 | Accumulator: 255 | ALU_Result: 255 | Instr: dc | Data_Mem: ff | Wr_En: 0 | Mux_Sel: 1 | PC_En: 0 | SKZ: 0 | JMP: 0 | state: 0011 | ld_ac: 0 | alu_enable: 0
State OP_ADDR: 0011
Time: 685000 | PC_out: 10 | Opcode: 110 | Operand: 11100 | Accumulator: 255 | ALU_Result: 255 | Instr: dc | Data_Mem: ff | Wr_En: 0 | Mux_Sel: 0 | PC_En: 0 | SKZ: 0 | JMP: 0 | state: 0100 | ld_ac: 0 | alu_enable: 0
State OP_FETCH: 0100
Time: 695000 | PC_out: 10 | Opcode: 110 | Operand: 11100 | Accumulator: 255 | ALU_Result: 255 | Instr: dc | Data_Mem: ff | Wr_En: 0 | Mux_Sel: 0 | PC_En: 0 | SKZ: 0 | JMP: 0 | state: 0101 | ld_ac: 0 | alu_enable: 0
State ALU_OP: 0101
Time: 705000 | PC_out: 10 | Opcode: 110 | Operand: 11100 | Accumulator: 255 | ALU_Result: 255 | Instr: dc | Data_Mem: ff | Wr_En: 0 | Mux_Sel: 0 | PC_En: 0 | SKZ: 0 | JMP: 0 | state: 0110 | ld_ac: 0 | alu_enable: 0
State STORE: 0110
Time: 715000 | PC_out: 10 | Opcode: 110 | Operand: 11100 | Accumulator: 255 | ALU_Result: 255 | Instr: dc | Data_Mem: ff | Wr_En: 1 | Mux_Sel: 1 | PC_En: 0 | SKZ: 0 | JMP: 0 | state: 0111 | ld_ac: 0 | alu_enable: 0
State INST_ADDR: 0111
Time: 725000 | PC_out: 10 | Opcode: 110 | Operand: 11100 | Accumulator: 255 | ALU_Result: 255 | Instr: dc | Data_Mem: ff | Wr_En: 0 | Mux_Sel: 1 | PC_En: 0 | SKZ: 0 | JMP: 0 | state: 0000 | ld_ac: 0 | alu_enable: 0
State INST_FETCH: 0000
Time: 735000 | PC_out: 10 | Opcode: 110 | Operand: 11100 | Accumulator: 255 | ALU_Result: 255 | Instr: dc | Data_Mem: ff | Wr_En: 0 | Mux_Sel: 1 | PC_En: 0 | SKZ: 0 | JMP: 0 | state: 0001 | ld_ac: 0 | alu_enable: 0
State INST_LOAD: 0001
Time: 745000 | PC_out: 10 | Opcode: 110 | Operand: 11100 | Accumulator: 255 | ALU_Result: 255 | Instr: dc | Data_Mem: ff | Wr_En: 0 | Mux_Sel: 1 | PC_En: 0 | SKZ: 0 | JMP: 0 | state: 0010 | ld_ac: 0 | alu_enable: 0
State IDLE: 0010
Time: 755000 | PC_out: 10 | Opcode: 110 | Operand: 11100 | Accumulator: 255 | ALU_Result: 255 | Instr: dc | Data_Mem: ff | Wr_En: 0 | Mux_Sel: 1 | PC_En: 0 | SKZ: 0 | JMP: 0 | state: 0011 | ld_ac: 0 | alu_enable: 0
State OP_ADDR: 0011
Time: 765000 | PC_out: 10 | Opcode: 110 | Operand: 11100 | Accumulator: 255 | ALU_Result: 255 | Instr: dc | Data_Mem: ff | Wr_En: 0 | Mux_Sel: 0 | PC_En: 0 | SKZ: 0 | JMP: 0 | state: 0100 | ld_ac: 0 | alu_enable: 0
State OP_FETCH: 0100
Time: 775000 | PC_out: 10 | Opcode: 110 | Operand: 11100 | Accumulator: 255 | ALU_Result: 255 | Instr: dc | Data_Mem: ff | Wr_En: 0 | Mux_Sel: 0 | PC_En: 0 | SKZ: 0 | JMP: 0 | state: 0101 | ld_ac: 0 | alu_enable: 0
State ALU_OP: 0101
Time: 785000 | PC_out: 10 | Opcode: 110 | Operand: 11100 | Accumulator: 255 | ALU_Result: 255 | Instr: dc | Data_Mem: ff | Wr_En: 0 | Mux_Sel: 0 | PC_En: 0 | SKZ: 0 | JMP: 0 | state: 0110 | ld_ac: 0 | alu_enable: 0
State STORE: 0110
Time: 795000 | PC_out: 10 | Opcode: 110 | Operand: 11100 | Accumulator: 255 | ALU_Result: 255 | Instr: dc | Data_Mem: ff | Wr_En: 1 | Mux_Sel: 1 | PC_En: 0 | SKZ: 0 | JMP: 0 | state: 0111 | ld_ac: 0 | alu_enable: 0
State INST_ADDR: 0111
Time: 805000 | PC_out: 10 | Opcode: 110 | Operand: 11100 | Accumulator: 255 | ALU_Result: 255 | Instr: dc | Data_Mem: ff | Wr_En: 0 | Mux_Sel: 1 | PC_En: 0 | SKZ: 0 | JMP: 0 | state: 0000 | ld_ac: 0 | alu_enable: 0
State INST_FETCH: 0000
Time: 815000 | PC_out: 10 | Opcode: 110 | Operand: 11100 | Accumulator: 255 | ALU_Result: 255 | Instr: dc | Data_Mem: ff | Wr_En: 0 | Mux_Sel: 1 | PC_En: 0 | SKZ: 0 | JMP: 0 | state: 0001 | ld_ac: 0 | alu_enable: 0
State INST_LOAD: 0001
Time: 825000 | PC_out: 10 | Opcode: 110 | Operand: 11100 | Accumulator: 255 | ALU_Result: 255 | Instr: dc | Data_Mem: ff | Wr_En: 0 | Mux_Sel: 1 | PC_En: 0 | SKZ: 0 | JMP: 0 | state: 0010 | ld_ac: 0 | alu_enable: 0
State IDLE: 0010
Time: 835000 | PC_out: 10 | Opcode: 110 | Operand: 11100 | Accumulator: 255 | ALU_Result: 255 | Instr: dc | Data_Mem: ff | Wr_En: 0 | Mux_Sel: 1 | PC_En: 0 | SKZ: 0 | JMP: 0 | state: 0011 | ld_ac: 0 | alu_enable: 0
State OP_ADDR: 0011
Time: 845000 | PC_out: 10 | Opcode: 110 | Operand: 11100 | Accumulator: 255 | ALU_Result: 255 | Instr: dc | Data_Mem: ff | Wr_En: 0 | Mux_Sel: 0 | PC_En: 0 | SKZ: 0 | JMP: 0 | state: 0100 | ld_ac: 0 | alu_enable: 0
State OP_FETCH: 0100
Time: 855000 | PC_out: 10 | Opcode: 110 | Operand: 11100 | Accumulator: 255 | ALU_Result: 255 | Instr: dc | Data_Mem: ff | Wr_En: 0 | Mux_Sel: 0 | PC_En: 0 | SKZ: 0 | JMP: 0 | state: 0101 | ld_ac: 0 | alu_enable: 0
State ALU_OP: 0101
Time: 865000 | PC_out: 10 | Opcode: 110 | Operand: 11100 | Accumulator: 255 | ALU_Result: 255 | Instr: dc | Data_Mem: ff | Wr_En: 0 | Mux_Sel: 0 | PC_En: 0 | SKZ: 0 | JMP: 0 | state: 0110 | ld_ac: 0 | alu_enable: 0
State STORE: 0110
Time: 875000 | PC_out: 10 | Opcode: 110 | Operand: 11100 | Accumulator: 255 | ALU_Result: 255 | Instr: dc | Data_Mem: ff | Wr_En: 1 | Mux_Sel: 1 | PC_En: 0 | SKZ: 0 | JMP: 0 | state: 0111 | ld_ac: 0 | alu_enable: 0
State INST_ADDR: 0111
Time: 885000 | PC_out: 10 | Opcode: 110 | Operand: 11100 | Accumulator: 255 | ALU_Result: 255 | Instr: dc | Data_Mem: ff | Wr_En: 0 | Mux_Sel: 1 | PC_En: 0 | SKZ: 0 | JMP: 0 | state: 0000 | ld_ac: 0 | alu_enable: 0
State INST_FETCH: 0000
Time: 895000 | PC_out: 10 | Opcode: 110 | Operand: 11100 | Accumulator: 255 | ALU_Result: 255 | Instr: dc | Data_Mem: ff | Wr_En: 0 | Mux_Sel: 1 | PC_En: 0 | SKZ: 0 | JMP: 0 | state: 0001 | ld_ac: 0 | alu_enable: 0
State INST_LOAD: 0001
Time: 905000 | PC_out: 10 | Opcode: 110 | Operand: 11100 | Accumulator: 255 | ALU_Result: 255 | Instr: dc | Data_Mem: ff | Wr_En: 0 | Mux_Sel: 1 | PC_En: 0 | SKZ: 0 | JMP: 0 | state: 0010 | ld_ac: 0 | alu_enable: 0
State IDLE: 0010
Time: 915000 | PC_out: 10 | Opcode: 110 | Operand: 11100 | Accumulator: 255 | ALU_Result: 255 | Instr: dc | Data_Mem: ff | Wr_En: 0 | Mux_Sel: 1 | PC_En: 0 | SKZ: 0 | JMP: 0 | state: 0011 | ld_ac: 0 | alu_enable: 0
State OP_ADDR: 0011
Time: 925000 | PC_out: 10 | Opcode: 110 | Operand: 11100 | Accumulator: 255 | ALU_Result: 255 | Instr: dc | Data_Mem: ff | Wr_En: 0 | Mux_Sel: 0 | PC_En: 0 | SKZ: 0 | JMP: 0 | state: 0100 | ld_ac: 0 | alu_enable: 0
State OP_FETCH: 0100
Time: 935000 | PC_out: 10 | Opcode: 110 | Operand: 11100 | Accumulator: 255 | ALU_Result: 255 | Instr: dc | Data_Mem: ff | Wr_En: 0 | Mux_Sel: 0 | PC_En: 0 | SKZ: 0 | JMP: 0 | state: 0101 | ld_ac: 0 | alu_enable: 0
State ALU_OP: 0101
Time: 945000 | PC_out: 10 | Opcode: 110 | Operand: 11100 | Accumulator: 255 | ALU_Result: 255 | Instr: dc | Data_Mem: ff | Wr_En: 0 | Mux_Sel: 0 | PC_En: 0 | SKZ: 0 | JMP: 0 | state: 0110 | ld_ac: 0 | alu_enable: 0
State STORE: 0110
Time: 955000 | PC_out: 10 | Opcode: 110 | Operand: 11100 | Accumulator: 255 | ALU_Result: 255 | Instr: dc | Data_Mem: ff | Wr_En: 1 | Mux_Sel: 1 | PC_En: 0 | SKZ: 0 | JMP: 0 | state: 0111 | ld_ac: 0 | alu_enable: 0
State INST_ADDR: 0111
Time: 965000 | PC_out: 10 | Opcode: 110 | Operand: 11100 | Accumulator: 255 | ALU_Result: 255 | Instr: dc | Data_Mem: ff | Wr_En: 0 | Mux_Sel: 1 | PC_En: 0 | SKZ: 0 | JMP: 0 | state: 0000 | ld_ac: 0 | alu_enable: 0
State INST_FETCH: 0000
Time: 975000 | PC_out: 10 | Opcode: 110 | Operand: 11100 | Accumulator: 255 | ALU_Result: 255 | Instr: dc | Data_Mem: ff | Wr_En: 0 | Mux_Sel: 1 | PC_En: 0 | SKZ: 0 | JMP: 0 | state: 0001 | ld_ac: 0 | alu_enable: 0
State INST_LOAD: 0001
Time: 985000 | PC_out: 10 | Opcode: 110 | Operand: 11100 | Accumulator: 255 | ALU_Result: 255 | Instr: dc | Data_Mem: ff | Wr_En: 0 | Mux_Sel: 1 | PC_En: 0 | SKZ: 0 | JMP: 0 | state: 0010 | ld_ac: 0 | alu_enable: 0
State IDLE: 0010
Time: 995000 | PC_out: 10 | Opcode: 110 | Operand: 11100 | Accumulator: 255 | ALU_Result: 255 | Instr: dc | Data_Mem: ff | Wr_En: 0 | Mux_Sel: 1 | PC_En: 0 | SKZ: 0 | JMP: 0 | state: 0011 | ld_ac: 0 | alu_enable: 0
INFO: [USF-XSim-96] XSim completed. Design snapshot 'RISC_CPU_tb_behav' loaded.
INFO: [USF-XSim-97] XSim simulation ran for 1000ns
launch_simulation: Time (s): cpu = 00:00:01 ; elapsed = 00:00:05 . Memory (MB): peak = 2721.336 ; gain = 0.000
close_sim
INFO: [Simtcl 6-16] Simulation closed
launch_simulation
Command: launch_simulation 
INFO: [Vivado 12-12493] Simulation top is 'RISC_CPU_tb'
WARNING: [Vivado 12-13340] Unable to auto find GCC executables from simulator install path! (path not set)
INFO: [Vivado 12-5682] Launching behavioral simulation in 'D:/Minh_Hung/L05_Group_2_BTL_TKVM/L05_Group_2_BTL_TKVM.sim/sim_1/behav/xsim'
INFO: [SIM-utils-51] Simulation object is 'sim_1'
INFO: [SIM-utils-72] Using boost library from 'D:/Vivado/2024.1/tps/boost_1_72_0'
INFO: [SIM-utils-54] Inspecting design source files for 'RISC_CPU_tb' in fileset 'sim_1'...
INFO: [SIM-utils-43] Exported 'D:/Minh_Hung/L05_Group_2_BTL_TKVM/L05_Group_2_BTL_TKVM.sim/sim_1/behav/xsim/data_init.mem'
INFO: [SIM-utils-43] Exported 'D:/Minh_Hung/L05_Group_2_BTL_TKVM/L05_Group_2_BTL_TKVM.sim/sim_1/behav/xsim/instruction_file.mem'
INFO: [USF-XSim-97] Finding global include files...
INFO: [USF-XSim-98] Fetching design files from 'sim_1'...
INFO: [USF-XSim-2] XSim::Compile design
INFO: [USF-XSim-61] Executing 'COMPILE and ANALYZE' step in 'D:/Minh_Hung/L05_Group_2_BTL_TKVM/L05_Group_2_BTL_TKVM.sim/sim_1/behav/xsim'
"xvlog --incr --relax -prj RISC_CPU_tb_vlog.prj"
INFO: [VRFC 10-2263] Analyzing Verilog file "D:/Minh_Hung/L05_Group_2_BTL_TKVM/L05_Group_2_BTL_TKVM.srcs/sources_1/new/ALU.v" into library xil_defaultlib
INFO: [VRFC 10-311] analyzing module ALU
INFO: [VRFC 10-2263] Analyzing Verilog file "D:/Minh_Hung/L05_Group_2_BTL_TKVM/L05_Group_2_BTL_TKVM.srcs/sources_1/new/Accumulator.v" into library xil_defaultlib
INFO: [VRFC 10-311] analyzing module Accumulator
INFO: [VRFC 10-2263] Analyzing Verilog file "D:/Minh_Hung/L05_Group_2_BTL_TKVM/L05_Group_2_BTL_TKVM.srcs/sources_1/new/Controller.v" into library xil_defaultlib
INFO: [VRFC 10-311] analyzing module Controller
WARNING: [VRFC 10-9336] redeclaration of ANSI port 'state' is not allowed [D:/Minh_Hung/L05_Group_2_BTL_TKVM/L05_Group_2_BTL_TKVM.srcs/sources_1/new/Controller.v:20]
INFO: [VRFC 10-2263] Analyzing Verilog file "D:/Minh_Hung/L05_Group_2_BTL_TKVM/L05_Group_2_BTL_TKVM.srcs/sources_1/new/DataMemory.v" into library xil_defaultlib
INFO: [VRFC 10-311] analyzing module dataMemory
INFO: [VRFC 10-2263] Analyzing Verilog file "D:/Minh_Hung/L05_Group_2_BTL_TKVM/L05_Group_2_BTL_TKVM.srcs/sources_1/new/Instruction_Memory.v" into library xil_defaultlib
INFO: [VRFC 10-311] analyzing module instructionMemory
INFO: [VRFC 10-2263] Analyzing Verilog file "D:/Minh_Hung/L05_Group_2_BTL_TKVM/L05_Group_2_BTL_TKVM.srcs/sources_1/new/Instruction_register.v" into library xil_defaultlib
INFO: [VRFC 10-311] analyzing module Instruction_Register
INFO: [VRFC 10-2263] Analyzing Verilog file "D:/Minh_Hung/L05_Group_2_BTL_TKVM/L05_Group_2_BTL_TKVM.srcs/sources_1/new/Program_counter.v" into library xil_defaultlib
INFO: [VRFC 10-311] analyzing module Program_counter
INFO: [VRFC 10-2263] Analyzing Verilog file "D:/Minh_Hung/L05_Group_2_BTL_TKVM/L05_Group_2_BTL_TKVM.srcs/sources_1/new/RISC_CPU.v" into library xil_defaultlib
INFO: [VRFC 10-311] analyzing module RISC_CPU
INFO: [VRFC 10-2263] Analyzing Verilog file "D:/Minh_Hung/L05_Group_2_BTL_TKVM/L05_Group_2_BTL_TKVM.srcs/sources_1/new/addr_mux.v" into library xil_defaultlib
INFO: [VRFC 10-311] analyzing module addr_mux
INFO: [VRFC 10-2263] Analyzing Verilog file "D:/Minh_Hung/L05_Group_2_BTL_TKVM/L05_Group_2_BTL_TKVM.srcs/sim_1/new/RISC_CPU_tb.v" into library xil_defaultlib
INFO: [VRFC 10-311] analyzing module RISC_CPU_tb
INFO: [USF-XSim-69] 'compile' step finished in '1' seconds
INFO: [USF-XSim-3] XSim::Elaborate design
INFO: [USF-XSim-61] Executing 'ELABORATE' step in 'D:/Minh_Hung/L05_Group_2_BTL_TKVM/L05_Group_2_BTL_TKVM.sim/sim_1/behav/xsim'
"xelab --incr --debug typical --relax --mt 2 -L xil_defaultlib -L unisims_ver -L unimacro_ver -L secureip --snapshot RISC_CPU_tb_behav xil_defaultlib.RISC_CPU_tb xil_defaultlib.glbl -log elaborate.log"
Vivado Simulator v2024.1
Copyright 1986-2022 Xilinx, Inc. All Rights Reserved.
Copyright 2022-2024 Advanced Micro Devices, Inc. All Rights Reserved.
Running: D:/Vivado/2024.1/bin/unwrapped/win64.o/xelab.exe --incr --debug typical --relax --mt 2 -L xil_defaultlib -L unisims_ver -L unimacro_ver -L secureip --snapshot RISC_CPU_tb_behav xil_defaultlib.RISC_CPU_tb xil_defaultlib.glbl -log elaborate.log 
Using 2 slave threads.
Starting static elaboration
Pass Through NonSizing Optimizer
Completed static elaboration
Starting simulation data flow analysis
WARNING: [XSIM 43-4099] "D:/Minh_Hung/L05_Group_2_BTL_TKVM/L05_Group_2_BTL_TKVM.srcs/sources_1/new/ALU.v" Line 1. Module ALU doesn't have a timescale but at least one module in design has a timescale.
WARNING: [XSIM 43-4099] "D:/Minh_Hung/L05_Group_2_BTL_TKVM/L05_Group_2_BTL_TKVM.srcs/sources_1/new/ALU.v" Line 1. Module ALU doesn't have a timescale but at least one module in design has a timescale.
Completed simulation data flow analysis
Time Resolution for simulation is 1ps
Compiling module xil_defaultlib.Controller
Compiling module xil_defaultlib.Program_counter
Compiling module xil_defaultlib.addr_mux
Compiling module xil_defaultlib.instructionMemory
Compiling module xil_defaultlib.Instruction_Register
Compiling module xil_defaultlib.dataMemory
Compiling module xil_defaultlib.ALU
Compiling module xil_defaultlib.Accumulator
Compiling module xil_defaultlib.RISC_CPU
Compiling module xil_defaultlib.RISC_CPU_tb
Compiling module xil_defaultlib.glbl
Built simulation snapshot RISC_CPU_tb_behav
INFO: [USF-XSim-69] 'elaborate' step finished in '2' seconds
INFO: [USF-XSim-4] XSim::Simulate design
INFO: [USF-XSim-61] Executing 'SIMULATE' step in 'D:/Minh_Hung/L05_Group_2_BTL_TKVM/L05_Group_2_BTL_TKVM.sim/sim_1/behav/xsim'
INFO: [USF-XSim-98] *** Running xsim
   with args "RISC_CPU_tb_behav -key {Behavioral:sim_1:Functional:RISC_CPU_tb} -tclbatch {RISC_CPU_tb.tcl} -log {simulate.log}"
INFO: [USF-XSim-8] Loading simulator feature
Time resolution is 1 ps
source RISC_CPU_tb.tcl
# set curr_wave [current_wave_config]
# if { [string length $curr_wave] == 0 } {
#   if { [llength [get_objects]] > 0} {
#     add_wave /
#     set_property needs_save false [current_wave_config]
#   } else {
#      send_msg_id Add_Wave-1 WARNING "No top level signals found. Simulator will start without a wave window. If you want to open a wave window go to 'File->New Waveform Configuration' or type 'create_wave_config' in the TCL console."
#   }
# }
# run 1000ns
Time: 0 | PC_out: 0 | Opcode: zzz | Operand: zzzzz | Accumulator: 0 | ALU_Result: x | Instr: xx | Data_Mem: xx | Wr_En: 0 | Mux_Sel: 1 | PC_En: 0 | SKZ: 0 | JMP: 0 | state: 0000 | ld_ac: 0 | alu_enable: 0
State INST_FETCH: 0000
Time: 15000 | PC_out: 0 | Opcode: zzz | Operand: zzzzz | Accumulator: 0 | ALU_Result: x | Instr: xx | Data_Mem: xx | Wr_En: 0 | Mux_Sel: 1 | PC_En: 0 | SKZ: 0 | JMP: 0 | state: 0001 | ld_ac: 0 | alu_enable: 0
State INST_LOAD: 0001
Time: 25000 | PC_out: 0 | Opcode: zzz | Operand: zzzzz | Accumulator: 0 | ALU_Result: x | Instr: fe | Data_Mem: xx | Wr_En: 0 | Mux_Sel: 1 | PC_En: 0 | SKZ: 0 | JMP: 0 | state: 0010 | ld_ac: 0 | alu_enable: 0
State IDLE: 0010
Time: 35000 | PC_out: 0 | Opcode: 111 | Operand: 11110 | Accumulator: 0 | ALU_Result: x | Instr: fe | Data_Mem: xx | Wr_En: 0 | Mux_Sel: 1 | PC_En: 0 | SKZ: 0 | JMP: 0 | state: 0011 | ld_ac: 0 | alu_enable: 0
State OP_ADDR: 0011
Time: 45000 | PC_out: 0 | Opcode: 111 | Operand: 11110 | Accumulator: 0 | ALU_Result: x | Instr: fe | Data_Mem: xx | Wr_En: 0 | Mux_Sel: 0 | PC_En: 0 | SKZ: 0 | JMP: 0 | state: 0100 | ld_ac: 0 | alu_enable: 0
State OP_FETCH: 0100
Time: 55000 | PC_out: 0 | Opcode: 111 | Operand: 11110 | Accumulator: 0 | ALU_Result: x | Instr: fe | Data_Mem: xx | Wr_En: 0 | Mux_Sel: 0 | PC_En: 0 | SKZ: 0 | JMP: 1 | state: 0101 | ld_ac: 0 | alu_enable: 0
State ALU_OP: 0101
Time: 65000 | PC_out: 0 | Opcode: 111 | Operand: 11110 | Accumulator: 0 | ALU_Result: x | Instr: fe | Data_Mem: xx | Wr_En: 0 | Mux_Sel: 0 | PC_En: 1 | SKZ: 0 | JMP: 1 | state: 0110 | ld_ac: 0 | alu_enable: 0
State STORE: 0110
Time: 75000 | PC_out: 30 | Opcode: 111 | Operand: 11110 | Accumulator: 0 | ALU_Result: x | Instr: fe | Data_Mem: xx | Wr_En: 0 | Mux_Sel: 1 | PC_En: 1 | SKZ: 0 | JMP: 1 | state: 0111 | ld_ac: 0 | alu_enable: 0
State INST_ADDR: 0111
Time: 85000 | PC_out: 30 | Opcode: 111 | Operand: 11110 | Accumulator: 0 | ALU_Result: x | Instr: fe | Data_Mem: xx | Wr_En: 0 | Mux_Sel: 1 | PC_En: 0 | SKZ: 0 | JMP: 0 | state: 0000 | ld_ac: 0 | alu_enable: 0
State INST_FETCH: 0000
Time: 95000 | PC_out: 30 | Opcode: 111 | Operand: 11110 | Accumulator: 0 | ALU_Result: x | Instr: e3 | Data_Mem: xx | Wr_En: 0 | Mux_Sel: 1 | PC_En: 0 | SKZ: 0 | JMP: 0 | state: 0001 | ld_ac: 0 | alu_enable: 0
State INST_LOAD: 0001
Time: 105000 | PC_out: 30 | Opcode: 111 | Operand: 11110 | Accumulator: 0 | ALU_Result: x | Instr: e3 | Data_Mem: xx | Wr_En: 0 | Mux_Sel: 1 | PC_En: 0 | SKZ: 0 | JMP: 0 | state: 0010 | ld_ac: 0 | alu_enable: 0
State IDLE: 0010
Time: 115000 | PC_out: 30 | Opcode: 111 | Operand: 00011 | Accumulator: 0 | ALU_Result: x | Instr: e3 | Data_Mem: xx | Wr_En: 0 | Mux_Sel: 1 | PC_En: 0 | SKZ: 0 | JMP: 0 | state: 0011 | ld_ac: 0 | alu_enable: 0
State OP_ADDR: 0011
Time: 125000 | PC_out: 30 | Opcode: 111 | Operand: 00011 | Accumulator: 0 | ALU_Result: x | Instr: e3 | Data_Mem: xx | Wr_En: 0 | Mux_Sel: 0 | PC_En: 0 | SKZ: 0 | JMP: 0 | state: 0100 | ld_ac: 0 | alu_enable: 0
State OP_FETCH: 0100
Time: 135000 | PC_out: 30 | Opcode: 111 | Operand: 00011 | Accumulator: 0 | ALU_Result: x | Instr: e3 | Data_Mem: xx | Wr_En: 0 | Mux_Sel: 0 | PC_En: 0 | SKZ: 0 | JMP: 1 | state: 0101 | ld_ac: 0 | alu_enable: 0
State ALU_OP: 0101
Time: 145000 | PC_out: 30 | Opcode: 111 | Operand: 00011 | Accumulator: 0 | ALU_Result: x | Instr: e3 | Data_Mem: 00 | Wr_En: 0 | Mux_Sel: 0 | PC_En: 1 | SKZ: 0 | JMP: 1 | state: 0110 | ld_ac: 0 | alu_enable: 0
State STORE: 0110
Time: 155000 | PC_out: 3 | Opcode: 111 | Operand: 00011 | Accumulator: 0 | ALU_Result: x | Instr: e3 | Data_Mem: 00 | Wr_En: 0 | Mux_Sel: 1 | PC_En: 1 | SKZ: 0 | JMP: 1 | state: 0111 | ld_ac: 0 | alu_enable: 0
State INST_ADDR: 0111
Time: 165000 | PC_out: 3 | Opcode: 111 | Operand: 00011 | Accumulator: 0 | ALU_Result: x | Instr: e3 | Data_Mem: 00 | Wr_En: 0 | Mux_Sel: 1 | PC_En: 0 | SKZ: 0 | JMP: 0 | state: 0000 | ld_ac: 0 | alu_enable: 0
State INST_FETCH: 0000
Time: 175000 | PC_out: 3 | Opcode: 111 | Operand: 00011 | Accumulator: 0 | ALU_Result: x | Instr: ba | Data_Mem: 00 | Wr_En: 0 | Mux_Sel: 1 | PC_En: 0 | SKZ: 0 | JMP: 0 | state: 0001 | ld_ac: 0 | alu_enable: 0
State INST_LOAD: 0001
Time: 185000 | PC_out: 3 | Opcode: 111 | Operand: 00011 | Accumulator: 0 | ALU_Result: x | Instr: ba | Data_Mem: 00 | Wr_En: 0 | Mux_Sel: 1 | PC_En: 0 | SKZ: 0 | JMP: 0 | state: 0010 | ld_ac: 0 | alu_enable: 0
State IDLE: 0010
Time: 195000 | PC_out: 3 | Opcode: 101 | Operand: 11010 | Accumulator: 0 | ALU_Result: x | Instr: ba | Data_Mem: 00 | Wr_En: 0 | Mux_Sel: 1 | PC_En: 0 | SKZ: 0 | JMP: 0 | state: 0011 | ld_ac: 0 | alu_enable: 0
State OP_ADDR: 0011
Time: 205000 | PC_out: 3 | Opcode: 101 | Operand: 11010 | Accumulator: 0 | ALU_Result: x | Instr: ba | Data_Mem: 00 | Wr_En: 0 | Mux_Sel: 0 | PC_En: 0 | SKZ: 0 | JMP: 0 | state: 0100 | ld_ac: 0 | alu_enable: 0
State OP_FETCH: 0100
Time: 215000 | PC_out: 3 | Opcode: 101 | Operand: 11010 | Accumulator: 0 | ALU_Result: x | Instr: ba | Data_Mem: 00 | Wr_En: 0 | Mux_Sel: 0 | PC_En: 0 | SKZ: 0 | JMP: 0 | state: 0101 | ld_ac: 0 | alu_enable: 1
State ALU_OP: 0101
Time: 225000 | PC_out: 3 | Opcode: 101 | Operand: 11010 | Accumulator: 0 | ALU_Result: 0 | Instr: ba | Data_Mem: 00 | Wr_En: 0 | Mux_Sel: 0 | PC_En: 0 | SKZ: 0 | JMP: 0 | state: 0110 | ld_ac: 1 | alu_enable: 1
State STORE: 0110
Time: 235000 | PC_out: 3 | Opcode: 101 | Operand: 11010 | Accumulator: 0 | ALU_Result: 0 | Instr: ba | Data_Mem: 00 | Wr_En: 0 | Mux_Sel: 1 | PC_En: 1 | SKZ: 0 | JMP: 0 | state: 0111 | ld_ac: 1 | alu_enable: 0
State INST_ADDR: 0111
Time: 245000 | PC_out: 4 | Opcode: 101 | Operand: 11010 | Accumulator: 0 | ALU_Result: 0 | Instr: ba | Data_Mem: 00 | Wr_En: 0 | Mux_Sel: 1 | PC_En: 0 | SKZ: 0 | JMP: 0 | state: 0000 | ld_ac: 0 | alu_enable: 0
State INST_FETCH: 0000
Time: 255000 | PC_out: 4 | Opcode: 101 | Operand: 11010 | Accumulator: 0 | ALU_Result: 0 | Instr: ba | Data_Mem: 00 | Wr_En: 0 | Mux_Sel: 1 | PC_En: 0 | SKZ: 0 | JMP: 0 | state: 0001 | ld_ac: 0 | alu_enable: 0
State INST_LOAD: 0001
Time: 265000 | PC_out: 4 | Opcode: 101 | Operand: 11010 | Accumulator: 0 | ALU_Result: 0 | Instr: 20 | Data_Mem: 00 | Wr_En: 0 | Mux_Sel: 1 | PC_En: 0 | SKZ: 0 | JMP: 0 | state: 0010 | ld_ac: 0 | alu_enable: 0
State IDLE: 0010
Time: 275000 | PC_out: 4 | Opcode: 001 | Operand: 00000 | Accumulator: 0 | ALU_Result: 0 | Instr: 20 | Data_Mem: 00 | Wr_En: 0 | Mux_Sel: 1 | PC_En: 0 | SKZ: 0 | JMP: 0 | state: 0011 | ld_ac: 0 | alu_enable: 0
State OP_ADDR: 0011
Time: 285000 | PC_out: 4 | Opcode: 001 | Operand: 00000 | Accumulator: 0 | ALU_Result: 0 | Instr: 20 | Data_Mem: 00 | Wr_En: 0 | Mux_Sel: 0 | PC_En: 0 | SKZ: 0 | JMP: 0 | state: 0100 | ld_ac: 0 | alu_enable: 0
State OP_FETCH: 0100
Time: 295000 | PC_out: 4 | Opcode: 001 | Operand: 00000 | Accumulator: 0 | ALU_Result: 0 | Instr: 20 | Data_Mem: 00 | Wr_En: 0 | Mux_Sel: 0 | PC_En: 0 | SKZ: 1 | JMP: 0 | state: 0101 | ld_ac: 0 | alu_enable: 0
State ALU_OP: 0101
Time: 305000 | PC_out: 4 | Opcode: 001 | Operand: 00000 | Accumulator: 0 | ALU_Result: 0 | Instr: 20 | Data_Mem: 00 | Wr_En: 0 | Mux_Sel: 0 | PC_En: 1 | SKZ: 1 | JMP: 0 | state: 0110 | ld_ac: 0 | alu_enable: 0
State STORE: 0110
Time: 315000 | PC_out: 6 | Opcode: 001 | Operand: 00000 | Accumulator: 0 | ALU_Result: 0 | Instr: 20 | Data_Mem: 00 | Wr_En: 0 | Mux_Sel: 1 | PC_En: 1 | SKZ: 1 | JMP: 0 | state: 0111 | ld_ac: 0 | alu_enable: 0
State INST_ADDR: 0111
Time: 325000 | PC_out: 8 | Opcode: 001 | Operand: 00000 | Accumulator: 0 | ALU_Result: 0 | Instr: 20 | Data_Mem: 00 | Wr_En: 0 | Mux_Sel: 1 | PC_En: 0 | SKZ: 0 | JMP: 0 | state: 0000 | ld_ac: 0 | alu_enable: 0
State INST_FETCH: 0000
Time: 335000 | PC_out: 8 | Opcode: 001 | Operand: 00000 | Accumulator: 0 | ALU_Result: 0 | Instr: bb | Data_Mem: 00 | Wr_En: 0 | Mux_Sel: 1 | PC_En: 0 | SKZ: 0 | JMP: 0 | state: 0001 | ld_ac: 0 | alu_enable: 0
State INST_LOAD: 0001
Time: 345000 | PC_out: 8 | Opcode: 001 | Operand: 00000 | Accumulator: 0 | ALU_Result: 0 | Instr: ea | Data_Mem: 00 | Wr_En: 0 | Mux_Sel: 1 | PC_En: 0 | SKZ: 0 | JMP: 0 | state: 0010 | ld_ac: 0 | alu_enable: 0
State IDLE: 0010
Time: 355000 | PC_out: 8 | Opcode: 111 | Operand: 01010 | Accumulator: 0 | ALU_Result: 0 | Instr: ea | Data_Mem: 00 | Wr_En: 0 | Mux_Sel: 1 | PC_En: 0 | SKZ: 0 | JMP: 0 | state: 0011 | ld_ac: 0 | alu_enable: 0
State OP_ADDR: 0011
Time: 365000 | PC_out: 8 | Opcode: 111 | Operand: 01010 | Accumulator: 0 | ALU_Result: 0 | Instr: ea | Data_Mem: 00 | Wr_En: 0 | Mux_Sel: 0 | PC_En: 0 | SKZ: 0 | JMP: 0 | state: 0100 | ld_ac: 0 | alu_enable: 0
State OP_FETCH: 0100
Time: 375000 | PC_out: 8 | Opcode: 111 | Operand: 01010 | Accumulator: 0 | ALU_Result: 0 | Instr: ea | Data_Mem: 00 | Wr_En: 0 | Mux_Sel: 0 | PC_En: 0 | SKZ: 0 | JMP: 1 | state: 0101 | ld_ac: 0 | alu_enable: 0
State ALU_OP: 0101
Time: 385000 | PC_out: 8 | Opcode: 111 | Operand: 01010 | Accumulator: 0 | ALU_Result: 0 | Instr: ea | Data_Mem: 00 | Wr_En: 0 | Mux_Sel: 0 | PC_En: 1 | SKZ: 0 | JMP: 1 | state: 0110 | ld_ac: 0 | alu_enable: 0
State STORE: 0110
Time: 395000 | PC_out: 10 | Opcode: 111 | Operand: 01010 | Accumulator: 0 | ALU_Result: 0 | Instr: ea | Data_Mem: 00 | Wr_En: 0 | Mux_Sel: 1 | PC_En: 1 | SKZ: 0 | JMP: 1 | state: 0111 | ld_ac: 0 | alu_enable: 0
State INST_ADDR: 0111
Time: 405000 | PC_out: 10 | Opcode: 111 | Operand: 01010 | Accumulator: 0 | ALU_Result: 0 | Instr: ea | Data_Mem: 00 | Wr_En: 0 | Mux_Sel: 1 | PC_En: 0 | SKZ: 0 | JMP: 0 | state: 0000 | ld_ac: 0 | alu_enable: 0
State INST_FETCH: 0000
Time: 415000 | PC_out: 10 | Opcode: 111 | Operand: 01010 | Accumulator: 0 | ALU_Result: 0 | Instr: dc | Data_Mem: 00 | Wr_En: 0 | Mux_Sel: 1 | PC_En: 0 | SKZ: 0 | JMP: 0 | state: 0001 | ld_ac: 0 | alu_enable: 0
State INST_LOAD: 0001
Time: 425000 | PC_out: 10 | Opcode: 111 | Operand: 01010 | Accumulator: 0 | ALU_Result: 0 | Instr: dc | Data_Mem: 00 | Wr_En: 0 | Mux_Sel: 1 | PC_En: 0 | SKZ: 0 | JMP: 0 | state: 0010 | ld_ac: 0 | alu_enable: 0
State IDLE: 0010
Time: 435000 | PC_out: 10 | Opcode: 110 | Operand: 11100 | Accumulator: 0 | ALU_Result: 0 | Instr: dc | Data_Mem: 00 | Wr_En: 0 | Mux_Sel: 1 | PC_En: 0 | SKZ: 0 | JMP: 0 | state: 0011 | ld_ac: 0 | alu_enable: 0
State OP_ADDR: 0011
Time: 445000 | PC_out: 10 | Opcode: 110 | Operand: 11100 | Accumulator: 0 | ALU_Result: 0 | Instr: dc | Data_Mem: 00 | Wr_En: 0 | Mux_Sel: 0 | PC_En: 0 | SKZ: 0 | JMP: 0 | state: 0100 | ld_ac: 0 | alu_enable: 0
State OP_FETCH: 0100
Time: 455000 | PC_out: 10 | Opcode: 110 | Operand: 11100 | Accumulator: 0 | ALU_Result: 0 | Instr: dc | Data_Mem: 00 | Wr_En: 0 | Mux_Sel: 0 | PC_En: 0 | SKZ: 0 | JMP: 0 | state: 0101 | ld_ac: 0 | alu_enable: 0
State ALU_OP: 0101
Time: 465000 | PC_out: 10 | Opcode: 110 | Operand: 11100 | Accumulator: 0 | ALU_Result: 0 | Instr: dc | Data_Mem: aa | Wr_En: 0 | Mux_Sel: 0 | PC_En: 0 | SKZ: 0 | JMP: 0 | state: 0110 | ld_ac: 0 | alu_enable: 0
State STORE: 0110
Time: 475000 | PC_out: 10 | Opcode: 110 | Operand: 11100 | Accumulator: 0 | ALU_Result: 0 | Instr: dc | Data_Mem: 00 | Wr_En: 1 | Mux_Sel: 1 | PC_En: 1 | SKZ: 0 | JMP: 0 | state: 0111 | ld_ac: 0 | alu_enable: 0
State INST_ADDR: 0111
Time: 485000 | PC_out: 11 | Opcode: 110 | Operand: 11100 | Accumulator: 0 | ALU_Result: 0 | Instr: dc | Data_Mem: aa | Wr_En: 0 | Mux_Sel: 1 | PC_En: 0 | SKZ: 0 | JMP: 0 | state: 0000 | ld_ac: 0 | alu_enable: 0
State INST_FETCH: 0000
Time: 495000 | PC_out: 11 | Opcode: 110 | Operand: 11100 | Accumulator: 0 | ALU_Result: 0 | Instr: dc | Data_Mem: 00 | Wr_En: 0 | Mux_Sel: 1 | PC_En: 0 | SKZ: 0 | JMP: 0 | state: 0001 | ld_ac: 0 | alu_enable: 0
State INST_LOAD: 0001
Time: 505000 | PC_out: 11 | Opcode: 110 | Operand: 11100 | Accumulator: 0 | ALU_Result: 0 | Instr: ba | Data_Mem: 00 | Wr_En: 0 | Mux_Sel: 1 | PC_En: 0 | SKZ: 0 | JMP: 0 | state: 0010 | ld_ac: 0 | alu_enable: 0
State IDLE: 0010
Time: 515000 | PC_out: 11 | Opcode: 101 | Operand: 11010 | Accumulator: 0 | ALU_Result: 0 | Instr: ba | Data_Mem: 00 | Wr_En: 0 | Mux_Sel: 1 | PC_En: 0 | SKZ: 0 | JMP: 0 | state: 0011 | ld_ac: 0 | alu_enable: 0
State OP_ADDR: 0011
Time: 525000 | PC_out: 11 | Opcode: 101 | Operand: 11010 | Accumulator: 0 | ALU_Result: 0 | Instr: ba | Data_Mem: 00 | Wr_En: 0 | Mux_Sel: 0 | PC_En: 0 | SKZ: 0 | JMP: 0 | state: 0100 | ld_ac: 0 | alu_enable: 0
State OP_FETCH: 0100
Time: 535000 | PC_out: 11 | Opcode: 101 | Operand: 11010 | Accumulator: 0 | ALU_Result: 0 | Instr: ba | Data_Mem: 00 | Wr_En: 0 | Mux_Sel: 0 | PC_En: 0 | SKZ: 0 | JMP: 0 | state: 0101 | ld_ac: 0 | alu_enable: 1
State ALU_OP: 0101
Time: 545000 | PC_out: 11 | Opcode: 101 | Operand: 11010 | Accumulator: 0 | ALU_Result: 0 | Instr: ba | Data_Mem: 00 | Wr_En: 0 | Mux_Sel: 0 | PC_En: 0 | SKZ: 0 | JMP: 0 | state: 0110 | ld_ac: 1 | alu_enable: 1
State STORE: 0110
Time: 555000 | PC_out: 11 | Opcode: 101 | Operand: 11010 | Accumulator: 0 | ALU_Result: 0 | Instr: ba | Data_Mem: 00 | Wr_En: 0 | Mux_Sel: 1 | PC_En: 1 | SKZ: 0 | JMP: 0 | state: 0111 | ld_ac: 1 | alu_enable: 0
State INST_ADDR: 0111
Time: 565000 | PC_out: 12 | Opcode: 101 | Operand: 11010 | Accumulator: 0 | ALU_Result: 0 | Instr: ba | Data_Mem: 00 | Wr_En: 0 | Mux_Sel: 1 | PC_En: 0 | SKZ: 0 | JMP: 0 | state: 0000 | ld_ac: 0 | alu_enable: 0
State INST_FETCH: 0000
Time: 575000 | PC_out: 12 | Opcode: 101 | Operand: 11010 | Accumulator: 0 | ALU_Result: 0 | Instr: ba | Data_Mem: 00 | Wr_En: 0 | Mux_Sel: 1 | PC_En: 0 | SKZ: 0 | JMP: 0 | state: 0001 | ld_ac: 0 | alu_enable: 0
State INST_LOAD: 0001
Time: 585000 | PC_out: 12 | Opcode: 101 | Operand: 11010 | Accumulator: 0 | ALU_Result: 0 | Instr: dc | Data_Mem: 00 | Wr_En: 0 | Mux_Sel: 1 | PC_En: 0 | SKZ: 0 | JMP: 0 | state: 0010 | ld_ac: 0 | alu_enable: 0
State IDLE: 0010
Time: 595000 | PC_out: 12 | Opcode: 110 | Operand: 11100 | Accumulator: 0 | ALU_Result: 0 | Instr: dc | Data_Mem: 00 | Wr_En: 0 | Mux_Sel: 1 | PC_En: 0 | SKZ: 0 | JMP: 0 | state: 0011 | ld_ac: 0 | alu_enable: 0
State OP_ADDR: 0011
Time: 605000 | PC_out: 12 | Opcode: 110 | Operand: 11100 | Accumulator: 0 | ALU_Result: 0 | Instr: dc | Data_Mem: 00 | Wr_En: 0 | Mux_Sel: 0 | PC_En: 0 | SKZ: 0 | JMP: 0 | state: 0100 | ld_ac: 0 | alu_enable: 0
State OP_FETCH: 0100
Time: 615000 | PC_out: 12 | Opcode: 110 | Operand: 11100 | Accumulator: 0 | ALU_Result: 0 | Instr: dc | Data_Mem: 00 | Wr_En: 0 | Mux_Sel: 0 | PC_En: 0 | SKZ: 0 | JMP: 0 | state: 0101 | ld_ac: 0 | alu_enable: 0
State ALU_OP: 0101
Time: 625000 | PC_out: 12 | Opcode: 110 | Operand: 11100 | Accumulator: 0 | ALU_Result: 0 | Instr: dc | Data_Mem: 00 | Wr_En: 0 | Mux_Sel: 0 | PC_En: 0 | SKZ: 0 | JMP: 0 | state: 0110 | ld_ac: 0 | alu_enable: 0
State STORE: 0110
Time: 635000 | PC_out: 12 | Opcode: 110 | Operand: 11100 | Accumulator: 0 | ALU_Result: 0 | Instr: dc | Data_Mem: 00 | Wr_En: 1 | Mux_Sel: 1 | PC_En: 1 | SKZ: 0 | JMP: 0 | state: 0111 | ld_ac: 0 | alu_enable: 0
State INST_ADDR: 0111
Time: 645000 | PC_out: 13 | Opcode: 110 | Operand: 11100 | Accumulator: 0 | ALU_Result: 0 | Instr: dc | Data_Mem: 00 | Wr_En: 0 | Mux_Sel: 1 | PC_En: 0 | SKZ: 0 | JMP: 0 | state: 0000 | ld_ac: 0 | alu_enable: 0
State INST_FETCH: 0000
Time: 655000 | PC_out: 13 | Opcode: 110 | Operand: 11100 | Accumulator: 0 | ALU_Result: 0 | Instr: dc | Data_Mem: 00 | Wr_En: 0 | Mux_Sel: 1 | PC_En: 0 | SKZ: 0 | JMP: 0 | state: 0001 | ld_ac: 0 | alu_enable: 0
State INST_LOAD: 0001
Time: 665000 | PC_out: 13 | Opcode: 110 | Operand: 11100 | Accumulator: 0 | ALU_Result: 0 | Instr: bc | Data_Mem: 00 | Wr_En: 0 | Mux_Sel: 1 | PC_En: 0 | SKZ: 0 | JMP: 0 | state: 0010 | ld_ac: 0 | alu_enable: 0
State IDLE: 0010
Time: 675000 | PC_out: 13 | Opcode: 101 | Operand: 11100 | Accumulator: 0 | ALU_Result: 0 | Instr: bc | Data_Mem: 00 | Wr_En: 0 | Mux_Sel: 1 | PC_En: 0 | SKZ: 0 | JMP: 0 | state: 0011 | ld_ac: 0 | alu_enable: 0
State OP_ADDR: 0011
Time: 685000 | PC_out: 13 | Opcode: 101 | Operand: 11100 | Accumulator: 0 | ALU_Result: 0 | Instr: bc | Data_Mem: 00 | Wr_En: 0 | Mux_Sel: 0 | PC_En: 0 | SKZ: 0 | JMP: 0 | state: 0100 | ld_ac: 0 | alu_enable: 0
State OP_FETCH: 0100
Time: 695000 | PC_out: 13 | Opcode: 101 | Operand: 11100 | Accumulator: 0 | ALU_Result: 0 | Instr: bc | Data_Mem: 00 | Wr_En: 0 | Mux_Sel: 0 | PC_En: 0 | SKZ: 0 | JMP: 0 | state: 0101 | ld_ac: 0 | alu_enable: 1
State ALU_OP: 0101
Time: 705000 | PC_out: 13 | Opcode: 101 | Operand: 11100 | Accumulator: 0 | ALU_Result: 0 | Instr: bc | Data_Mem: 00 | Wr_En: 0 | Mux_Sel: 0 | PC_En: 0 | SKZ: 0 | JMP: 0 | state: 0110 | ld_ac: 1 | alu_enable: 1
State STORE: 0110
Time: 715000 | PC_out: 13 | Opcode: 101 | Operand: 11100 | Accumulator: 0 | ALU_Result: 0 | Instr: bc | Data_Mem: 00 | Wr_En: 0 | Mux_Sel: 1 | PC_En: 1 | SKZ: 0 | JMP: 0 | state: 0111 | ld_ac: 1 | alu_enable: 0
State INST_ADDR: 0111
Time: 725000 | PC_out: 14 | Opcode: 101 | Operand: 11100 | Accumulator: 0 | ALU_Result: 0 | Instr: bc | Data_Mem: 00 | Wr_En: 0 | Mux_Sel: 1 | PC_En: 0 | SKZ: 0 | JMP: 0 | state: 0000 | ld_ac: 0 | alu_enable: 0
State INST_FETCH: 0000
Time: 735000 | PC_out: 14 | Opcode: 101 | Operand: 11100 | Accumulator: 0 | ALU_Result: 0 | Instr: bc | Data_Mem: 00 | Wr_En: 0 | Mux_Sel: 1 | PC_En: 0 | SKZ: 0 | JMP: 0 | state: 0001 | ld_ac: 0 | alu_enable: 0
State INST_LOAD: 0001
Time: 745000 | PC_out: 14 | Opcode: 101 | Operand: 11100 | Accumulator: 0 | ALU_Result: 0 | Instr: 20 | Data_Mem: 00 | Wr_En: 0 | Mux_Sel: 1 | PC_En: 0 | SKZ: 0 | JMP: 0 | state: 0010 | ld_ac: 0 | alu_enable: 0
State IDLE: 0010
Time: 755000 | PC_out: 14 | Opcode: 001 | Operand: 00000 | Accumulator: 0 | ALU_Result: 0 | Instr: 20 | Data_Mem: 00 | Wr_En: 0 | Mux_Sel: 1 | PC_En: 0 | SKZ: 0 | JMP: 0 | state: 0011 | ld_ac: 0 | alu_enable: 0
State OP_ADDR: 0011
Time: 765000 | PC_out: 14 | Opcode: 001 | Operand: 00000 | Accumulator: 0 | ALU_Result: 0 | Instr: 20 | Data_Mem: 00 | Wr_En: 0 | Mux_Sel: 0 | PC_En: 0 | SKZ: 0 | JMP: 0 | state: 0100 | ld_ac: 0 | alu_enable: 0
State OP_FETCH: 0100
Time: 775000 | PC_out: 14 | Opcode: 001 | Operand: 00000 | Accumulator: 0 | ALU_Result: 0 | Instr: 20 | Data_Mem: 00 | Wr_En: 0 | Mux_Sel: 0 | PC_En: 0 | SKZ: 1 | JMP: 0 | state: 0101 | ld_ac: 0 | alu_enable: 0
State ALU_OP: 0101
Time: 785000 | PC_out: 14 | Opcode: 001 | Operand: 00000 | Accumulator: 0 | ALU_Result: 0 | Instr: 20 | Data_Mem: 00 | Wr_En: 0 | Mux_Sel: 0 | PC_En: 1 | SKZ: 1 | JMP: 0 | state: 0110 | ld_ac: 0 | alu_enable: 0
State STORE: 0110
Time: 795000 | PC_out: 16 | Opcode: 001 | Operand: 00000 | Accumulator: 0 | ALU_Result: 0 | Instr: 20 | Data_Mem: 00 | Wr_En: 0 | Mux_Sel: 1 | PC_En: 1 | SKZ: 1 | JMP: 0 | state: 0111 | ld_ac: 0 | alu_enable: 0
State INST_ADDR: 0111
Time: 805000 | PC_out: 18 | Opcode: 001 | Operand: 00000 | Accumulator: 0 | ALU_Result: 0 | Instr: 20 | Data_Mem: 00 | Wr_En: 0 | Mux_Sel: 1 | PC_En: 0 | SKZ: 0 | JMP: 0 | state: 0000 | ld_ac: 0 | alu_enable: 0
State INST_FETCH: 0000
Time: 815000 | PC_out: 18 | Opcode: 001 | Operand: 00000 | Accumulator: 0 | ALU_Result: 0 | Instr: 9b | Data_Mem: 00 | Wr_En: 0 | Mux_Sel: 1 | PC_En: 0 | SKZ: 0 | JMP: 0 | state: 0001 | ld_ac: 0 | alu_enable: 0
State INST_LOAD: 0001
Time: 825000 | PC_out: 18 | Opcode: 001 | Operand: 00000 | Accumulator: 0 | ALU_Result: 0 | Instr: f4 | Data_Mem: 00 | Wr_En: 0 | Mux_Sel: 1 | PC_En: 0 | SKZ: 0 | JMP: 0 | state: 0010 | ld_ac: 0 | alu_enable: 0
State IDLE: 0010
Time: 835000 | PC_out: 18 | Opcode: 111 | Operand: 10100 | Accumulator: 0 | ALU_Result: 0 | Instr: f4 | Data_Mem: 00 | Wr_En: 0 | Mux_Sel: 1 | PC_En: 0 | SKZ: 0 | JMP: 0 | state: 0011 | ld_ac: 0 | alu_enable: 0
State OP_ADDR: 0011
Time: 845000 | PC_out: 18 | Opcode: 111 | Operand: 10100 | Accumulator: 0 | ALU_Result: 0 | Instr: f4 | Data_Mem: 00 | Wr_En: 0 | Mux_Sel: 0 | PC_En: 0 | SKZ: 0 | JMP: 0 | state: 0100 | ld_ac: 0 | alu_enable: 0
State OP_FETCH: 0100
Time: 855000 | PC_out: 18 | Opcode: 111 | Operand: 10100 | Accumulator: 0 | ALU_Result: 0 | Instr: f4 | Data_Mem: 00 | Wr_En: 0 | Mux_Sel: 0 | PC_En: 0 | SKZ: 0 | JMP: 1 | state: 0101 | ld_ac: 0 | alu_enable: 0
State ALU_OP: 0101
Time: 865000 | PC_out: 18 | Opcode: 111 | Operand: 10100 | Accumulator: 0 | ALU_Result: 0 | Instr: f4 | Data_Mem: 00 | Wr_En: 0 | Mux_Sel: 0 | PC_En: 1 | SKZ: 0 | JMP: 1 | state: 0110 | ld_ac: 0 | alu_enable: 0
State STORE: 0110
Time: 875000 | PC_out: 20 | Opcode: 111 | Operand: 10100 | Accumulator: 0 | ALU_Result: 0 | Instr: f4 | Data_Mem: 00 | Wr_En: 0 | Mux_Sel: 1 | PC_En: 1 | SKZ: 0 | JMP: 1 | state: 0111 | ld_ac: 0 | alu_enable: 0
State INST_ADDR: 0111
Time: 885000 | PC_out: 20 | Opcode: 111 | Operand: 10100 | Accumulator: 0 | ALU_Result: 0 | Instr: f4 | Data_Mem: 00 | Wr_En: 0 | Mux_Sel: 1 | PC_En: 0 | SKZ: 0 | JMP: 0 | state: 0000 | ld_ac: 0 | alu_enable: 0
State INST_FETCH: 0000
Time: 895000 | PC_out: 20 | Opcode: 111 | Operand: 10100 | Accumulator: 0 | ALU_Result: 0 | Instr: 9b | Data_Mem: 00 | Wr_En: 0 | Mux_Sel: 1 | PC_En: 0 | SKZ: 0 | JMP: 0 | state: 0001 | ld_ac: 0 | alu_enable: 0
State INST_LOAD: 0001
Time: 905000 | PC_out: 20 | Opcode: 111 | Operand: 10100 | Accumulator: 0 | ALU_Result: 0 | Instr: 9b | Data_Mem: 00 | Wr_En: 0 | Mux_Sel: 1 | PC_En: 0 | SKZ: 0 | JMP: 0 | state: 0010 | ld_ac: 0 | alu_enable: 0
State IDLE: 0010
Time: 915000 | PC_out: 20 | Opcode: 100 | Operand: 11011 | Accumulator: 0 | ALU_Result: 0 | Instr: 9b | Data_Mem: 00 | Wr_En: 0 | Mux_Sel: 1 | PC_En: 0 | SKZ: 0 | JMP: 0 | state: 0011 | ld_ac: 0 | alu_enable: 0
State OP_ADDR: 0011
Time: 925000 | PC_out: 20 | Opcode: 100 | Operand: 11011 | Accumulator: 0 | ALU_Result: 0 | Instr: 9b | Data_Mem: 00 | Wr_En: 0 | Mux_Sel: 0 | PC_En: 0 | SKZ: 0 | JMP: 0 | state: 0100 | ld_ac: 0 | alu_enable: 0
State OP_FETCH: 0100
Time: 935000 | PC_out: 20 | Opcode: 100 | Operand: 11011 | Accumulator: 0 | ALU_Result: 0 | Instr: 9b | Data_Mem: 00 | Wr_En: 0 | Mux_Sel: 0 | PC_En: 0 | SKZ: 0 | JMP: 0 | state: 0101 | ld_ac: 0 | alu_enable: 1
State ALU_OP: 0101
Time: 945000 | PC_out: 20 | Opcode: 100 | Operand: 11011 | Accumulator: 0 | ALU_Result: 0 | Instr: 9b | Data_Mem: ff | Wr_En: 0 | Mux_Sel: 0 | PC_En: 0 | SKZ: 0 | JMP: 0 | state: 0110 | ld_ac: 1 | alu_enable: 1
State STORE: 0110
Time: 955000 | PC_out: 20 | Opcode: 100 | Operand: 11011 | Accumulator: 0 | ALU_Result: 255 | Instr: 9b | Data_Mem: ff | Wr_En: 0 | Mux_Sel: 1 | PC_En: 1 | SKZ: 0 | JMP: 0 | state: 0111 | ld_ac: 1 | alu_enable: 0
State INST_ADDR: 0111
Time: 965000 | PC_out: 21 | Opcode: 100 | Operand: 11011 | Accumulator: 255 | ALU_Result: 255 | Instr: 9b | Data_Mem: ff | Wr_En: 0 | Mux_Sel: 1 | PC_En: 0 | SKZ: 0 | JMP: 0 | state: 0000 | ld_ac: 0 | alu_enable: 0
State INST_FETCH: 0000
Time: 975000 | PC_out: 21 | Opcode: 100 | Operand: 11011 | Accumulator: 255 | ALU_Result: 255 | Instr: 9b | Data_Mem: ff | Wr_En: 0 | Mux_Sel: 1 | PC_En: 0 | SKZ: 0 | JMP: 0 | state: 0001 | ld_ac: 0 | alu_enable: 0
State INST_LOAD: 0001
Time: 985000 | PC_out: 21 | Opcode: 100 | Operand: 11011 | Accumulator: 255 | ALU_Result: 255 | Instr: 20 | Data_Mem: ff | Wr_En: 0 | Mux_Sel: 1 | PC_En: 0 | SKZ: 0 | JMP: 0 | state: 0010 | ld_ac: 0 | alu_enable: 0
State IDLE: 0010
Time: 995000 | PC_out: 21 | Opcode: 001 | Operand: 00000 | Accumulator: 255 | ALU_Result: 255 | Instr: 20 | Data_Mem: ff | Wr_En: 0 | Mux_Sel: 1 | PC_En: 0 | SKZ: 0 | JMP: 0 | state: 0011 | ld_ac: 0 | alu_enable: 0
INFO: [USF-XSim-96] XSim completed. Design snapshot 'RISC_CPU_tb_behav' loaded.
INFO: [USF-XSim-97] XSim simulation ran for 1000ns
launch_simulation: Time (s): cpu = 00:00:02 ; elapsed = 00:00:05 . Memory (MB): peak = 2721.336 ; gain = 0.000
close_sim
INFO: [Simtcl 6-16] Simulation closed
launch_simulation
Command: launch_simulation 
INFO: [Vivado 12-12493] Simulation top is 'RISC_CPU_tb'
WARNING: [Vivado 12-13340] Unable to auto find GCC executables from simulator install path! (path not set)
INFO: [Vivado 12-5682] Launching behavioral simulation in 'D:/Minh_Hung/L05_Group_2_BTL_TKVM/L05_Group_2_BTL_TKVM.sim/sim_1/behav/xsim'
INFO: [SIM-utils-51] Simulation object is 'sim_1'
INFO: [SIM-utils-72] Using boost library from 'D:/Vivado/2024.1/tps/boost_1_72_0'
INFO: [SIM-utils-54] Inspecting design source files for 'RISC_CPU_tb' in fileset 'sim_1'...
INFO: [SIM-utils-43] Exported 'D:/Minh_Hung/L05_Group_2_BTL_TKVM/L05_Group_2_BTL_TKVM.sim/sim_1/behav/xsim/data_init.mem'
INFO: [SIM-utils-43] Exported 'D:/Minh_Hung/L05_Group_2_BTL_TKVM/L05_Group_2_BTL_TKVM.sim/sim_1/behav/xsim/instruction_file.mem'
INFO: [USF-XSim-97] Finding global include files...
INFO: [USF-XSim-98] Fetching design files from 'sim_1'...
INFO: [USF-XSim-2] XSim::Compile design
INFO: [USF-XSim-61] Executing 'COMPILE and ANALYZE' step in 'D:/Minh_Hung/L05_Group_2_BTL_TKVM/L05_Group_2_BTL_TKVM.sim/sim_1/behav/xsim'
"xvlog --incr --relax -prj RISC_CPU_tb_vlog.prj"
INFO: [VRFC 10-2263] Analyzing Verilog file "D:/Minh_Hung/L05_Group_2_BTL_TKVM/L05_Group_2_BTL_TKVM.srcs/sources_1/new/ALU.v" into library xil_defaultlib
INFO: [VRFC 10-311] analyzing module ALU
INFO: [VRFC 10-2263] Analyzing Verilog file "D:/Minh_Hung/L05_Group_2_BTL_TKVM/L05_Group_2_BTL_TKVM.srcs/sources_1/new/Accumulator.v" into library xil_defaultlib
INFO: [VRFC 10-311] analyzing module Accumulator
INFO: [VRFC 10-2263] Analyzing Verilog file "D:/Minh_Hung/L05_Group_2_BTL_TKVM/L05_Group_2_BTL_TKVM.srcs/sources_1/new/Controller.v" into library xil_defaultlib
INFO: [VRFC 10-311] analyzing module Controller
WARNING: [VRFC 10-9336] redeclaration of ANSI port 'state' is not allowed [D:/Minh_Hung/L05_Group_2_BTL_TKVM/L05_Group_2_BTL_TKVM.srcs/sources_1/new/Controller.v:20]
INFO: [VRFC 10-2263] Analyzing Verilog file "D:/Minh_Hung/L05_Group_2_BTL_TKVM/L05_Group_2_BTL_TKVM.srcs/sources_1/new/DataMemory.v" into library xil_defaultlib
INFO: [VRFC 10-311] analyzing module dataMemory
INFO: [VRFC 10-2263] Analyzing Verilog file "D:/Minh_Hung/L05_Group_2_BTL_TKVM/L05_Group_2_BTL_TKVM.srcs/sources_1/new/Instruction_Memory.v" into library xil_defaultlib
INFO: [VRFC 10-311] analyzing module instructionMemory
INFO: [VRFC 10-2263] Analyzing Verilog file "D:/Minh_Hung/L05_Group_2_BTL_TKVM/L05_Group_2_BTL_TKVM.srcs/sources_1/new/Instruction_register.v" into library xil_defaultlib
INFO: [VRFC 10-311] analyzing module Instruction_Register
INFO: [VRFC 10-2263] Analyzing Verilog file "D:/Minh_Hung/L05_Group_2_BTL_TKVM/L05_Group_2_BTL_TKVM.srcs/sources_1/new/Program_counter.v" into library xil_defaultlib
INFO: [VRFC 10-311] analyzing module Program_counter
INFO: [VRFC 10-2263] Analyzing Verilog file "D:/Minh_Hung/L05_Group_2_BTL_TKVM/L05_Group_2_BTL_TKVM.srcs/sources_1/new/RISC_CPU.v" into library xil_defaultlib
INFO: [VRFC 10-311] analyzing module RISC_CPU
INFO: [VRFC 10-2263] Analyzing Verilog file "D:/Minh_Hung/L05_Group_2_BTL_TKVM/L05_Group_2_BTL_TKVM.srcs/sources_1/new/addr_mux.v" into library xil_defaultlib
INFO: [VRFC 10-311] analyzing module addr_mux
INFO: [VRFC 10-2263] Analyzing Verilog file "D:/Minh_Hung/L05_Group_2_BTL_TKVM/L05_Group_2_BTL_TKVM.srcs/sim_1/new/RISC_CPU_tb.v" into library xil_defaultlib
INFO: [VRFC 10-311] analyzing module RISC_CPU_tb
INFO: [USF-XSim-69] 'compile' step finished in '1' seconds
INFO: [USF-XSim-3] XSim::Elaborate design
INFO: [USF-XSim-61] Executing 'ELABORATE' step in 'D:/Minh_Hung/L05_Group_2_BTL_TKVM/L05_Group_2_BTL_TKVM.sim/sim_1/behav/xsim'
"xelab --incr --debug typical --relax --mt 2 -L xil_defaultlib -L unisims_ver -L unimacro_ver -L secureip --snapshot RISC_CPU_tb_behav xil_defaultlib.RISC_CPU_tb xil_defaultlib.glbl -log elaborate.log"
Vivado Simulator v2024.1
Copyright 1986-2022 Xilinx, Inc. All Rights Reserved.
Copyright 2022-2024 Advanced Micro Devices, Inc. All Rights Reserved.
Running: D:/Vivado/2024.1/bin/unwrapped/win64.o/xelab.exe --incr --debug typical --relax --mt 2 -L xil_defaultlib -L unisims_ver -L unimacro_ver -L secureip --snapshot RISC_CPU_tb_behav xil_defaultlib.RISC_CPU_tb xil_defaultlib.glbl -log elaborate.log 
Using 2 slave threads.
Starting static elaboration
Pass Through NonSizing Optimizer
Completed static elaboration
Starting simulation data flow analysis
WARNING: [XSIM 43-4099] "D:/Minh_Hung/L05_Group_2_BTL_TKVM/L05_Group_2_BTL_TKVM.srcs/sources_1/new/ALU.v" Line 1. Module ALU doesn't have a timescale but at least one module in design has a timescale.
WARNING: [XSIM 43-4099] "D:/Minh_Hung/L05_Group_2_BTL_TKVM/L05_Group_2_BTL_TKVM.srcs/sources_1/new/ALU.v" Line 1. Module ALU doesn't have a timescale but at least one module in design has a timescale.
Completed simulation data flow analysis
Time Resolution for simulation is 1ps
Compiling module xil_defaultlib.Controller
Compiling module xil_defaultlib.Program_counter
Compiling module xil_defaultlib.addr_mux
Compiling module xil_defaultlib.instructionMemory
Compiling module xil_defaultlib.Instruction_Register
Compiling module xil_defaultlib.dataMemory
Compiling module xil_defaultlib.ALU
Compiling module xil_defaultlib.Accumulator
Compiling module xil_defaultlib.RISC_CPU
Compiling module xil_defaultlib.RISC_CPU_tb
Compiling module xil_defaultlib.glbl
Built simulation snapshot RISC_CPU_tb_behav
INFO: [USF-XSim-69] 'elaborate' step finished in '2' seconds
INFO: [USF-XSim-4] XSim::Simulate design
INFO: [USF-XSim-61] Executing 'SIMULATE' step in 'D:/Minh_Hung/L05_Group_2_BTL_TKVM/L05_Group_2_BTL_TKVM.sim/sim_1/behav/xsim'
INFO: [USF-XSim-98] *** Running xsim
   with args "RISC_CPU_tb_behav -key {Behavioral:sim_1:Functional:RISC_CPU_tb} -tclbatch {RISC_CPU_tb.tcl} -log {simulate.log}"
INFO: [USF-XSim-8] Loading simulator feature
Time resolution is 1 ps
source RISC_CPU_tb.tcl
# set curr_wave [current_wave_config]
# if { [string length $curr_wave] == 0 } {
#   if { [llength [get_objects]] > 0} {
#     add_wave /
#     set_property needs_save false [current_wave_config]
#   } else {
#      send_msg_id Add_Wave-1 WARNING "No top level signals found. Simulator will start without a wave window. If you want to open a wave window go to 'File->New Waveform Configuration' or type 'create_wave_config' in the TCL console."
#   }
# }
# run 1000ns
Time: 0 | PC_out: 0 | Opcode: zzz | Operand: zzzzz | Accumulator: 0 | ALU_Result: x | Instr: xx | Data_Mem: xx | Wr_En: 0 | Mux_Sel: 1 | PC_En: 0 | SKZ: 0 | JMP: 0 | state: 0000 | ld_ac: 0 | alu_enable: 0
State INST_FETCH: 0000
Time: 15000 | PC_out: 0 | Opcode: zzz | Operand: zzzzz | Accumulator: 0 | ALU_Result: x | Instr: xx | Data_Mem: xx | Wr_En: 0 | Mux_Sel: 1 | PC_En: 0 | SKZ: 0 | JMP: 0 | state: 0001 | ld_ac: 0 | alu_enable: 0
State INST_LOAD: 0001
Time: 25000 | PC_out: 0 | Opcode: zzz | Operand: zzzzz | Accumulator: 0 | ALU_Result: x | Instr: fe | Data_Mem: xx | Wr_En: 0 | Mux_Sel: 1 | PC_En: 0 | SKZ: 0 | JMP: 0 | state: 0010 | ld_ac: 0 | alu_enable: 0
State IDLE: 0010
Time: 35000 | PC_out: 0 | Opcode: 111 | Operand: 11110 | Accumulator: 0 | ALU_Result: x | Instr: fe | Data_Mem: xx | Wr_En: 0 | Mux_Sel: 1 | PC_En: 0 | SKZ: 0 | JMP: 0 | state: 0011 | ld_ac: 0 | alu_enable: 0
State OP_ADDR: 0011
Time: 45000 | PC_out: 0 | Opcode: 111 | Operand: 11110 | Accumulator: 0 | ALU_Result: x | Instr: fe | Data_Mem: xx | Wr_En: 0 | Mux_Sel: 0 | PC_En: 0 | SKZ: 0 | JMP: 0 | state: 0100 | ld_ac: 0 | alu_enable: 0
State OP_FETCH: 0100
Time: 55000 | PC_out: 0 | Opcode: 111 | Operand: 11110 | Accumulator: 0 | ALU_Result: x | Instr: fe | Data_Mem: xx | Wr_En: 0 | Mux_Sel: 0 | PC_En: 0 | SKZ: 0 | JMP: 1 | state: 0101 | ld_ac: 0 | alu_enable: 0
State ALU_OP: 0101
Time: 65000 | PC_out: 0 | Opcode: 111 | Operand: 11110 | Accumulator: 0 | ALU_Result: x | Instr: fe | Data_Mem: xx | Wr_En: 0 | Mux_Sel: 0 | PC_En: 1 | SKZ: 0 | JMP: 1 | state: 0110 | ld_ac: 0 | alu_enable: 0
State STORE: 0110
Time: 75000 | PC_out: 30 | Opcode: 111 | Operand: 11110 | Accumulator: 0 | ALU_Result: x | Instr: fe | Data_Mem: xx | Wr_En: 0 | Mux_Sel: 1 | PC_En: 0 | SKZ: 0 | JMP: 1 | state: 0111 | ld_ac: 0 | alu_enable: 0
State INST_ADDR: 0111
Time: 85000 | PC_out: 30 | Opcode: 111 | Operand: 11110 | Accumulator: 0 | ALU_Result: x | Instr: fe | Data_Mem: xx | Wr_En: 0 | Mux_Sel: 1 | PC_En: 1 | SKZ: 0 | JMP: 0 | state: 0000 | ld_ac: 0 | alu_enable: 0
State INST_FETCH: 0000
Time: 95000 | PC_out: 31 | Opcode: 111 | Operand: 11110 | Accumulator: 0 | ALU_Result: x | Instr: e3 | Data_Mem: xx | Wr_En: 0 | Mux_Sel: 1 | PC_En: 0 | SKZ: 0 | JMP: 0 | state: 0001 | ld_ac: 0 | alu_enable: 0
State INST_LOAD: 0001
Time: 105000 | PC_out: 31 | Opcode: 111 | Operand: 11110 | Accumulator: 0 | ALU_Result: x | Instr: e3 | Data_Mem: xx | Wr_En: 0 | Mux_Sel: 1 | PC_En: 0 | SKZ: 0 | JMP: 0 | state: 0010 | ld_ac: 0 | alu_enable: 0
State IDLE: 0010
Time: 115000 | PC_out: 31 | Opcode: 111 | Operand: 00011 | Accumulator: 0 | ALU_Result: x | Instr: 00 | Data_Mem: xx | Wr_En: 0 | Mux_Sel: 1 | PC_En: 0 | SKZ: 0 | JMP: 0 | state: 0011 | ld_ac: 0 | alu_enable: 0
State OP_ADDR: 0011
Time: 125000 | PC_out: 31 | Opcode: 000 | Operand: 00000 | Accumulator: 0 | ALU_Result: x | Instr: 00 | Data_Mem: xx | Wr_En: 0 | Mux_Sel: 0 | PC_En: 0 | SKZ: 0 | JMP: 0 | state: 0100 | ld_ac: 0 | alu_enable: 0
State OP_FETCH: 0100
Time: 135000 | PC_out: 31 | Opcode: 000 | Operand: 00000 | Accumulator: 0 | ALU_Result: x | Instr: 00 | Data_Mem: xx | Wr_En: 0 | Mux_Sel: 0 | PC_En: 0 | SKZ: 0 | JMP: 0 | state: 1000 | ld_ac: 0 | alu_enable: 0
Time: 145000 | PC_out: 31 | Opcode: 000 | Operand: 00000 | Accumulator: 0 | ALU_Result: x | Instr: 00 | Data_Mem: 00 | Wr_En: 0 | Mux_Sel: 0 | PC_En: 0 | SKZ: 0 | JMP: 0 | state: 1000 | ld_ac: 0 | alu_enable: 0
INFO: [USF-XSim-96] XSim completed. Design snapshot 'RISC_CPU_tb_behav' loaded.
INFO: [USF-XSim-97] XSim simulation ran for 1000ns
launch_simulation: Time (s): cpu = 00:00:02 ; elapsed = 00:00:05 . Memory (MB): peak = 2721.336 ; gain = 0.000
close_sim
INFO: [Simtcl 6-16] Simulation closed
launch_simulation
Command: launch_simulation 
INFO: [Vivado 12-12493] Simulation top is 'RISC_CPU_tb'
WARNING: [Vivado 12-13340] Unable to auto find GCC executables from simulator install path! (path not set)
INFO: [Vivado 12-5682] Launching behavioral simulation in 'D:/Minh_Hung/L05_Group_2_BTL_TKVM/L05_Group_2_BTL_TKVM.sim/sim_1/behav/xsim'
INFO: [SIM-utils-51] Simulation object is 'sim_1'
INFO: [SIM-utils-72] Using boost library from 'D:/Vivado/2024.1/tps/boost_1_72_0'
INFO: [SIM-utils-54] Inspecting design source files for 'RISC_CPU_tb' in fileset 'sim_1'...
INFO: [SIM-utils-43] Exported 'D:/Minh_Hung/L05_Group_2_BTL_TKVM/L05_Group_2_BTL_TKVM.sim/sim_1/behav/xsim/data_init.mem'
INFO: [SIM-utils-43] Exported 'D:/Minh_Hung/L05_Group_2_BTL_TKVM/L05_Group_2_BTL_TKVM.sim/sim_1/behav/xsim/instruction_file.mem'
INFO: [USF-XSim-97] Finding global include files...
INFO: [USF-XSim-98] Fetching design files from 'sim_1'...
INFO: [USF-XSim-2] XSim::Compile design
INFO: [USF-XSim-61] Executing 'COMPILE and ANALYZE' step in 'D:/Minh_Hung/L05_Group_2_BTL_TKVM/L05_Group_2_BTL_TKVM.sim/sim_1/behav/xsim'
"xvlog --incr --relax -prj RISC_CPU_tb_vlog.prj"
INFO: [VRFC 10-2263] Analyzing Verilog file "D:/Minh_Hung/L05_Group_2_BTL_TKVM/L05_Group_2_BTL_TKVM.srcs/sources_1/new/ALU.v" into library xil_defaultlib
INFO: [VRFC 10-311] analyzing module ALU
INFO: [VRFC 10-2263] Analyzing Verilog file "D:/Minh_Hung/L05_Group_2_BTL_TKVM/L05_Group_2_BTL_TKVM.srcs/sources_1/new/Accumulator.v" into library xil_defaultlib
INFO: [VRFC 10-311] analyzing module Accumulator
INFO: [VRFC 10-2263] Analyzing Verilog file "D:/Minh_Hung/L05_Group_2_BTL_TKVM/L05_Group_2_BTL_TKVM.srcs/sources_1/new/Controller.v" into library xil_defaultlib
INFO: [VRFC 10-311] analyzing module Controller
WARNING: [VRFC 10-9336] redeclaration of ANSI port 'state' is not allowed [D:/Minh_Hung/L05_Group_2_BTL_TKVM/L05_Group_2_BTL_TKVM.srcs/sources_1/new/Controller.v:20]
INFO: [VRFC 10-2263] Analyzing Verilog file "D:/Minh_Hung/L05_Group_2_BTL_TKVM/L05_Group_2_BTL_TKVM.srcs/sources_1/new/DataMemory.v" into library xil_defaultlib
INFO: [VRFC 10-311] analyzing module dataMemory
INFO: [VRFC 10-2263] Analyzing Verilog file "D:/Minh_Hung/L05_Group_2_BTL_TKVM/L05_Group_2_BTL_TKVM.srcs/sources_1/new/Instruction_Memory.v" into library xil_defaultlib
INFO: [VRFC 10-311] analyzing module instructionMemory
INFO: [VRFC 10-2263] Analyzing Verilog file "D:/Minh_Hung/L05_Group_2_BTL_TKVM/L05_Group_2_BTL_TKVM.srcs/sources_1/new/Instruction_register.v" into library xil_defaultlib
INFO: [VRFC 10-311] analyzing module Instruction_Register
INFO: [VRFC 10-2263] Analyzing Verilog file "D:/Minh_Hung/L05_Group_2_BTL_TKVM/L05_Group_2_BTL_TKVM.srcs/sources_1/new/Program_counter.v" into library xil_defaultlib
INFO: [VRFC 10-311] analyzing module Program_counter
INFO: [VRFC 10-2263] Analyzing Verilog file "D:/Minh_Hung/L05_Group_2_BTL_TKVM/L05_Group_2_BTL_TKVM.srcs/sources_1/new/RISC_CPU.v" into library xil_defaultlib
INFO: [VRFC 10-311] analyzing module RISC_CPU
INFO: [VRFC 10-2263] Analyzing Verilog file "D:/Minh_Hung/L05_Group_2_BTL_TKVM/L05_Group_2_BTL_TKVM.srcs/sources_1/new/addr_mux.v" into library xil_defaultlib
INFO: [VRFC 10-311] analyzing module addr_mux
INFO: [VRFC 10-2263] Analyzing Verilog file "D:/Minh_Hung/L05_Group_2_BTL_TKVM/L05_Group_2_BTL_TKVM.srcs/sim_1/new/RISC_CPU_tb.v" into library xil_defaultlib
INFO: [VRFC 10-311] analyzing module RISC_CPU_tb
INFO: [USF-XSim-69] 'compile' step finished in '2' seconds
INFO: [USF-XSim-3] XSim::Elaborate design
INFO: [USF-XSim-61] Executing 'ELABORATE' step in 'D:/Minh_Hung/L05_Group_2_BTL_TKVM/L05_Group_2_BTL_TKVM.sim/sim_1/behav/xsim'
"xelab --incr --debug typical --relax --mt 2 -L xil_defaultlib -L unisims_ver -L unimacro_ver -L secureip --snapshot RISC_CPU_tb_behav xil_defaultlib.RISC_CPU_tb xil_defaultlib.glbl -log elaborate.log"
Vivado Simulator v2024.1
Copyright 1986-2022 Xilinx, Inc. All Rights Reserved.
Copyright 2022-2024 Advanced Micro Devices, Inc. All Rights Reserved.
Running: D:/Vivado/2024.1/bin/unwrapped/win64.o/xelab.exe --incr --debug typical --relax --mt 2 -L xil_defaultlib -L unisims_ver -L unimacro_ver -L secureip --snapshot RISC_CPU_tb_behav xil_defaultlib.RISC_CPU_tb xil_defaultlib.glbl -log elaborate.log 
Using 2 slave threads.
Starting static elaboration
Pass Through NonSizing Optimizer
Completed static elaboration
Starting simulation data flow analysis
WARNING: [XSIM 43-4099] "D:/Minh_Hung/L05_Group_2_BTL_TKVM/L05_Group_2_BTL_TKVM.srcs/sources_1/new/ALU.v" Line 1. Module ALU doesn't have a timescale but at least one module in design has a timescale.
WARNING: [XSIM 43-4099] "D:/Minh_Hung/L05_Group_2_BTL_TKVM/L05_Group_2_BTL_TKVM.srcs/sources_1/new/ALU.v" Line 1. Module ALU doesn't have a timescale but at least one module in design has a timescale.
Completed simulation data flow analysis
Time Resolution for simulation is 1ps
Compiling module xil_defaultlib.Controller
Compiling module xil_defaultlib.Program_counter
Compiling module xil_defaultlib.addr_mux
Compiling module xil_defaultlib.instructionMemory
Compiling module xil_defaultlib.Instruction_Register
Compiling module xil_defaultlib.dataMemory
Compiling module xil_defaultlib.ALU
Compiling module xil_defaultlib.Accumulator
Compiling module xil_defaultlib.RISC_CPU
Compiling module xil_defaultlib.RISC_CPU_tb
Compiling module xil_defaultlib.glbl
Built simulation snapshot RISC_CPU_tb_behav
INFO: [USF-XSim-69] 'elaborate' step finished in '2' seconds
INFO: [USF-XSim-4] XSim::Simulate design
INFO: [USF-XSim-61] Executing 'SIMULATE' step in 'D:/Minh_Hung/L05_Group_2_BTL_TKVM/L05_Group_2_BTL_TKVM.sim/sim_1/behav/xsim'
INFO: [USF-XSim-98] *** Running xsim
   with args "RISC_CPU_tb_behav -key {Behavioral:sim_1:Functional:RISC_CPU_tb} -tclbatch {RISC_CPU_tb.tcl} -log {simulate.log}"
INFO: [USF-XSim-8] Loading simulator feature
Time resolution is 1 ps
source RISC_CPU_tb.tcl
# set curr_wave [current_wave_config]
# if { [string length $curr_wave] == 0 } {
#   if { [llength [get_objects]] > 0} {
#     add_wave /
#     set_property needs_save false [current_wave_config]
#   } else {
#      send_msg_id Add_Wave-1 WARNING "No top level signals found. Simulator will start without a wave window. If you want to open a wave window go to 'File->New Waveform Configuration' or type 'create_wave_config' in the TCL console."
#   }
# }
# run 1000ns
Time: 0 | PC_out: 0 | Opcode: zzz | Operand: zzzzz | Accumulator: 0 | ALU_Result: x | Instr: xx | Data_Mem: xx | Wr_En: 0 | Mux_Sel: 1 | PC_En: 0 | SKZ: 0 | JMP: 0 | state: 0000 | ld_ac: 0 | alu_enable: 0
State INST_FETCH: 0000
Time: 15000 | PC_out: 0 | Opcode: zzz | Operand: zzzzz | Accumulator: 0 | ALU_Result: x | Instr: xx | Data_Mem: xx | Wr_En: 0 | Mux_Sel: 1 | PC_En: 0 | SKZ: 0 | JMP: 0 | state: 0001 | ld_ac: 0 | alu_enable: 0
State INST_LOAD: 0001
Time: 25000 | PC_out: 0 | Opcode: zzz | Operand: zzzzz | Accumulator: 0 | ALU_Result: x | Instr: fe | Data_Mem: xx | Wr_En: 0 | Mux_Sel: 1 | PC_En: 0 | SKZ: 0 | JMP: 0 | state: 0010 | ld_ac: 0 | alu_enable: 0
State IDLE: 0010
Time: 35000 | PC_out: 0 | Opcode: 111 | Operand: 11110 | Accumulator: 0 | ALU_Result: x | Instr: fe | Data_Mem: xx | Wr_En: 0 | Mux_Sel: 1 | PC_En: 0 | SKZ: 0 | JMP: 0 | state: 0011 | ld_ac: 0 | alu_enable: 0
State OP_ADDR: 0011
Time: 45000 | PC_out: 0 | Opcode: 111 | Operand: 11110 | Accumulator: 0 | ALU_Result: x | Instr: fe | Data_Mem: xx | Wr_En: 0 | Mux_Sel: 0 | PC_En: 0 | SKZ: 0 | JMP: 0 | state: 0100 | ld_ac: 0 | alu_enable: 0
State OP_FETCH: 0100
Time: 55000 | PC_out: 0 | Opcode: 111 | Operand: 11110 | Accumulator: 0 | ALU_Result: x | Instr: fe | Data_Mem: xx | Wr_En: 0 | Mux_Sel: 0 | PC_En: 0 | SKZ: 0 | JMP: 1 | state: 0101 | ld_ac: 0 | alu_enable: 0
State ALU_OP: 0101
Time: 65000 | PC_out: 0 | Opcode: 111 | Operand: 11110 | Accumulator: 0 | ALU_Result: x | Instr: fe | Data_Mem: xx | Wr_En: 0 | Mux_Sel: 0 | PC_En: 1 | SKZ: 0 | JMP: 1 | state: 0110 | ld_ac: 0 | alu_enable: 0
State STORE: 0110
Time: 75000 | PC_out: 30 | Opcode: 111 | Operand: 11110 | Accumulator: 0 | ALU_Result: x | Instr: fe | Data_Mem: xx | Wr_En: 0 | Mux_Sel: 1 | PC_En: 0 | SKZ: 0 | JMP: 1 | state: 0111 | ld_ac: 0 | alu_enable: 0
State INST_ADDR: 0111
Time: 85000 | PC_out: 30 | Opcode: 111 | Operand: 11110 | Accumulator: 0 | ALU_Result: x | Instr: fe | Data_Mem: xx | Wr_En: 0 | Mux_Sel: 1 | PC_En: 0 | SKZ: 0 | JMP: 0 | state: 0000 | ld_ac: 0 | alu_enable: 0
State INST_FETCH: 0000
Time: 95000 | PC_out: 30 | Opcode: 111 | Operand: 11110 | Accumulator: 0 | ALU_Result: x | Instr: e3 | Data_Mem: xx | Wr_En: 0 | Mux_Sel: 1 | PC_En: 0 | SKZ: 0 | JMP: 0 | state: 0001 | ld_ac: 0 | alu_enable: 0
State INST_LOAD: 0001
Time: 105000 | PC_out: 30 | Opcode: 111 | Operand: 11110 | Accumulator: 0 | ALU_Result: x | Instr: e3 | Data_Mem: xx | Wr_En: 0 | Mux_Sel: 1 | PC_En: 0 | SKZ: 0 | JMP: 0 | state: 0010 | ld_ac: 0 | alu_enable: 0
State IDLE: 0010
Time: 115000 | PC_out: 30 | Opcode: 111 | Operand: 00011 | Accumulator: 0 | ALU_Result: x | Instr: e3 | Data_Mem: xx | Wr_En: 0 | Mux_Sel: 1 | PC_En: 0 | SKZ: 0 | JMP: 0 | state: 0011 | ld_ac: 0 | alu_enable: 0
State OP_ADDR: 0011
Time: 125000 | PC_out: 30 | Opcode: 111 | Operand: 00011 | Accumulator: 0 | ALU_Result: x | Instr: e3 | Data_Mem: xx | Wr_En: 0 | Mux_Sel: 0 | PC_En: 0 | SKZ: 0 | JMP: 0 | state: 0100 | ld_ac: 0 | alu_enable: 0
State OP_FETCH: 0100
Time: 135000 | PC_out: 30 | Opcode: 111 | Operand: 00011 | Accumulator: 0 | ALU_Result: x | Instr: e3 | Data_Mem: xx | Wr_En: 0 | Mux_Sel: 0 | PC_En: 0 | SKZ: 0 | JMP: 1 | state: 0101 | ld_ac: 0 | alu_enable: 0
State ALU_OP: 0101
Time: 145000 | PC_out: 30 | Opcode: 111 | Operand: 00011 | Accumulator: 0 | ALU_Result: x | Instr: e3 | Data_Mem: 00 | Wr_En: 0 | Mux_Sel: 0 | PC_En: 1 | SKZ: 0 | JMP: 1 | state: 0110 | ld_ac: 0 | alu_enable: 0
State STORE: 0110
Time: 155000 | PC_out: 3 | Opcode: 111 | Operand: 00011 | Accumulator: 0 | ALU_Result: x | Instr: e3 | Data_Mem: 00 | Wr_En: 0 | Mux_Sel: 1 | PC_En: 0 | SKZ: 0 | JMP: 1 | state: 0111 | ld_ac: 0 | alu_enable: 0
State INST_ADDR: 0111
Time: 165000 | PC_out: 3 | Opcode: 111 | Operand: 00011 | Accumulator: 0 | ALU_Result: x | Instr: e3 | Data_Mem: 00 | Wr_En: 0 | Mux_Sel: 1 | PC_En: 0 | SKZ: 0 | JMP: 0 | state: 0000 | ld_ac: 0 | alu_enable: 0
State INST_FETCH: 0000
Time: 175000 | PC_out: 3 | Opcode: 111 | Operand: 00011 | Accumulator: 0 | ALU_Result: x | Instr: ba | Data_Mem: 00 | Wr_En: 0 | Mux_Sel: 1 | PC_En: 0 | SKZ: 0 | JMP: 0 | state: 0001 | ld_ac: 0 | alu_enable: 0
State INST_LOAD: 0001
Time: 185000 | PC_out: 3 | Opcode: 111 | Operand: 00011 | Accumulator: 0 | ALU_Result: x | Instr: ba | Data_Mem: 00 | Wr_En: 0 | Mux_Sel: 1 | PC_En: 0 | SKZ: 0 | JMP: 0 | state: 0010 | ld_ac: 0 | alu_enable: 0
State IDLE: 0010
Time: 195000 | PC_out: 3 | Opcode: 101 | Operand: 11010 | Accumulator: 0 | ALU_Result: x | Instr: ba | Data_Mem: 00 | Wr_En: 0 | Mux_Sel: 1 | PC_En: 0 | SKZ: 0 | JMP: 0 | state: 0011 | ld_ac: 0 | alu_enable: 0
State OP_ADDR: 0011
Time: 205000 | PC_out: 3 | Opcode: 101 | Operand: 11010 | Accumulator: 0 | ALU_Result: x | Instr: ba | Data_Mem: 00 | Wr_En: 0 | Mux_Sel: 0 | PC_En: 0 | SKZ: 0 | JMP: 0 | state: 0100 | ld_ac: 0 | alu_enable: 0
State OP_FETCH: 0100
Time: 215000 | PC_out: 3 | Opcode: 101 | Operand: 11010 | Accumulator: 0 | ALU_Result: x | Instr: ba | Data_Mem: 00 | Wr_En: 0 | Mux_Sel: 0 | PC_En: 0 | SKZ: 0 | JMP: 0 | state: 0101 | ld_ac: 0 | alu_enable: 1
State ALU_OP: 0101
Time: 225000 | PC_out: 3 | Opcode: 101 | Operand: 11010 | Accumulator: 0 | ALU_Result: 0 | Instr: ba | Data_Mem: 00 | Wr_En: 0 | Mux_Sel: 0 | PC_En: 0 | SKZ: 0 | JMP: 0 | state: 0110 | ld_ac: 1 | alu_enable: 1
State STORE: 0110
Time: 235000 | PC_out: 3 | Opcode: 101 | Operand: 11010 | Accumulator: 0 | ALU_Result: 0 | Instr: ba | Data_Mem: 00 | Wr_En: 0 | Mux_Sel: 1 | PC_En: 0 | SKZ: 0 | JMP: 0 | state: 0111 | ld_ac: 1 | alu_enable: 0
State INST_ADDR: 0111
Time: 245000 | PC_out: 3 | Opcode: 101 | Operand: 11010 | Accumulator: 0 | ALU_Result: 0 | Instr: ba | Data_Mem: 00 | Wr_En: 0 | Mux_Sel: 1 | PC_En: 0 | SKZ: 0 | JMP: 0 | state: 0000 | ld_ac: 0 | alu_enable: 0
State INST_FETCH: 0000
Time: 255000 | PC_out: 3 | Opcode: 101 | Operand: 11010 | Accumulator: 0 | ALU_Result: 0 | Instr: ba | Data_Mem: 00 | Wr_En: 0 | Mux_Sel: 1 | PC_En: 0 | SKZ: 0 | JMP: 0 | state: 0001 | ld_ac: 0 | alu_enable: 0
State INST_LOAD: 0001
Time: 265000 | PC_out: 3 | Opcode: 101 | Operand: 11010 | Accumulator: 0 | ALU_Result: 0 | Instr: ba | Data_Mem: 00 | Wr_En: 0 | Mux_Sel: 1 | PC_En: 0 | SKZ: 0 | JMP: 0 | state: 0010 | ld_ac: 0 | alu_enable: 0
State IDLE: 0010
Time: 275000 | PC_out: 3 | Opcode: 101 | Operand: 11010 | Accumulator: 0 | ALU_Result: 0 | Instr: ba | Data_Mem: 00 | Wr_En: 0 | Mux_Sel: 1 | PC_En: 0 | SKZ: 0 | JMP: 0 | state: 0011 | ld_ac: 0 | alu_enable: 0
State OP_ADDR: 0011
Time: 285000 | PC_out: 3 | Opcode: 101 | Operand: 11010 | Accumulator: 0 | ALU_Result: 0 | Instr: ba | Data_Mem: 00 | Wr_En: 0 | Mux_Sel: 0 | PC_En: 0 | SKZ: 0 | JMP: 0 | state: 0100 | ld_ac: 0 | alu_enable: 0
State OP_FETCH: 0100
Time: 295000 | PC_out: 3 | Opcode: 101 | Operand: 11010 | Accumulator: 0 | ALU_Result: 0 | Instr: ba | Data_Mem: 00 | Wr_En: 0 | Mux_Sel: 0 | PC_En: 0 | SKZ: 0 | JMP: 0 | state: 0101 | ld_ac: 0 | alu_enable: 1
State ALU_OP: 0101
Time: 305000 | PC_out: 3 | Opcode: 101 | Operand: 11010 | Accumulator: 0 | ALU_Result: 0 | Instr: ba | Data_Mem: 00 | Wr_En: 0 | Mux_Sel: 0 | PC_En: 0 | SKZ: 0 | JMP: 0 | state: 0110 | ld_ac: 1 | alu_enable: 1
State STORE: 0110
Time: 315000 | PC_out: 3 | Opcode: 101 | Operand: 11010 | Accumulator: 0 | ALU_Result: 0 | Instr: ba | Data_Mem: 00 | Wr_En: 0 | Mux_Sel: 1 | PC_En: 0 | SKZ: 0 | JMP: 0 | state: 0111 | ld_ac: 1 | alu_enable: 0
State INST_ADDR: 0111
Time: 325000 | PC_out: 3 | Opcode: 101 | Operand: 11010 | Accumulator: 0 | ALU_Result: 0 | Instr: ba | Data_Mem: 00 | Wr_En: 0 | Mux_Sel: 1 | PC_En: 0 | SKZ: 0 | JMP: 0 | state: 0000 | ld_ac: 0 | alu_enable: 0
State INST_FETCH: 0000
Time: 335000 | PC_out: 3 | Opcode: 101 | Operand: 11010 | Accumulator: 0 | ALU_Result: 0 | Instr: ba | Data_Mem: 00 | Wr_En: 0 | Mux_Sel: 1 | PC_En: 0 | SKZ: 0 | JMP: 0 | state: 0001 | ld_ac: 0 | alu_enable: 0
State INST_LOAD: 0001
Time: 345000 | PC_out: 3 | Opcode: 101 | Operand: 11010 | Accumulator: 0 | ALU_Result: 0 | Instr: ba | Data_Mem: 00 | Wr_En: 0 | Mux_Sel: 1 | PC_En: 0 | SKZ: 0 | JMP: 0 | state: 0010 | ld_ac: 0 | alu_enable: 0
State IDLE: 0010
Time: 355000 | PC_out: 3 | Opcode: 101 | Operand: 11010 | Accumulator: 0 | ALU_Result: 0 | Instr: ba | Data_Mem: 00 | Wr_En: 0 | Mux_Sel: 1 | PC_En: 0 | SKZ: 0 | JMP: 0 | state: 0011 | ld_ac: 0 | alu_enable: 0
State OP_ADDR: 0011
Time: 365000 | PC_out: 3 | Opcode: 101 | Operand: 11010 | Accumulator: 0 | ALU_Result: 0 | Instr: ba | Data_Mem: 00 | Wr_En: 0 | Mux_Sel: 0 | PC_En: 0 | SKZ: 0 | JMP: 0 | state: 0100 | ld_ac: 0 | alu_enable: 0
State OP_FETCH: 0100
Time: 375000 | PC_out: 3 | Opcode: 101 | Operand: 11010 | Accumulator: 0 | ALU_Result: 0 | Instr: ba | Data_Mem: 00 | Wr_En: 0 | Mux_Sel: 0 | PC_En: 0 | SKZ: 0 | JMP: 0 | state: 0101 | ld_ac: 0 | alu_enable: 1
State ALU_OP: 0101
Time: 385000 | PC_out: 3 | Opcode: 101 | Operand: 11010 | Accumulator: 0 | ALU_Result: 0 | Instr: ba | Data_Mem: 00 | Wr_En: 0 | Mux_Sel: 0 | PC_En: 0 | SKZ: 0 | JMP: 0 | state: 0110 | ld_ac: 1 | alu_enable: 1
State STORE: 0110
Time: 395000 | PC_out: 3 | Opcode: 101 | Operand: 11010 | Accumulator: 0 | ALU_Result: 0 | Instr: ba | Data_Mem: 00 | Wr_En: 0 | Mux_Sel: 1 | PC_En: 0 | SKZ: 0 | JMP: 0 | state: 0111 | ld_ac: 1 | alu_enable: 0
State INST_ADDR: 0111
Time: 405000 | PC_out: 3 | Opcode: 101 | Operand: 11010 | Accumulator: 0 | ALU_Result: 0 | Instr: ba | Data_Mem: 00 | Wr_En: 0 | Mux_Sel: 1 | PC_En: 0 | SKZ: 0 | JMP: 0 | state: 0000 | ld_ac: 0 | alu_enable: 0
State INST_FETCH: 0000
Time: 415000 | PC_out: 3 | Opcode: 101 | Operand: 11010 | Accumulator: 0 | ALU_Result: 0 | Instr: ba | Data_Mem: 00 | Wr_En: 0 | Mux_Sel: 1 | PC_En: 0 | SKZ: 0 | JMP: 0 | state: 0001 | ld_ac: 0 | alu_enable: 0
State INST_LOAD: 0001
Time: 425000 | PC_out: 3 | Opcode: 101 | Operand: 11010 | Accumulator: 0 | ALU_Result: 0 | Instr: ba | Data_Mem: 00 | Wr_En: 0 | Mux_Sel: 1 | PC_En: 0 | SKZ: 0 | JMP: 0 | state: 0010 | ld_ac: 0 | alu_enable: 0
State IDLE: 0010
Time: 435000 | PC_out: 3 | Opcode: 101 | Operand: 11010 | Accumulator: 0 | ALU_Result: 0 | Instr: ba | Data_Mem: 00 | Wr_En: 0 | Mux_Sel: 1 | PC_En: 0 | SKZ: 0 | JMP: 0 | state: 0011 | ld_ac: 0 | alu_enable: 0
State OP_ADDR: 0011
Time: 445000 | PC_out: 3 | Opcode: 101 | Operand: 11010 | Accumulator: 0 | ALU_Result: 0 | Instr: ba | Data_Mem: 00 | Wr_En: 0 | Mux_Sel: 0 | PC_En: 0 | SKZ: 0 | JMP: 0 | state: 0100 | ld_ac: 0 | alu_enable: 0
State OP_FETCH: 0100
Time: 455000 | PC_out: 3 | Opcode: 101 | Operand: 11010 | Accumulator: 0 | ALU_Result: 0 | Instr: ba | Data_Mem: 00 | Wr_En: 0 | Mux_Sel: 0 | PC_En: 0 | SKZ: 0 | JMP: 0 | state: 0101 | ld_ac: 0 | alu_enable: 1
State ALU_OP: 0101
Time: 465000 | PC_out: 3 | Opcode: 101 | Operand: 11010 | Accumulator: 0 | ALU_Result: 0 | Instr: ba | Data_Mem: 00 | Wr_En: 0 | Mux_Sel: 0 | PC_En: 0 | SKZ: 0 | JMP: 0 | state: 0110 | ld_ac: 1 | alu_enable: 1
State STORE: 0110
Time: 475000 | PC_out: 3 | Opcode: 101 | Operand: 11010 | Accumulator: 0 | ALU_Result: 0 | Instr: ba | Data_Mem: 00 | Wr_En: 0 | Mux_Sel: 1 | PC_En: 0 | SKZ: 0 | JMP: 0 | state: 0111 | ld_ac: 1 | alu_enable: 0
State INST_ADDR: 0111
Time: 485000 | PC_out: 3 | Opcode: 101 | Operand: 11010 | Accumulator: 0 | ALU_Result: 0 | Instr: ba | Data_Mem: 00 | Wr_En: 0 | Mux_Sel: 1 | PC_En: 0 | SKZ: 0 | JMP: 0 | state: 0000 | ld_ac: 0 | alu_enable: 0
State INST_FETCH: 0000
Time: 495000 | PC_out: 3 | Opcode: 101 | Operand: 11010 | Accumulator: 0 | ALU_Result: 0 | Instr: ba | Data_Mem: 00 | Wr_En: 0 | Mux_Sel: 1 | PC_En: 0 | SKZ: 0 | JMP: 0 | state: 0001 | ld_ac: 0 | alu_enable: 0
State INST_LOAD: 0001
Time: 505000 | PC_out: 3 | Opcode: 101 | Operand: 11010 | Accumulator: 0 | ALU_Result: 0 | Instr: ba | Data_Mem: 00 | Wr_En: 0 | Mux_Sel: 1 | PC_En: 0 | SKZ: 0 | JMP: 0 | state: 0010 | ld_ac: 0 | alu_enable: 0
State IDLE: 0010
Time: 515000 | PC_out: 3 | Opcode: 101 | Operand: 11010 | Accumulator: 0 | ALU_Result: 0 | Instr: ba | Data_Mem: 00 | Wr_En: 0 | Mux_Sel: 1 | PC_En: 0 | SKZ: 0 | JMP: 0 | state: 0011 | ld_ac: 0 | alu_enable: 0
State OP_ADDR: 0011
Time: 525000 | PC_out: 3 | Opcode: 101 | Operand: 11010 | Accumulator: 0 | ALU_Result: 0 | Instr: ba | Data_Mem: 00 | Wr_En: 0 | Mux_Sel: 0 | PC_En: 0 | SKZ: 0 | JMP: 0 | state: 0100 | ld_ac: 0 | alu_enable: 0
State OP_FETCH: 0100
Time: 535000 | PC_out: 3 | Opcode: 101 | Operand: 11010 | Accumulator: 0 | ALU_Result: 0 | Instr: ba | Data_Mem: 00 | Wr_En: 0 | Mux_Sel: 0 | PC_En: 0 | SKZ: 0 | JMP: 0 | state: 0101 | ld_ac: 0 | alu_enable: 1
State ALU_OP: 0101
Time: 545000 | PC_out: 3 | Opcode: 101 | Operand: 11010 | Accumulator: 0 | ALU_Result: 0 | Instr: ba | Data_Mem: 00 | Wr_En: 0 | Mux_Sel: 0 | PC_En: 0 | SKZ: 0 | JMP: 0 | state: 0110 | ld_ac: 1 | alu_enable: 1
State STORE: 0110
Time: 555000 | PC_out: 3 | Opcode: 101 | Operand: 11010 | Accumulator: 0 | ALU_Result: 0 | Instr: ba | Data_Mem: 00 | Wr_En: 0 | Mux_Sel: 1 | PC_En: 0 | SKZ: 0 | JMP: 0 | state: 0111 | ld_ac: 1 | alu_enable: 0
State INST_ADDR: 0111
Time: 565000 | PC_out: 3 | Opcode: 101 | Operand: 11010 | Accumulator: 0 | ALU_Result: 0 | Instr: ba | Data_Mem: 00 | Wr_En: 0 | Mux_Sel: 1 | PC_En: 0 | SKZ: 0 | JMP: 0 | state: 0000 | ld_ac: 0 | alu_enable: 0
State INST_FETCH: 0000
Time: 575000 | PC_out: 3 | Opcode: 101 | Operand: 11010 | Accumulator: 0 | ALU_Result: 0 | Instr: ba | Data_Mem: 00 | Wr_En: 0 | Mux_Sel: 1 | PC_En: 0 | SKZ: 0 | JMP: 0 | state: 0001 | ld_ac: 0 | alu_enable: 0
State INST_LOAD: 0001
Time: 585000 | PC_out: 3 | Opcode: 101 | Operand: 11010 | Accumulator: 0 | ALU_Result: 0 | Instr: ba | Data_Mem: 00 | Wr_En: 0 | Mux_Sel: 1 | PC_En: 0 | SKZ: 0 | JMP: 0 | state: 0010 | ld_ac: 0 | alu_enable: 0
State IDLE: 0010
Time: 595000 | PC_out: 3 | Opcode: 101 | Operand: 11010 | Accumulator: 0 | ALU_Result: 0 | Instr: ba | Data_Mem: 00 | Wr_En: 0 | Mux_Sel: 1 | PC_En: 0 | SKZ: 0 | JMP: 0 | state: 0011 | ld_ac: 0 | alu_enable: 0
State OP_ADDR: 0011
Time: 605000 | PC_out: 3 | Opcode: 101 | Operand: 11010 | Accumulator: 0 | ALU_Result: 0 | Instr: ba | Data_Mem: 00 | Wr_En: 0 | Mux_Sel: 0 | PC_En: 0 | SKZ: 0 | JMP: 0 | state: 0100 | ld_ac: 0 | alu_enable: 0
State OP_FETCH: 0100
Time: 615000 | PC_out: 3 | Opcode: 101 | Operand: 11010 | Accumulator: 0 | ALU_Result: 0 | Instr: ba | Data_Mem: 00 | Wr_En: 0 | Mux_Sel: 0 | PC_En: 0 | SKZ: 0 | JMP: 0 | state: 0101 | ld_ac: 0 | alu_enable: 1
State ALU_OP: 0101
Time: 625000 | PC_out: 3 | Opcode: 101 | Operand: 11010 | Accumulator: 0 | ALU_Result: 0 | Instr: ba | Data_Mem: 00 | Wr_En: 0 | Mux_Sel: 0 | PC_En: 0 | SKZ: 0 | JMP: 0 | state: 0110 | ld_ac: 1 | alu_enable: 1
State STORE: 0110
Time: 635000 | PC_out: 3 | Opcode: 101 | Operand: 11010 | Accumulator: 0 | ALU_Result: 0 | Instr: ba | Data_Mem: 00 | Wr_En: 0 | Mux_Sel: 1 | PC_En: 0 | SKZ: 0 | JMP: 0 | state: 0111 | ld_ac: 1 | alu_enable: 0
State INST_ADDR: 0111
Time: 645000 | PC_out: 3 | Opcode: 101 | Operand: 11010 | Accumulator: 0 | ALU_Result: 0 | Instr: ba | Data_Mem: 00 | Wr_En: 0 | Mux_Sel: 1 | PC_En: 0 | SKZ: 0 | JMP: 0 | state: 0000 | ld_ac: 0 | alu_enable: 0
State INST_FETCH: 0000
Time: 655000 | PC_out: 3 | Opcode: 101 | Operand: 11010 | Accumulator: 0 | ALU_Result: 0 | Instr: ba | Data_Mem: 00 | Wr_En: 0 | Mux_Sel: 1 | PC_En: 0 | SKZ: 0 | JMP: 0 | state: 0001 | ld_ac: 0 | alu_enable: 0
State INST_LOAD: 0001
Time: 665000 | PC_out: 3 | Opcode: 101 | Operand: 11010 | Accumulator: 0 | ALU_Result: 0 | Instr: ba | Data_Mem: 00 | Wr_En: 0 | Mux_Sel: 1 | PC_En: 0 | SKZ: 0 | JMP: 0 | state: 0010 | ld_ac: 0 | alu_enable: 0
State IDLE: 0010
Time: 675000 | PC_out: 3 | Opcode: 101 | Operand: 11010 | Accumulator: 0 | ALU_Result: 0 | Instr: ba | Data_Mem: 00 | Wr_En: 0 | Mux_Sel: 1 | PC_En: 0 | SKZ: 0 | JMP: 0 | state: 0011 | ld_ac: 0 | alu_enable: 0
State OP_ADDR: 0011
Time: 685000 | PC_out: 3 | Opcode: 101 | Operand: 11010 | Accumulator: 0 | ALU_Result: 0 | Instr: ba | Data_Mem: 00 | Wr_En: 0 | Mux_Sel: 0 | PC_En: 0 | SKZ: 0 | JMP: 0 | state: 0100 | ld_ac: 0 | alu_enable: 0
State OP_FETCH: 0100
Time: 695000 | PC_out: 3 | Opcode: 101 | Operand: 11010 | Accumulator: 0 | ALU_Result: 0 | Instr: ba | Data_Mem: 00 | Wr_En: 0 | Mux_Sel: 0 | PC_En: 0 | SKZ: 0 | JMP: 0 | state: 0101 | ld_ac: 0 | alu_enable: 1
State ALU_OP: 0101
Time: 705000 | PC_out: 3 | Opcode: 101 | Operand: 11010 | Accumulator: 0 | ALU_Result: 0 | Instr: ba | Data_Mem: 00 | Wr_En: 0 | Mux_Sel: 0 | PC_En: 0 | SKZ: 0 | JMP: 0 | state: 0110 | ld_ac: 1 | alu_enable: 1
State STORE: 0110
Time: 715000 | PC_out: 3 | Opcode: 101 | Operand: 11010 | Accumulator: 0 | ALU_Result: 0 | Instr: ba | Data_Mem: 00 | Wr_En: 0 | Mux_Sel: 1 | PC_En: 0 | SKZ: 0 | JMP: 0 | state: 0111 | ld_ac: 1 | alu_enable: 0
State INST_ADDR: 0111
Time: 725000 | PC_out: 3 | Opcode: 101 | Operand: 11010 | Accumulator: 0 | ALU_Result: 0 | Instr: ba | Data_Mem: 00 | Wr_En: 0 | Mux_Sel: 1 | PC_En: 0 | SKZ: 0 | JMP: 0 | state: 0000 | ld_ac: 0 | alu_enable: 0
State INST_FETCH: 0000
Time: 735000 | PC_out: 3 | Opcode: 101 | Operand: 11010 | Accumulator: 0 | ALU_Result: 0 | Instr: ba | Data_Mem: 00 | Wr_En: 0 | Mux_Sel: 1 | PC_En: 0 | SKZ: 0 | JMP: 0 | state: 0001 | ld_ac: 0 | alu_enable: 0
State INST_LOAD: 0001
Time: 745000 | PC_out: 3 | Opcode: 101 | Operand: 11010 | Accumulator: 0 | ALU_Result: 0 | Instr: ba | Data_Mem: 00 | Wr_En: 0 | Mux_Sel: 1 | PC_En: 0 | SKZ: 0 | JMP: 0 | state: 0010 | ld_ac: 0 | alu_enable: 0
State IDLE: 0010
Time: 755000 | PC_out: 3 | Opcode: 101 | Operand: 11010 | Accumulator: 0 | ALU_Result: 0 | Instr: ba | Data_Mem: 00 | Wr_En: 0 | Mux_Sel: 1 | PC_En: 0 | SKZ: 0 | JMP: 0 | state: 0011 | ld_ac: 0 | alu_enable: 0
State OP_ADDR: 0011
Time: 765000 | PC_out: 3 | Opcode: 101 | Operand: 11010 | Accumulator: 0 | ALU_Result: 0 | Instr: ba | Data_Mem: 00 | Wr_En: 0 | Mux_Sel: 0 | PC_En: 0 | SKZ: 0 | JMP: 0 | state: 0100 | ld_ac: 0 | alu_enable: 0
State OP_FETCH: 0100
Time: 775000 | PC_out: 3 | Opcode: 101 | Operand: 11010 | Accumulator: 0 | ALU_Result: 0 | Instr: ba | Data_Mem: 00 | Wr_En: 0 | Mux_Sel: 0 | PC_En: 0 | SKZ: 0 | JMP: 0 | state: 0101 | ld_ac: 0 | alu_enable: 1
State ALU_OP: 0101
Time: 785000 | PC_out: 3 | Opcode: 101 | Operand: 11010 | Accumulator: 0 | ALU_Result: 0 | Instr: ba | Data_Mem: 00 | Wr_En: 0 | Mux_Sel: 0 | PC_En: 0 | SKZ: 0 | JMP: 0 | state: 0110 | ld_ac: 1 | alu_enable: 1
State STORE: 0110
Time: 795000 | PC_out: 3 | Opcode: 101 | Operand: 11010 | Accumulator: 0 | ALU_Result: 0 | Instr: ba | Data_Mem: 00 | Wr_En: 0 | Mux_Sel: 1 | PC_En: 0 | SKZ: 0 | JMP: 0 | state: 0111 | ld_ac: 1 | alu_enable: 0
State INST_ADDR: 0111
Time: 805000 | PC_out: 3 | Opcode: 101 | Operand: 11010 | Accumulator: 0 | ALU_Result: 0 | Instr: ba | Data_Mem: 00 | Wr_En: 0 | Mux_Sel: 1 | PC_En: 0 | SKZ: 0 | JMP: 0 | state: 0000 | ld_ac: 0 | alu_enable: 0
State INST_FETCH: 0000
Time: 815000 | PC_out: 3 | Opcode: 101 | Operand: 11010 | Accumulator: 0 | ALU_Result: 0 | Instr: ba | Data_Mem: 00 | Wr_En: 0 | Mux_Sel: 1 | PC_En: 0 | SKZ: 0 | JMP: 0 | state: 0001 | ld_ac: 0 | alu_enable: 0
State INST_LOAD: 0001
Time: 825000 | PC_out: 3 | Opcode: 101 | Operand: 11010 | Accumulator: 0 | ALU_Result: 0 | Instr: ba | Data_Mem: 00 | Wr_En: 0 | Mux_Sel: 1 | PC_En: 0 | SKZ: 0 | JMP: 0 | state: 0010 | ld_ac: 0 | alu_enable: 0
State IDLE: 0010
Time: 835000 | PC_out: 3 | Opcode: 101 | Operand: 11010 | Accumulator: 0 | ALU_Result: 0 | Instr: ba | Data_Mem: 00 | Wr_En: 0 | Mux_Sel: 1 | PC_En: 0 | SKZ: 0 | JMP: 0 | state: 0011 | ld_ac: 0 | alu_enable: 0
State OP_ADDR: 0011
Time: 845000 | PC_out: 3 | Opcode: 101 | Operand: 11010 | Accumulator: 0 | ALU_Result: 0 | Instr: ba | Data_Mem: 00 | Wr_En: 0 | Mux_Sel: 0 | PC_En: 0 | SKZ: 0 | JMP: 0 | state: 0100 | ld_ac: 0 | alu_enable: 0
State OP_FETCH: 0100
Time: 855000 | PC_out: 3 | Opcode: 101 | Operand: 11010 | Accumulator: 0 | ALU_Result: 0 | Instr: ba | Data_Mem: 00 | Wr_En: 0 | Mux_Sel: 0 | PC_En: 0 | SKZ: 0 | JMP: 0 | state: 0101 | ld_ac: 0 | alu_enable: 1
State ALU_OP: 0101
Time: 865000 | PC_out: 3 | Opcode: 101 | Operand: 11010 | Accumulator: 0 | ALU_Result: 0 | Instr: ba | Data_Mem: 00 | Wr_En: 0 | Mux_Sel: 0 | PC_En: 0 | SKZ: 0 | JMP: 0 | state: 0110 | ld_ac: 1 | alu_enable: 1
State STORE: 0110
Time: 875000 | PC_out: 3 | Opcode: 101 | Operand: 11010 | Accumulator: 0 | ALU_Result: 0 | Instr: ba | Data_Mem: 00 | Wr_En: 0 | Mux_Sel: 1 | PC_En: 0 | SKZ: 0 | JMP: 0 | state: 0111 | ld_ac: 1 | alu_enable: 0
State INST_ADDR: 0111
Time: 885000 | PC_out: 3 | Opcode: 101 | Operand: 11010 | Accumulator: 0 | ALU_Result: 0 | Instr: ba | Data_Mem: 00 | Wr_En: 0 | Mux_Sel: 1 | PC_En: 0 | SKZ: 0 | JMP: 0 | state: 0000 | ld_ac: 0 | alu_enable: 0
State INST_FETCH: 0000
Time: 895000 | PC_out: 3 | Opcode: 101 | Operand: 11010 | Accumulator: 0 | ALU_Result: 0 | Instr: ba | Data_Mem: 00 | Wr_En: 0 | Mux_Sel: 1 | PC_En: 0 | SKZ: 0 | JMP: 0 | state: 0001 | ld_ac: 0 | alu_enable: 0
State INST_LOAD: 0001
Time: 905000 | PC_out: 3 | Opcode: 101 | Operand: 11010 | Accumulator: 0 | ALU_Result: 0 | Instr: ba | Data_Mem: 00 | Wr_En: 0 | Mux_Sel: 1 | PC_En: 0 | SKZ: 0 | JMP: 0 | state: 0010 | ld_ac: 0 | alu_enable: 0
State IDLE: 0010
Time: 915000 | PC_out: 3 | Opcode: 101 | Operand: 11010 | Accumulator: 0 | ALU_Result: 0 | Instr: ba | Data_Mem: 00 | Wr_En: 0 | Mux_Sel: 1 | PC_En: 0 | SKZ: 0 | JMP: 0 | state: 0011 | ld_ac: 0 | alu_enable: 0
State OP_ADDR: 0011
Time: 925000 | PC_out: 3 | Opcode: 101 | Operand: 11010 | Accumulator: 0 | ALU_Result: 0 | Instr: ba | Data_Mem: 00 | Wr_En: 0 | Mux_Sel: 0 | PC_En: 0 | SKZ: 0 | JMP: 0 | state: 0100 | ld_ac: 0 | alu_enable: 0
State OP_FETCH: 0100
Time: 935000 | PC_out: 3 | Opcode: 101 | Operand: 11010 | Accumulator: 0 | ALU_Result: 0 | Instr: ba | Data_Mem: 00 | Wr_En: 0 | Mux_Sel: 0 | PC_En: 0 | SKZ: 0 | JMP: 0 | state: 0101 | ld_ac: 0 | alu_enable: 1
State ALU_OP: 0101
Time: 945000 | PC_out: 3 | Opcode: 101 | Operand: 11010 | Accumulator: 0 | ALU_Result: 0 | Instr: ba | Data_Mem: 00 | Wr_En: 0 | Mux_Sel: 0 | PC_En: 0 | SKZ: 0 | JMP: 0 | state: 0110 | ld_ac: 1 | alu_enable: 1
State STORE: 0110
Time: 955000 | PC_out: 3 | Opcode: 101 | Operand: 11010 | Accumulator: 0 | ALU_Result: 0 | Instr: ba | Data_Mem: 00 | Wr_En: 0 | Mux_Sel: 1 | PC_En: 0 | SKZ: 0 | JMP: 0 | state: 0111 | ld_ac: 1 | alu_enable: 0
State INST_ADDR: 0111
Time: 965000 | PC_out: 3 | Opcode: 101 | Operand: 11010 | Accumulator: 0 | ALU_Result: 0 | Instr: ba | Data_Mem: 00 | Wr_En: 0 | Mux_Sel: 1 | PC_En: 0 | SKZ: 0 | JMP: 0 | state: 0000 | ld_ac: 0 | alu_enable: 0
State INST_FETCH: 0000
Time: 975000 | PC_out: 3 | Opcode: 101 | Operand: 11010 | Accumulator: 0 | ALU_Result: 0 | Instr: ba | Data_Mem: 00 | Wr_En: 0 | Mux_Sel: 1 | PC_En: 0 | SKZ: 0 | JMP: 0 | state: 0001 | ld_ac: 0 | alu_enable: 0
State INST_LOAD: 0001
Time: 985000 | PC_out: 3 | Opcode: 101 | Operand: 11010 | Accumulator: 0 | ALU_Result: 0 | Instr: ba | Data_Mem: 00 | Wr_En: 0 | Mux_Sel: 1 | PC_En: 0 | SKZ: 0 | JMP: 0 | state: 0010 | ld_ac: 0 | alu_enable: 0
State IDLE: 0010
Time: 995000 | PC_out: 3 | Opcode: 101 | Operand: 11010 | Accumulator: 0 | ALU_Result: 0 | Instr: ba | Data_Mem: 00 | Wr_En: 0 | Mux_Sel: 1 | PC_En: 0 | SKZ: 0 | JMP: 0 | state: 0011 | ld_ac: 0 | alu_enable: 0
INFO: [USF-XSim-96] XSim completed. Design snapshot 'RISC_CPU_tb_behav' loaded.
INFO: [USF-XSim-97] XSim simulation ran for 1000ns
launch_simulation: Time (s): cpu = 00:00:02 ; elapsed = 00:00:05 . Memory (MB): peak = 2721.336 ; gain = 0.000
close_sim
INFO: [Simtcl 6-16] Simulation closed
launch_simulation
Command: launch_simulation 
INFO: [Vivado 12-12493] Simulation top is 'RISC_CPU_tb'
WARNING: [Vivado 12-13340] Unable to auto find GCC executables from simulator install path! (path not set)
INFO: [Vivado 12-5682] Launching behavioral simulation in 'D:/Minh_Hung/L05_Group_2_BTL_TKVM/L05_Group_2_BTL_TKVM.sim/sim_1/behav/xsim'
INFO: [SIM-utils-51] Simulation object is 'sim_1'
INFO: [SIM-utils-72] Using boost library from 'D:/Vivado/2024.1/tps/boost_1_72_0'
INFO: [SIM-utils-54] Inspecting design source files for 'RISC_CPU_tb' in fileset 'sim_1'...
INFO: [SIM-utils-43] Exported 'D:/Minh_Hung/L05_Group_2_BTL_TKVM/L05_Group_2_BTL_TKVM.sim/sim_1/behav/xsim/data_init.mem'
INFO: [SIM-utils-43] Exported 'D:/Minh_Hung/L05_Group_2_BTL_TKVM/L05_Group_2_BTL_TKVM.sim/sim_1/behav/xsim/instruction_file.mem'
INFO: [USF-XSim-97] Finding global include files...
INFO: [USF-XSim-98] Fetching design files from 'sim_1'...
INFO: [USF-XSim-2] XSim::Compile design
INFO: [USF-XSim-61] Executing 'COMPILE and ANALYZE' step in 'D:/Minh_Hung/L05_Group_2_BTL_TKVM/L05_Group_2_BTL_TKVM.sim/sim_1/behav/xsim'
"xvlog --incr --relax -prj RISC_CPU_tb_vlog.prj"
INFO: [VRFC 10-2263] Analyzing Verilog file "D:/Minh_Hung/L05_Group_2_BTL_TKVM/L05_Group_2_BTL_TKVM.srcs/sources_1/new/ALU.v" into library xil_defaultlib
INFO: [VRFC 10-311] analyzing module ALU
INFO: [VRFC 10-2263] Analyzing Verilog file "D:/Minh_Hung/L05_Group_2_BTL_TKVM/L05_Group_2_BTL_TKVM.srcs/sources_1/new/Accumulator.v" into library xil_defaultlib
INFO: [VRFC 10-311] analyzing module Accumulator
INFO: [VRFC 10-2263] Analyzing Verilog file "D:/Minh_Hung/L05_Group_2_BTL_TKVM/L05_Group_2_BTL_TKVM.srcs/sources_1/new/Controller.v" into library xil_defaultlib
INFO: [VRFC 10-311] analyzing module Controller
WARNING: [VRFC 10-9336] redeclaration of ANSI port 'state' is not allowed [D:/Minh_Hung/L05_Group_2_BTL_TKVM/L05_Group_2_BTL_TKVM.srcs/sources_1/new/Controller.v:20]
INFO: [VRFC 10-2263] Analyzing Verilog file "D:/Minh_Hung/L05_Group_2_BTL_TKVM/L05_Group_2_BTL_TKVM.srcs/sources_1/new/DataMemory.v" into library xil_defaultlib
INFO: [VRFC 10-311] analyzing module dataMemory
INFO: [VRFC 10-2263] Analyzing Verilog file "D:/Minh_Hung/L05_Group_2_BTL_TKVM/L05_Group_2_BTL_TKVM.srcs/sources_1/new/Instruction_Memory.v" into library xil_defaultlib
INFO: [VRFC 10-311] analyzing module instructionMemory
INFO: [VRFC 10-2263] Analyzing Verilog file "D:/Minh_Hung/L05_Group_2_BTL_TKVM/L05_Group_2_BTL_TKVM.srcs/sources_1/new/Instruction_register.v" into library xil_defaultlib
INFO: [VRFC 10-311] analyzing module Instruction_Register
INFO: [VRFC 10-2263] Analyzing Verilog file "D:/Minh_Hung/L05_Group_2_BTL_TKVM/L05_Group_2_BTL_TKVM.srcs/sources_1/new/Program_counter.v" into library xil_defaultlib
INFO: [VRFC 10-311] analyzing module Program_counter
INFO: [VRFC 10-2263] Analyzing Verilog file "D:/Minh_Hung/L05_Group_2_BTL_TKVM/L05_Group_2_BTL_TKVM.srcs/sources_1/new/RISC_CPU.v" into library xil_defaultlib
INFO: [VRFC 10-311] analyzing module RISC_CPU
INFO: [VRFC 10-2263] Analyzing Verilog file "D:/Minh_Hung/L05_Group_2_BTL_TKVM/L05_Group_2_BTL_TKVM.srcs/sources_1/new/addr_mux.v" into library xil_defaultlib
INFO: [VRFC 10-311] analyzing module addr_mux
INFO: [VRFC 10-2263] Analyzing Verilog file "D:/Minh_Hung/L05_Group_2_BTL_TKVM/L05_Group_2_BTL_TKVM.srcs/sim_1/new/RISC_CPU_tb.v" into library xil_defaultlib
INFO: [VRFC 10-311] analyzing module RISC_CPU_tb
INFO: [USF-XSim-69] 'compile' step finished in '2' seconds
INFO: [USF-XSim-3] XSim::Elaborate design
INFO: [USF-XSim-61] Executing 'ELABORATE' step in 'D:/Minh_Hung/L05_Group_2_BTL_TKVM/L05_Group_2_BTL_TKVM.sim/sim_1/behav/xsim'
"xelab --incr --debug typical --relax --mt 2 -L xil_defaultlib -L unisims_ver -L unimacro_ver -L secureip --snapshot RISC_CPU_tb_behav xil_defaultlib.RISC_CPU_tb xil_defaultlib.glbl -log elaborate.log"
Vivado Simulator v2024.1
Copyright 1986-2022 Xilinx, Inc. All Rights Reserved.
Copyright 2022-2024 Advanced Micro Devices, Inc. All Rights Reserved.
Running: D:/Vivado/2024.1/bin/unwrapped/win64.o/xelab.exe --incr --debug typical --relax --mt 2 -L xil_defaultlib -L unisims_ver -L unimacro_ver -L secureip --snapshot RISC_CPU_tb_behav xil_defaultlib.RISC_CPU_tb xil_defaultlib.glbl -log elaborate.log 
Using 2 slave threads.
Starting static elaboration
Pass Through NonSizing Optimizer
Completed static elaboration
Starting simulation data flow analysis
WARNING: [XSIM 43-4099] "D:/Minh_Hung/L05_Group_2_BTL_TKVM/L05_Group_2_BTL_TKVM.srcs/sources_1/new/ALU.v" Line 1. Module ALU doesn't have a timescale but at least one module in design has a timescale.
WARNING: [XSIM 43-4099] "D:/Minh_Hung/L05_Group_2_BTL_TKVM/L05_Group_2_BTL_TKVM.srcs/sources_1/new/ALU.v" Line 1. Module ALU doesn't have a timescale but at least one module in design has a timescale.
Completed simulation data flow analysis
Time Resolution for simulation is 1ps
Compiling module xil_defaultlib.Controller
Compiling module xil_defaultlib.Program_counter
Compiling module xil_defaultlib.addr_mux
Compiling module xil_defaultlib.instructionMemory
Compiling module xil_defaultlib.Instruction_Register
Compiling module xil_defaultlib.dataMemory
Compiling module xil_defaultlib.ALU
Compiling module xil_defaultlib.Accumulator
Compiling module xil_defaultlib.RISC_CPU
Compiling module xil_defaultlib.RISC_CPU_tb
Compiling module xil_defaultlib.glbl
Built simulation snapshot RISC_CPU_tb_behav
INFO: [USF-XSim-69] 'elaborate' step finished in '2' seconds
INFO: [USF-XSim-4] XSim::Simulate design
INFO: [USF-XSim-61] Executing 'SIMULATE' step in 'D:/Minh_Hung/L05_Group_2_BTL_TKVM/L05_Group_2_BTL_TKVM.sim/sim_1/behav/xsim'
INFO: [USF-XSim-98] *** Running xsim
   with args "RISC_CPU_tb_behav -key {Behavioral:sim_1:Functional:RISC_CPU_tb} -tclbatch {RISC_CPU_tb.tcl} -log {simulate.log}"
INFO: [USF-XSim-8] Loading simulator feature
Time resolution is 1 ps
source RISC_CPU_tb.tcl
# set curr_wave [current_wave_config]
# if { [string length $curr_wave] == 0 } {
#   if { [llength [get_objects]] > 0} {
#     add_wave /
#     set_property needs_save false [current_wave_config]
#   } else {
#      send_msg_id Add_Wave-1 WARNING "No top level signals found. Simulator will start without a wave window. If you want to open a wave window go to 'File->New Waveform Configuration' or type 'create_wave_config' in the TCL console."
#   }
# }
# run 1000ns
Time: 0 | PC_out: 0 | Opcode: zzz | Operand: zzzzz | Accumulator: 0 | ALU_Result: x | Instr: xx | Data_Mem: xx | Wr_En: 0 | Mux_Sel: 1 | PC_En: 0 | SKZ: 0 | JMP: 0 | state: 0000 | ld_ac: 0 | alu_enable: 0
State INST_FETCH: 0000
Time: 15000 | PC_out: 0 | Opcode: zzz | Operand: zzzzz | Accumulator: 0 | ALU_Result: x | Instr: xx | Data_Mem: xx | Wr_En: 0 | Mux_Sel: 1 | PC_En: 0 | SKZ: 0 | JMP: 0 | state: 0001 | ld_ac: 0 | alu_enable: 0
State INST_LOAD: 0001
Time: 25000 | PC_out: 0 | Opcode: zzz | Operand: zzzzz | Accumulator: 0 | ALU_Result: x | Instr: fe | Data_Mem: xx | Wr_En: 0 | Mux_Sel: 1 | PC_En: 0 | SKZ: 0 | JMP: 0 | state: 0010 | ld_ac: 0 | alu_enable: 0
State IDLE: 0010
Time: 35000 | PC_out: 0 | Opcode: 111 | Operand: 11110 | Accumulator: 0 | ALU_Result: x | Instr: fe | Data_Mem: xx | Wr_En: 0 | Mux_Sel: 1 | PC_En: 0 | SKZ: 0 | JMP: 0 | state: 0011 | ld_ac: 0 | alu_enable: 0
State OP_ADDR: 0011
Time: 45000 | PC_out: 0 | Opcode: 111 | Operand: 11110 | Accumulator: 0 | ALU_Result: x | Instr: fe | Data_Mem: xx | Wr_En: 0 | Mux_Sel: 0 | PC_En: 0 | SKZ: 0 | JMP: 0 | state: 0100 | ld_ac: 0 | alu_enable: 0
State OP_FETCH: 0100
Time: 55000 | PC_out: 0 | Opcode: 111 | Operand: 11110 | Accumulator: 0 | ALU_Result: x | Instr: fe | Data_Mem: xx | Wr_En: 0 | Mux_Sel: 0 | PC_En: 0 | SKZ: 0 | JMP: 1 | state: 0101 | ld_ac: 0 | alu_enable: 0
State ALU_OP: 0101
Time: 65000 | PC_out: 0 | Opcode: 111 | Operand: 11110 | Accumulator: 0 | ALU_Result: x | Instr: fe | Data_Mem: xx | Wr_En: 0 | Mux_Sel: 0 | PC_En: 1 | SKZ: 0 | JMP: 1 | state: 0110 | ld_ac: 0 | alu_enable: 0
State STORE: 0110
Time: 75000 | PC_out: 30 | Opcode: 111 | Operand: 11110 | Accumulator: 0 | ALU_Result: x | Instr: fe | Data_Mem: xx | Wr_En: 0 | Mux_Sel: 1 | PC_En: 0 | SKZ: 0 | JMP: 1 | state: 0111 | ld_ac: 0 | alu_enable: 0
State INST_ADDR: 0111
Time: 85000 | PC_out: 30 | Opcode: 111 | Operand: 11110 | Accumulator: 0 | ALU_Result: x | Instr: fe | Data_Mem: xx | Wr_En: 0 | Mux_Sel: 1 | PC_En: 1 | SKZ: 0 | JMP: 0 | state: 0000 | ld_ac: 0 | alu_enable: 0
State INST_FETCH: 0000
Time: 95000 | PC_out: 31 | Opcode: 111 | Operand: 11110 | Accumulator: 0 | ALU_Result: x | Instr: e3 | Data_Mem: xx | Wr_En: 0 | Mux_Sel: 1 | PC_En: 0 | SKZ: 0 | JMP: 0 | state: 0001 | ld_ac: 0 | alu_enable: 0
State INST_LOAD: 0001
Time: 105000 | PC_out: 31 | Opcode: 111 | Operand: 11110 | Accumulator: 0 | ALU_Result: x | Instr: e3 | Data_Mem: xx | Wr_En: 0 | Mux_Sel: 1 | PC_En: 0 | SKZ: 0 | JMP: 0 | state: 0010 | ld_ac: 0 | alu_enable: 0
State IDLE: 0010
Time: 115000 | PC_out: 31 | Opcode: 111 | Operand: 00011 | Accumulator: 0 | ALU_Result: x | Instr: 00 | Data_Mem: xx | Wr_En: 0 | Mux_Sel: 1 | PC_En: 0 | SKZ: 0 | JMP: 0 | state: 0011 | ld_ac: 0 | alu_enable: 0
State OP_ADDR: 0011
Time: 125000 | PC_out: 31 | Opcode: 000 | Operand: 00000 | Accumulator: 0 | ALU_Result: x | Instr: 00 | Data_Mem: xx | Wr_En: 0 | Mux_Sel: 0 | PC_En: 0 | SKZ: 0 | JMP: 0 | state: 0100 | ld_ac: 0 | alu_enable: 0
State OP_FETCH: 0100
Time: 135000 | PC_out: 31 | Opcode: 000 | Operand: 00000 | Accumulator: 0 | ALU_Result: x | Instr: 00 | Data_Mem: xx | Wr_En: 0 | Mux_Sel: 0 | PC_En: 0 | SKZ: 0 | JMP: 0 | state: 1000 | ld_ac: 0 | alu_enable: 0
Time: 145000 | PC_out: 31 | Opcode: 000 | Operand: 00000 | Accumulator: 0 | ALU_Result: x | Instr: 00 | Data_Mem: 00 | Wr_En: 0 | Mux_Sel: 0 | PC_En: 0 | SKZ: 0 | JMP: 0 | state: 1000 | ld_ac: 0 | alu_enable: 0
INFO: [USF-XSim-96] XSim completed. Design snapshot 'RISC_CPU_tb_behav' loaded.
INFO: [USF-XSim-97] XSim simulation ran for 1000ns
launch_simulation: Time (s): cpu = 00:00:01 ; elapsed = 00:00:05 . Memory (MB): peak = 2721.336 ; gain = 0.000
close_sim
INFO: [Simtcl 6-16] Simulation closed
launch_simulation
Command: launch_simulation 
INFO: [Vivado 12-12493] Simulation top is 'RISC_CPU_tb'
WARNING: [Vivado 12-13340] Unable to auto find GCC executables from simulator install path! (path not set)
INFO: [Vivado 12-5682] Launching behavioral simulation in 'D:/Minh_Hung/L05_Group_2_BTL_TKVM/L05_Group_2_BTL_TKVM.sim/sim_1/behav/xsim'
INFO: [SIM-utils-51] Simulation object is 'sim_1'
INFO: [SIM-utils-72] Using boost library from 'D:/Vivado/2024.1/tps/boost_1_72_0'
INFO: [SIM-utils-54] Inspecting design source files for 'RISC_CPU_tb' in fileset 'sim_1'...
INFO: [SIM-utils-43] Exported 'D:/Minh_Hung/L05_Group_2_BTL_TKVM/L05_Group_2_BTL_TKVM.sim/sim_1/behav/xsim/data_init.mem'
INFO: [SIM-utils-43] Exported 'D:/Minh_Hung/L05_Group_2_BTL_TKVM/L05_Group_2_BTL_TKVM.sim/sim_1/behav/xsim/instruction_file.mem'
INFO: [USF-XSim-97] Finding global include files...
INFO: [USF-XSim-98] Fetching design files from 'sim_1'...
INFO: [USF-XSim-2] XSim::Compile design
INFO: [USF-XSim-61] Executing 'COMPILE and ANALYZE' step in 'D:/Minh_Hung/L05_Group_2_BTL_TKVM/L05_Group_2_BTL_TKVM.sim/sim_1/behav/xsim'
"xvlog --incr --relax -prj RISC_CPU_tb_vlog.prj"
INFO: [VRFC 10-2263] Analyzing Verilog file "D:/Minh_Hung/L05_Group_2_BTL_TKVM/L05_Group_2_BTL_TKVM.srcs/sources_1/new/ALU.v" into library xil_defaultlib
INFO: [VRFC 10-311] analyzing module ALU
INFO: [VRFC 10-2263] Analyzing Verilog file "D:/Minh_Hung/L05_Group_2_BTL_TKVM/L05_Group_2_BTL_TKVM.srcs/sources_1/new/Accumulator.v" into library xil_defaultlib
INFO: [VRFC 10-311] analyzing module Accumulator
INFO: [VRFC 10-2263] Analyzing Verilog file "D:/Minh_Hung/L05_Group_2_BTL_TKVM/L05_Group_2_BTL_TKVM.srcs/sources_1/new/Controller.v" into library xil_defaultlib
INFO: [VRFC 10-311] analyzing module Controller
WARNING: [VRFC 10-9336] redeclaration of ANSI port 'state' is not allowed [D:/Minh_Hung/L05_Group_2_BTL_TKVM/L05_Group_2_BTL_TKVM.srcs/sources_1/new/Controller.v:20]
INFO: [VRFC 10-2263] Analyzing Verilog file "D:/Minh_Hung/L05_Group_2_BTL_TKVM/L05_Group_2_BTL_TKVM.srcs/sources_1/new/DataMemory.v" into library xil_defaultlib
INFO: [VRFC 10-311] analyzing module dataMemory
INFO: [VRFC 10-2263] Analyzing Verilog file "D:/Minh_Hung/L05_Group_2_BTL_TKVM/L05_Group_2_BTL_TKVM.srcs/sources_1/new/Instruction_Memory.v" into library xil_defaultlib
INFO: [VRFC 10-311] analyzing module instructionMemory
INFO: [VRFC 10-2263] Analyzing Verilog file "D:/Minh_Hung/L05_Group_2_BTL_TKVM/L05_Group_2_BTL_TKVM.srcs/sources_1/new/Instruction_register.v" into library xil_defaultlib
INFO: [VRFC 10-311] analyzing module Instruction_Register
INFO: [VRFC 10-2263] Analyzing Verilog file "D:/Minh_Hung/L05_Group_2_BTL_TKVM/L05_Group_2_BTL_TKVM.srcs/sources_1/new/Program_counter.v" into library xil_defaultlib
INFO: [VRFC 10-311] analyzing module Program_counter
INFO: [VRFC 10-2263] Analyzing Verilog file "D:/Minh_Hung/L05_Group_2_BTL_TKVM/L05_Group_2_BTL_TKVM.srcs/sources_1/new/RISC_CPU.v" into library xil_defaultlib
INFO: [VRFC 10-311] analyzing module RISC_CPU
INFO: [VRFC 10-2263] Analyzing Verilog file "D:/Minh_Hung/L05_Group_2_BTL_TKVM/L05_Group_2_BTL_TKVM.srcs/sources_1/new/addr_mux.v" into library xil_defaultlib
INFO: [VRFC 10-311] analyzing module addr_mux
INFO: [VRFC 10-2263] Analyzing Verilog file "D:/Minh_Hung/L05_Group_2_BTL_TKVM/L05_Group_2_BTL_TKVM.srcs/sim_1/new/RISC_CPU_tb.v" into library xil_defaultlib
INFO: [VRFC 10-311] analyzing module RISC_CPU_tb
INFO: [USF-XSim-69] 'compile' step finished in '2' seconds
INFO: [USF-XSim-3] XSim::Elaborate design
INFO: [USF-XSim-61] Executing 'ELABORATE' step in 'D:/Minh_Hung/L05_Group_2_BTL_TKVM/L05_Group_2_BTL_TKVM.sim/sim_1/behav/xsim'
"xelab --incr --debug typical --relax --mt 2 -L xil_defaultlib -L unisims_ver -L unimacro_ver -L secureip --snapshot RISC_CPU_tb_behav xil_defaultlib.RISC_CPU_tb xil_defaultlib.glbl -log elaborate.log"
Vivado Simulator v2024.1
Copyright 1986-2022 Xilinx, Inc. All Rights Reserved.
Copyright 2022-2024 Advanced Micro Devices, Inc. All Rights Reserved.
Running: D:/Vivado/2024.1/bin/unwrapped/win64.o/xelab.exe --incr --debug typical --relax --mt 2 -L xil_defaultlib -L unisims_ver -L unimacro_ver -L secureip --snapshot RISC_CPU_tb_behav xil_defaultlib.RISC_CPU_tb xil_defaultlib.glbl -log elaborate.log 
Using 2 slave threads.
Starting static elaboration
Pass Through NonSizing Optimizer
Completed static elaboration
Starting simulation data flow analysis
WARNING: [XSIM 43-4099] "D:/Minh_Hung/L05_Group_2_BTL_TKVM/L05_Group_2_BTL_TKVM.srcs/sources_1/new/ALU.v" Line 1. Module ALU doesn't have a timescale but at least one module in design has a timescale.
WARNING: [XSIM 43-4099] "D:/Minh_Hung/L05_Group_2_BTL_TKVM/L05_Group_2_BTL_TKVM.srcs/sources_1/new/ALU.v" Line 1. Module ALU doesn't have a timescale but at least one module in design has a timescale.
Completed simulation data flow analysis
Time Resolution for simulation is 1ps
Compiling module xil_defaultlib.Controller
Compiling module xil_defaultlib.Program_counter
Compiling module xil_defaultlib.addr_mux
Compiling module xil_defaultlib.instructionMemory
Compiling module xil_defaultlib.Instruction_Register
Compiling module xil_defaultlib.dataMemory
Compiling module xil_defaultlib.ALU
Compiling module xil_defaultlib.Accumulator
Compiling module xil_defaultlib.RISC_CPU
Compiling module xil_defaultlib.RISC_CPU_tb
Compiling module xil_defaultlib.glbl
Built simulation snapshot RISC_CPU_tb_behav
INFO: [USF-XSim-69] 'elaborate' step finished in '1' seconds
INFO: [USF-XSim-4] XSim::Simulate design
INFO: [USF-XSim-61] Executing 'SIMULATE' step in 'D:/Minh_Hung/L05_Group_2_BTL_TKVM/L05_Group_2_BTL_TKVM.sim/sim_1/behav/xsim'
INFO: [USF-XSim-98] *** Running xsim
   with args "RISC_CPU_tb_behav -key {Behavioral:sim_1:Functional:RISC_CPU_tb} -tclbatch {RISC_CPU_tb.tcl} -log {simulate.log}"
INFO: [USF-XSim-8] Loading simulator feature
Time resolution is 1 ps
source RISC_CPU_tb.tcl
# set curr_wave [current_wave_config]
# if { [string length $curr_wave] == 0 } {
#   if { [llength [get_objects]] > 0} {
#     add_wave /
#     set_property needs_save false [current_wave_config]
#   } else {
#      send_msg_id Add_Wave-1 WARNING "No top level signals found. Simulator will start without a wave window. If you want to open a wave window go to 'File->New Waveform Configuration' or type 'create_wave_config' in the TCL console."
#   }
# }
# run 1000ns
Time: 0 | PC_out: 0 | Opcode: zzz | Operand: zzzzz | Accumulator: 0 | ALU_Result: x | Instr: xx | Data_Mem: xx | Wr_En: 0 | Mux_Sel: 1 | PC_En: 0 | SKZ: 0 | JMP: 0 | state: 0000 | ld_ac: 0 | alu_enable: 0
State INST_FETCH: 0000
Time: 15000 | PC_out: 0 | Opcode: zzz | Operand: zzzzz | Accumulator: 0 | ALU_Result: x | Instr: xx | Data_Mem: xx | Wr_En: 0 | Mux_Sel: 1 | PC_En: 0 | SKZ: 0 | JMP: 0 | state: 0001 | ld_ac: 0 | alu_enable: 0
State INST_LOAD: 0001
Time: 25000 | PC_out: 0 | Opcode: zzz | Operand: zzzzz | Accumulator: 0 | ALU_Result: x | Instr: fe | Data_Mem: xx | Wr_En: 0 | Mux_Sel: 1 | PC_En: 0 | SKZ: 0 | JMP: 0 | state: 0010 | ld_ac: 0 | alu_enable: 0
State IDLE: 0010
Time: 35000 | PC_out: 0 | Opcode: 111 | Operand: 11110 | Accumulator: 0 | ALU_Result: x | Instr: fe | Data_Mem: xx | Wr_En: 0 | Mux_Sel: 1 | PC_En: 0 | SKZ: 0 | JMP: 0 | state: 0011 | ld_ac: 0 | alu_enable: 0
State OP_ADDR: 0011
Time: 45000 | PC_out: 0 | Opcode: 111 | Operand: 11110 | Accumulator: 0 | ALU_Result: x | Instr: fe | Data_Mem: xx | Wr_En: 0 | Mux_Sel: 0 | PC_En: 0 | SKZ: 0 | JMP: 0 | state: 0100 | ld_ac: 0 | alu_enable: 0
State OP_FETCH: 0100
Time: 55000 | PC_out: 0 | Opcode: 111 | Operand: 11110 | Accumulator: 0 | ALU_Result: x | Instr: fe | Data_Mem: xx | Wr_En: 0 | Mux_Sel: 0 | PC_En: 0 | SKZ: 0 | JMP: 1 | state: 0101 | ld_ac: 0 | alu_enable: 0
State ALU_OP: 0101
Time: 65000 | PC_out: 0 | Opcode: 111 | Operand: 11110 | Accumulator: 0 | ALU_Result: x | Instr: fe | Data_Mem: xx | Wr_En: 0 | Mux_Sel: 0 | PC_En: 0 | SKZ: 0 | JMP: 1 | state: 0110 | ld_ac: 0 | alu_enable: 0
State STORE: 0110
Time: 75000 | PC_out: 0 | Opcode: 111 | Operand: 11110 | Accumulator: 0 | ALU_Result: x | Instr: fe | Data_Mem: xx | Wr_En: 0 | Mux_Sel: 1 | PC_En: 1 | SKZ: 0 | JMP: 1 | state: 0111 | ld_ac: 0 | alu_enable: 0
State INST_ADDR: 0111
Time: 85000 | PC_out: 30 | Opcode: 111 | Operand: 11110 | Accumulator: 0 | ALU_Result: x | Instr: fe | Data_Mem: xx | Wr_En: 0 | Mux_Sel: 1 | PC_En: 1 | SKZ: 0 | JMP: 0 | state: 0000 | ld_ac: 0 | alu_enable: 0
State INST_FETCH: 0000
Time: 95000 | PC_out: 31 | Opcode: 111 | Operand: 11110 | Accumulator: 0 | ALU_Result: x | Instr: fe | Data_Mem: xx | Wr_En: 0 | Mux_Sel: 1 | PC_En: 0 | SKZ: 0 | JMP: 0 | state: 0001 | ld_ac: 0 | alu_enable: 0
State INST_LOAD: 0001
Time: 105000 | PC_out: 31 | Opcode: 111 | Operand: 11110 | Accumulator: 0 | ALU_Result: x | Instr: e3 | Data_Mem: xx | Wr_En: 0 | Mux_Sel: 1 | PC_En: 0 | SKZ: 0 | JMP: 0 | state: 0010 | ld_ac: 0 | alu_enable: 0
State IDLE: 0010
Time: 115000 | PC_out: 31 | Opcode: 111 | Operand: 00011 | Accumulator: 0 | ALU_Result: x | Instr: 00 | Data_Mem: xx | Wr_En: 0 | Mux_Sel: 1 | PC_En: 0 | SKZ: 0 | JMP: 0 | state: 0011 | ld_ac: 0 | alu_enable: 0
State OP_ADDR: 0011
Time: 125000 | PC_out: 31 | Opcode: 000 | Operand: 00000 | Accumulator: 0 | ALU_Result: x | Instr: 00 | Data_Mem: xx | Wr_En: 0 | Mux_Sel: 0 | PC_En: 0 | SKZ: 0 | JMP: 0 | state: 0100 | ld_ac: 0 | alu_enable: 0
State OP_FETCH: 0100
Time: 135000 | PC_out: 31 | Opcode: 000 | Operand: 00000 | Accumulator: 0 | ALU_Result: x | Instr: 00 | Data_Mem: xx | Wr_En: 0 | Mux_Sel: 0 | PC_En: 0 | SKZ: 0 | JMP: 0 | state: 1000 | ld_ac: 0 | alu_enable: 0
Time: 145000 | PC_out: 31 | Opcode: 000 | Operand: 00000 | Accumulator: 0 | ALU_Result: x | Instr: 00 | Data_Mem: 00 | Wr_En: 0 | Mux_Sel: 0 | PC_En: 0 | SKZ: 0 | JMP: 0 | state: 1000 | ld_ac: 0 | alu_enable: 0
INFO: [USF-XSim-96] XSim completed. Design snapshot 'RISC_CPU_tb_behav' loaded.
INFO: [USF-XSim-97] XSim simulation ran for 1000ns
launch_simulation: Time (s): cpu = 00:00:01 ; elapsed = 00:00:05 . Memory (MB): peak = 2721.336 ; gain = 0.000
close_sim
INFO: [Simtcl 6-16] Simulation closed
launch_simulation
Command: launch_simulation 
INFO: [Vivado 12-12493] Simulation top is 'RISC_CPU_tb'
WARNING: [Vivado 12-13340] Unable to auto find GCC executables from simulator install path! (path not set)
INFO: [Vivado 12-5682] Launching behavioral simulation in 'D:/Minh_Hung/L05_Group_2_BTL_TKVM/L05_Group_2_BTL_TKVM.sim/sim_1/behav/xsim'
INFO: [SIM-utils-51] Simulation object is 'sim_1'
INFO: [SIM-utils-72] Using boost library from 'D:/Vivado/2024.1/tps/boost_1_72_0'
INFO: [SIM-utils-54] Inspecting design source files for 'RISC_CPU_tb' in fileset 'sim_1'...
INFO: [SIM-utils-43] Exported 'D:/Minh_Hung/L05_Group_2_BTL_TKVM/L05_Group_2_BTL_TKVM.sim/sim_1/behav/xsim/data_init.mem'
INFO: [SIM-utils-43] Exported 'D:/Minh_Hung/L05_Group_2_BTL_TKVM/L05_Group_2_BTL_TKVM.sim/sim_1/behav/xsim/instruction_file.mem'
INFO: [USF-XSim-97] Finding global include files...
INFO: [USF-XSim-98] Fetching design files from 'sim_1'...
INFO: [USF-XSim-2] XSim::Compile design
INFO: [USF-XSim-61] Executing 'COMPILE and ANALYZE' step in 'D:/Minh_Hung/L05_Group_2_BTL_TKVM/L05_Group_2_BTL_TKVM.sim/sim_1/behav/xsim'
"xvlog --incr --relax -prj RISC_CPU_tb_vlog.prj"
INFO: [VRFC 10-2263] Analyzing Verilog file "D:/Minh_Hung/L05_Group_2_BTL_TKVM/L05_Group_2_BTL_TKVM.srcs/sources_1/new/ALU.v" into library xil_defaultlib
INFO: [VRFC 10-311] analyzing module ALU
INFO: [VRFC 10-2263] Analyzing Verilog file "D:/Minh_Hung/L05_Group_2_BTL_TKVM/L05_Group_2_BTL_TKVM.srcs/sources_1/new/Accumulator.v" into library xil_defaultlib
INFO: [VRFC 10-311] analyzing module Accumulator
INFO: [VRFC 10-2263] Analyzing Verilog file "D:/Minh_Hung/L05_Group_2_BTL_TKVM/L05_Group_2_BTL_TKVM.srcs/sources_1/new/Controller.v" into library xil_defaultlib
INFO: [VRFC 10-311] analyzing module Controller
WARNING: [VRFC 10-9336] redeclaration of ANSI port 'state' is not allowed [D:/Minh_Hung/L05_Group_2_BTL_TKVM/L05_Group_2_BTL_TKVM.srcs/sources_1/new/Controller.v:20]
WARNING: [VRFC 10-2096] empty statement in sequential block [D:/Minh_Hung/L05_Group_2_BTL_TKVM/L05_Group_2_BTL_TKVM.srcs/sources_1/new/Controller.v:182]
INFO: [VRFC 10-2263] Analyzing Verilog file "D:/Minh_Hung/L05_Group_2_BTL_TKVM/L05_Group_2_BTL_TKVM.srcs/sources_1/new/DataMemory.v" into library xil_defaultlib
INFO: [VRFC 10-311] analyzing module dataMemory
INFO: [VRFC 10-2263] Analyzing Verilog file "D:/Minh_Hung/L05_Group_2_BTL_TKVM/L05_Group_2_BTL_TKVM.srcs/sources_1/new/Instruction_Memory.v" into library xil_defaultlib
INFO: [VRFC 10-311] analyzing module instructionMemory
INFO: [VRFC 10-2263] Analyzing Verilog file "D:/Minh_Hung/L05_Group_2_BTL_TKVM/L05_Group_2_BTL_TKVM.srcs/sources_1/new/Instruction_register.v" into library xil_defaultlib
INFO: [VRFC 10-311] analyzing module Instruction_Register
INFO: [VRFC 10-2263] Analyzing Verilog file "D:/Minh_Hung/L05_Group_2_BTL_TKVM/L05_Group_2_BTL_TKVM.srcs/sources_1/new/Program_counter.v" into library xil_defaultlib
INFO: [VRFC 10-311] analyzing module Program_counter
INFO: [VRFC 10-2263] Analyzing Verilog file "D:/Minh_Hung/L05_Group_2_BTL_TKVM/L05_Group_2_BTL_TKVM.srcs/sources_1/new/RISC_CPU.v" into library xil_defaultlib
INFO: [VRFC 10-311] analyzing module RISC_CPU
INFO: [VRFC 10-2263] Analyzing Verilog file "D:/Minh_Hung/L05_Group_2_BTL_TKVM/L05_Group_2_BTL_TKVM.srcs/sources_1/new/addr_mux.v" into library xil_defaultlib
INFO: [VRFC 10-311] analyzing module addr_mux
INFO: [VRFC 10-2263] Analyzing Verilog file "D:/Minh_Hung/L05_Group_2_BTL_TKVM/L05_Group_2_BTL_TKVM.srcs/sim_1/new/RISC_CPU_tb.v" into library xil_defaultlib
INFO: [VRFC 10-311] analyzing module RISC_CPU_tb
INFO: [USF-XSim-69] 'compile' step finished in '2' seconds
INFO: [USF-XSim-3] XSim::Elaborate design
INFO: [USF-XSim-61] Executing 'ELABORATE' step in 'D:/Minh_Hung/L05_Group_2_BTL_TKVM/L05_Group_2_BTL_TKVM.sim/sim_1/behav/xsim'
"xelab --incr --debug typical --relax --mt 2 -L xil_defaultlib -L unisims_ver -L unimacro_ver -L secureip --snapshot RISC_CPU_tb_behav xil_defaultlib.RISC_CPU_tb xil_defaultlib.glbl -log elaborate.log"
Vivado Simulator v2024.1
Copyright 1986-2022 Xilinx, Inc. All Rights Reserved.
Copyright 2022-2024 Advanced Micro Devices, Inc. All Rights Reserved.
Running: D:/Vivado/2024.1/bin/unwrapped/win64.o/xelab.exe --incr --debug typical --relax --mt 2 -L xil_defaultlib -L unisims_ver -L unimacro_ver -L secureip --snapshot RISC_CPU_tb_behav xil_defaultlib.RISC_CPU_tb xil_defaultlib.glbl -log elaborate.log 
Using 2 slave threads.
Starting static elaboration
Pass Through NonSizing Optimizer
Completed static elaboration
Starting simulation data flow analysis
WARNING: [XSIM 43-4099] "D:/Minh_Hung/L05_Group_2_BTL_TKVM/L05_Group_2_BTL_TKVM.srcs/sources_1/new/ALU.v" Line 1. Module ALU doesn't have a timescale but at least one module in design has a timescale.
WARNING: [XSIM 43-4099] "D:/Minh_Hung/L05_Group_2_BTL_TKVM/L05_Group_2_BTL_TKVM.srcs/sources_1/new/ALU.v" Line 1. Module ALU doesn't have a timescale but at least one module in design has a timescale.
Completed simulation data flow analysis
Time Resolution for simulation is 1ps
Compiling module xil_defaultlib.Controller
Compiling module xil_defaultlib.Program_counter
Compiling module xil_defaultlib.addr_mux
Compiling module xil_defaultlib.instructionMemory
Compiling module xil_defaultlib.Instruction_Register
Compiling module xil_defaultlib.dataMemory
Compiling module xil_defaultlib.ALU
Compiling module xil_defaultlib.Accumulator
Compiling module xil_defaultlib.RISC_CPU
Compiling module xil_defaultlib.RISC_CPU_tb
Compiling module xil_defaultlib.glbl
Built simulation snapshot RISC_CPU_tb_behav
INFO: [USF-XSim-69] 'elaborate' step finished in '2' seconds
INFO: [USF-XSim-4] XSim::Simulate design
INFO: [USF-XSim-61] Executing 'SIMULATE' step in 'D:/Minh_Hung/L05_Group_2_BTL_TKVM/L05_Group_2_BTL_TKVM.sim/sim_1/behav/xsim'
INFO: [USF-XSim-98] *** Running xsim
   with args "RISC_CPU_tb_behav -key {Behavioral:sim_1:Functional:RISC_CPU_tb} -tclbatch {RISC_CPU_tb.tcl} -log {simulate.log}"
INFO: [USF-XSim-8] Loading simulator feature
Time resolution is 1 ps
source RISC_CPU_tb.tcl
# set curr_wave [current_wave_config]
# if { [string length $curr_wave] == 0 } {
#   if { [llength [get_objects]] > 0} {
#     add_wave /
#     set_property needs_save false [current_wave_config]
#   } else {
#      send_msg_id Add_Wave-1 WARNING "No top level signals found. Simulator will start without a wave window. If you want to open a wave window go to 'File->New Waveform Configuration' or type 'create_wave_config' in the TCL console."
#   }
# }
# run 1000ns
Time: 0 | PC_out: 0 | Opcode: zzz | Operand: zzzzz | Accumulator: 0 | ALU_Result: x | Instr: xx | Data_Mem: xx | Wr_En: 0 | Mux_Sel: 1 | PC_En: 0 | SKZ: 0 | JMP: 0 | state: 0000 | ld_ac: 0 | alu_enable: 0
State INST_FETCH: 0000
Time: 15000 | PC_out: 0 | Opcode: zzz | Operand: zzzzz | Accumulator: 0 | ALU_Result: x | Instr: xx | Data_Mem: xx | Wr_En: 0 | Mux_Sel: 1 | PC_En: 0 | SKZ: 0 | JMP: 0 | state: 0001 | ld_ac: 0 | alu_enable: 0
State INST_LOAD: 0001
Time: 25000 | PC_out: 0 | Opcode: zzz | Operand: zzzzz | Accumulator: 0 | ALU_Result: x | Instr: fe | Data_Mem: xx | Wr_En: 0 | Mux_Sel: 1 | PC_En: 0 | SKZ: 0 | JMP: 0 | state: 0010 | ld_ac: 0 | alu_enable: 0
State IDLE: 0010
Time: 35000 | PC_out: 0 | Opcode: 111 | Operand: 11110 | Accumulator: 0 | ALU_Result: x | Instr: fe | Data_Mem: xx | Wr_En: 0 | Mux_Sel: 1 | PC_En: 0 | SKZ: 0 | JMP: 0 | state: 0011 | ld_ac: 0 | alu_enable: 0
State OP_ADDR: 0011
Time: 45000 | PC_out: 0 | Opcode: 111 | Operand: 11110 | Accumulator: 0 | ALU_Result: x | Instr: fe | Data_Mem: xx | Wr_En: 0 | Mux_Sel: 0 | PC_En: 0 | SKZ: 0 | JMP: 0 | state: 0100 | ld_ac: 0 | alu_enable: 0
State OP_FETCH: 0100
Time: 55000 | PC_out: 0 | Opcode: 111 | Operand: 11110 | Accumulator: 0 | ALU_Result: x | Instr: fe | Data_Mem: xx | Wr_En: 0 | Mux_Sel: 0 | PC_En: 0 | SKZ: 0 | JMP: 1 | state: 0101 | ld_ac: 0 | alu_enable: 0
State ALU_OP: 0101
Time: 65000 | PC_out: 0 | Opcode: 111 | Operand: 11110 | Accumulator: 0 | ALU_Result: x | Instr: fe | Data_Mem: xx | Wr_En: 0 | Mux_Sel: 0 | PC_En: 0 | SKZ: 0 | JMP: 1 | state: 0110 | ld_ac: 0 | alu_enable: 0
State STORE: 0110
Time: 75000 | PC_out: 0 | Opcode: 111 | Operand: 11110 | Accumulator: 0 | ALU_Result: x | Instr: fe | Data_Mem: xx | Wr_En: 0 | Mux_Sel: 1 | PC_En: 1 | SKZ: 0 | JMP: 1 | state: 0111 | ld_ac: 0 | alu_enable: 0
State INST_ADDR: 0111
Time: 85000 | PC_out: 30 | Opcode: 111 | Operand: 11110 | Accumulator: 0 | ALU_Result: x | Instr: fe | Data_Mem: xx | Wr_En: 0 | Mux_Sel: 1 | PC_En: 0 | SKZ: 0 | JMP: 0 | state: 0000 | ld_ac: 0 | alu_enable: 0
State INST_FETCH: 0000
Time: 95000 | PC_out: 30 | Opcode: 111 | Operand: 11110 | Accumulator: 0 | ALU_Result: x | Instr: fe | Data_Mem: xx | Wr_En: 0 | Mux_Sel: 1 | PC_En: 0 | SKZ: 0 | JMP: 0 | state: 0001 | ld_ac: 0 | alu_enable: 0
State INST_LOAD: 0001
Time: 105000 | PC_out: 30 | Opcode: 111 | Operand: 11110 | Accumulator: 0 | ALU_Result: x | Instr: e3 | Data_Mem: xx | Wr_En: 0 | Mux_Sel: 1 | PC_En: 0 | SKZ: 0 | JMP: 0 | state: 0010 | ld_ac: 0 | alu_enable: 0
State IDLE: 0010
Time: 115000 | PC_out: 30 | Opcode: 111 | Operand: 00011 | Accumulator: 0 | ALU_Result: x | Instr: e3 | Data_Mem: xx | Wr_En: 0 | Mux_Sel: 1 | PC_En: 0 | SKZ: 0 | JMP: 0 | state: 0011 | ld_ac: 0 | alu_enable: 0
State OP_ADDR: 0011
Time: 125000 | PC_out: 30 | Opcode: 111 | Operand: 00011 | Accumulator: 0 | ALU_Result: x | Instr: e3 | Data_Mem: xx | Wr_En: 0 | Mux_Sel: 0 | PC_En: 0 | SKZ: 0 | JMP: 0 | state: 0100 | ld_ac: 0 | alu_enable: 0
State OP_FETCH: 0100
Time: 135000 | PC_out: 30 | Opcode: 111 | Operand: 00011 | Accumulator: 0 | ALU_Result: x | Instr: e3 | Data_Mem: xx | Wr_En: 0 | Mux_Sel: 0 | PC_En: 0 | SKZ: 0 | JMP: 1 | state: 0101 | ld_ac: 0 | alu_enable: 0
State ALU_OP: 0101
Time: 145000 | PC_out: 30 | Opcode: 111 | Operand: 00011 | Accumulator: 0 | ALU_Result: x | Instr: e3 | Data_Mem: 00 | Wr_En: 0 | Mux_Sel: 0 | PC_En: 0 | SKZ: 0 | JMP: 1 | state: 0110 | ld_ac: 0 | alu_enable: 0
State STORE: 0110
Time: 155000 | PC_out: 30 | Opcode: 111 | Operand: 00011 | Accumulator: 0 | ALU_Result: x | Instr: e3 | Data_Mem: 00 | Wr_En: 0 | Mux_Sel: 1 | PC_En: 1 | SKZ: 0 | JMP: 1 | state: 0111 | ld_ac: 0 | alu_enable: 0
State INST_ADDR: 0111
Time: 165000 | PC_out: 3 | Opcode: 111 | Operand: 00011 | Accumulator: 0 | ALU_Result: x | Instr: e3 | Data_Mem: 00 | Wr_En: 0 | Mux_Sel: 1 | PC_En: 0 | SKZ: 0 | JMP: 0 | state: 0000 | ld_ac: 0 | alu_enable: 0
State INST_FETCH: 0000
Time: 175000 | PC_out: 3 | Opcode: 111 | Operand: 00011 | Accumulator: 0 | ALU_Result: x | Instr: e3 | Data_Mem: 00 | Wr_En: 0 | Mux_Sel: 1 | PC_En: 0 | SKZ: 0 | JMP: 0 | state: 0001 | ld_ac: 0 | alu_enable: 0
State INST_LOAD: 0001
Time: 185000 | PC_out: 3 | Opcode: 111 | Operand: 00011 | Accumulator: 0 | ALU_Result: x | Instr: ba | Data_Mem: 00 | Wr_En: 0 | Mux_Sel: 1 | PC_En: 0 | SKZ: 0 | JMP: 0 | state: 0010 | ld_ac: 0 | alu_enable: 0
State IDLE: 0010
Time: 195000 | PC_out: 3 | Opcode: 101 | Operand: 11010 | Accumulator: 0 | ALU_Result: x | Instr: ba | Data_Mem: 00 | Wr_En: 0 | Mux_Sel: 1 | PC_En: 0 | SKZ: 0 | JMP: 0 | state: 0011 | ld_ac: 0 | alu_enable: 0
State OP_ADDR: 0011
Time: 205000 | PC_out: 3 | Opcode: 101 | Operand: 11010 | Accumulator: 0 | ALU_Result: x | Instr: ba | Data_Mem: 00 | Wr_En: 0 | Mux_Sel: 0 | PC_En: 0 | SKZ: 0 | JMP: 0 | state: 0100 | ld_ac: 0 | alu_enable: 0
State OP_FETCH: 0100
Time: 215000 | PC_out: 3 | Opcode: 101 | Operand: 11010 | Accumulator: 0 | ALU_Result: x | Instr: ba | Data_Mem: 00 | Wr_En: 0 | Mux_Sel: 0 | PC_En: 0 | SKZ: 0 | JMP: 0 | state: 0101 | ld_ac: 0 | alu_enable: 1
State ALU_OP: 0101
Time: 225000 | PC_out: 3 | Opcode: 101 | Operand: 11010 | Accumulator: 0 | ALU_Result: 0 | Instr: ba | Data_Mem: 00 | Wr_En: 0 | Mux_Sel: 0 | PC_En: 0 | SKZ: 0 | JMP: 0 | state: 0110 | ld_ac: 1 | alu_enable: 1
State STORE: 0110
Time: 235000 | PC_out: 3 | Opcode: 101 | Operand: 11010 | Accumulator: 0 | ALU_Result: 0 | Instr: ba | Data_Mem: 00 | Wr_En: 0 | Mux_Sel: 1 | PC_En: 0 | SKZ: 0 | JMP: 0 | state: 0111 | ld_ac: 1 | alu_enable: 0
State INST_ADDR: 0111
Time: 245000 | PC_out: 3 | Opcode: 101 | Operand: 11010 | Accumulator: 0 | ALU_Result: 0 | Instr: ba | Data_Mem: 00 | Wr_En: 0 | Mux_Sel: 1 | PC_En: 1 | SKZ: 0 | JMP: 0 | state: 0000 | ld_ac: 0 | alu_enable: 0
State INST_FETCH: 0000
Time: 255000 | PC_out: 4 | Opcode: 101 | Operand: 11010 | Accumulator: 0 | ALU_Result: 0 | Instr: ba | Data_Mem: 00 | Wr_En: 0 | Mux_Sel: 1 | PC_En: 0 | SKZ: 0 | JMP: 0 | state: 0001 | ld_ac: 0 | alu_enable: 0
State INST_LOAD: 0001
Time: 265000 | PC_out: 4 | Opcode: 101 | Operand: 11010 | Accumulator: 0 | ALU_Result: 0 | Instr: ba | Data_Mem: 00 | Wr_En: 0 | Mux_Sel: 1 | PC_En: 0 | SKZ: 0 | JMP: 0 | state: 0010 | ld_ac: 0 | alu_enable: 0
State IDLE: 0010
Time: 275000 | PC_out: 4 | Opcode: 101 | Operand: 11010 | Accumulator: 0 | ALU_Result: 0 | Instr: 20 | Data_Mem: 00 | Wr_En: 0 | Mux_Sel: 1 | PC_En: 0 | SKZ: 0 | JMP: 0 | state: 0011 | ld_ac: 0 | alu_enable: 0
State OP_ADDR: 0011
Time: 285000 | PC_out: 4 | Opcode: 001 | Operand: 00000 | Accumulator: 0 | ALU_Result: 0 | Instr: 20 | Data_Mem: 00 | Wr_En: 0 | Mux_Sel: 0 | PC_En: 0 | SKZ: 0 | JMP: 0 | state: 0100 | ld_ac: 0 | alu_enable: 0
State OP_FETCH: 0100
Time: 295000 | PC_out: 4 | Opcode: 001 | Operand: 00000 | Accumulator: 0 | ALU_Result: 0 | Instr: 20 | Data_Mem: 00 | Wr_En: 0 | Mux_Sel: 0 | PC_En: 0 | SKZ: 1 | JMP: 0 | state: 0101 | ld_ac: 0 | alu_enable: 0
State ALU_OP: 0101
Time: 305000 | PC_out: 4 | Opcode: 001 | Operand: 00000 | Accumulator: 0 | ALU_Result: 0 | Instr: 20 | Data_Mem: 00 | Wr_En: 0 | Mux_Sel: 0 | PC_En: 0 | SKZ: 1 | JMP: 0 | state: 0110 | ld_ac: 0 | alu_enable: 0
State STORE: 0110
Time: 315000 | PC_out: 4 | Opcode: 001 | Operand: 00000 | Accumulator: 0 | ALU_Result: 0 | Instr: 20 | Data_Mem: 00 | Wr_En: 0 | Mux_Sel: 1 | PC_En: 1 | SKZ: 1 | JMP: 0 | state: 0111 | ld_ac: 0 | alu_enable: 0
State INST_ADDR: 0111
Time: 325000 | PC_out: 6 | Opcode: 001 | Operand: 00000 | Accumulator: 0 | ALU_Result: 0 | Instr: 20 | Data_Mem: 00 | Wr_En: 0 | Mux_Sel: 1 | PC_En: 0 | SKZ: 0 | JMP: 0 | state: 0000 | ld_ac: 0 | alu_enable: 0
State INST_FETCH: 0000
Time: 335000 | PC_out: 6 | Opcode: 001 | Operand: 00000 | Accumulator: 0 | ALU_Result: 0 | Instr: 20 | Data_Mem: 00 | Wr_En: 0 | Mux_Sel: 1 | PC_En: 0 | SKZ: 0 | JMP: 0 | state: 0001 | ld_ac: 0 | alu_enable: 0
State INST_LOAD: 0001
Time: 345000 | PC_out: 6 | Opcode: 001 | Operand: 00000 | Accumulator: 0 | ALU_Result: 0 | Instr: bb | Data_Mem: 00 | Wr_En: 0 | Mux_Sel: 1 | PC_En: 0 | SKZ: 0 | JMP: 0 | state: 0010 | ld_ac: 0 | alu_enable: 0
State IDLE: 0010
Time: 355000 | PC_out: 6 | Opcode: 101 | Operand: 11011 | Accumulator: 0 | ALU_Result: 0 | Instr: bb | Data_Mem: 00 | Wr_En: 0 | Mux_Sel: 1 | PC_En: 0 | SKZ: 0 | JMP: 0 | state: 0011 | ld_ac: 0 | alu_enable: 0
State OP_ADDR: 0011
Time: 365000 | PC_out: 6 | Opcode: 101 | Operand: 11011 | Accumulator: 0 | ALU_Result: 0 | Instr: bb | Data_Mem: 00 | Wr_En: 0 | Mux_Sel: 0 | PC_En: 0 | SKZ: 0 | JMP: 0 | state: 0100 | ld_ac: 0 | alu_enable: 0
State OP_FETCH: 0100
Time: 375000 | PC_out: 6 | Opcode: 101 | Operand: 11011 | Accumulator: 0 | ALU_Result: 0 | Instr: bb | Data_Mem: 00 | Wr_En: 0 | Mux_Sel: 0 | PC_En: 0 | SKZ: 0 | JMP: 0 | state: 0101 | ld_ac: 0 | alu_enable: 1
State ALU_OP: 0101
Time: 385000 | PC_out: 6 | Opcode: 101 | Operand: 11011 | Accumulator: 0 | ALU_Result: 0 | Instr: bb | Data_Mem: ff | Wr_En: 0 | Mux_Sel: 0 | PC_En: 0 | SKZ: 0 | JMP: 0 | state: 0110 | ld_ac: 1 | alu_enable: 1
State STORE: 0110
Time: 395000 | PC_out: 6 | Opcode: 101 | Operand: 11011 | Accumulator: 0 | ALU_Result: 255 | Instr: bb | Data_Mem: ff | Wr_En: 0 | Mux_Sel: 1 | PC_En: 0 | SKZ: 0 | JMP: 0 | state: 0111 | ld_ac: 1 | alu_enable: 0
State INST_ADDR: 0111
Time: 405000 | PC_out: 6 | Opcode: 101 | Operand: 11011 | Accumulator: 255 | ALU_Result: 255 | Instr: bb | Data_Mem: ff | Wr_En: 0 | Mux_Sel: 1 | PC_En: 1 | SKZ: 0 | JMP: 0 | state: 0000 | ld_ac: 0 | alu_enable: 0
State INST_FETCH: 0000
Time: 415000 | PC_out: 7 | Opcode: 101 | Operand: 11011 | Accumulator: 255 | ALU_Result: 255 | Instr: bb | Data_Mem: ff | Wr_En: 0 | Mux_Sel: 1 | PC_En: 0 | SKZ: 0 | JMP: 0 | state: 0001 | ld_ac: 0 | alu_enable: 0
State INST_LOAD: 0001
Time: 425000 | PC_out: 7 | Opcode: 101 | Operand: 11011 | Accumulator: 255 | ALU_Result: 255 | Instr: bb | Data_Mem: ff | Wr_En: 0 | Mux_Sel: 1 | PC_En: 0 | SKZ: 0 | JMP: 0 | state: 0010 | ld_ac: 0 | alu_enable: 0
State IDLE: 0010
Time: 435000 | PC_out: 7 | Opcode: 101 | Operand: 11011 | Accumulator: 255 | ALU_Result: 255 | Instr: 20 | Data_Mem: ff | Wr_En: 0 | Mux_Sel: 1 | PC_En: 0 | SKZ: 0 | JMP: 0 | state: 0011 | ld_ac: 0 | alu_enable: 0
State OP_ADDR: 0011
Time: 445000 | PC_out: 7 | Opcode: 001 | Operand: 00000 | Accumulator: 255 | ALU_Result: 255 | Instr: 20 | Data_Mem: ff | Wr_En: 0 | Mux_Sel: 0 | PC_En: 0 | SKZ: 0 | JMP: 0 | state: 0100 | ld_ac: 0 | alu_enable: 0
State OP_FETCH: 0100
Time: 455000 | PC_out: 7 | Opcode: 001 | Operand: 00000 | Accumulator: 255 | ALU_Result: 255 | Instr: 20 | Data_Mem: ff | Wr_En: 0 | Mux_Sel: 0 | PC_En: 0 | SKZ: 1 | JMP: 0 | state: 0101 | ld_ac: 0 | alu_enable: 0
State ALU_OP: 0101
Time: 465000 | PC_out: 7 | Opcode: 001 | Operand: 00000 | Accumulator: 255 | ALU_Result: 255 | Instr: 20 | Data_Mem: 00 | Wr_En: 0 | Mux_Sel: 0 | PC_En: 0 | SKZ: 1 | JMP: 0 | state: 0110 | ld_ac: 0 | alu_enable: 0
State STORE: 0110
Time: 475000 | PC_out: 7 | Opcode: 001 | Operand: 00000 | Accumulator: 255 | ALU_Result: 255 | Instr: 20 | Data_Mem: 00 | Wr_En: 0 | Mux_Sel: 1 | PC_En: 1 | SKZ: 1 | JMP: 0 | state: 0111 | ld_ac: 0 | alu_enable: 0
State INST_ADDR: 0111
Time: 485000 | PC_out: 8 | Opcode: 001 | Operand: 00000 | Accumulator: 255 | ALU_Result: 255 | Instr: 20 | Data_Mem: 00 | Wr_En: 0 | Mux_Sel: 1 | PC_En: 0 | SKZ: 0 | JMP: 0 | state: 0000 | ld_ac: 0 | alu_enable: 0
State INST_FETCH: 0000
Time: 495000 | PC_out: 8 | Opcode: 001 | Operand: 00000 | Accumulator: 255 | ALU_Result: 255 | Instr: 20 | Data_Mem: 00 | Wr_En: 0 | Mux_Sel: 1 | PC_En: 0 | SKZ: 0 | JMP: 0 | state: 0001 | ld_ac: 0 | alu_enable: 0
State INST_LOAD: 0001
Time: 505000 | PC_out: 8 | Opcode: 001 | Operand: 00000 | Accumulator: 255 | ALU_Result: 255 | Instr: ea | Data_Mem: 00 | Wr_En: 0 | Mux_Sel: 1 | PC_En: 0 | SKZ: 0 | JMP: 0 | state: 0010 | ld_ac: 0 | alu_enable: 0
State IDLE: 0010
Time: 515000 | PC_out: 8 | Opcode: 111 | Operand: 01010 | Accumulator: 255 | ALU_Result: 255 | Instr: ea | Data_Mem: 00 | Wr_En: 0 | Mux_Sel: 1 | PC_En: 0 | SKZ: 0 | JMP: 0 | state: 0011 | ld_ac: 0 | alu_enable: 0
State OP_ADDR: 0011
Time: 525000 | PC_out: 8 | Opcode: 111 | Operand: 01010 | Accumulator: 255 | ALU_Result: 255 | Instr: ea | Data_Mem: 00 | Wr_En: 0 | Mux_Sel: 0 | PC_En: 0 | SKZ: 0 | JMP: 0 | state: 0100 | ld_ac: 0 | alu_enable: 0
State OP_FETCH: 0100
Time: 535000 | PC_out: 8 | Opcode: 111 | Operand: 01010 | Accumulator: 255 | ALU_Result: 255 | Instr: ea | Data_Mem: 00 | Wr_En: 0 | Mux_Sel: 0 | PC_En: 0 | SKZ: 0 | JMP: 1 | state: 0101 | ld_ac: 0 | alu_enable: 0
State ALU_OP: 0101
Time: 545000 | PC_out: 8 | Opcode: 111 | Operand: 01010 | Accumulator: 255 | ALU_Result: 255 | Instr: ea | Data_Mem: 00 | Wr_En: 0 | Mux_Sel: 0 | PC_En: 0 | SKZ: 0 | JMP: 1 | state: 0110 | ld_ac: 0 | alu_enable: 0
State STORE: 0110
Time: 555000 | PC_out: 8 | Opcode: 111 | Operand: 01010 | Accumulator: 255 | ALU_Result: 255 | Instr: ea | Data_Mem: 00 | Wr_En: 0 | Mux_Sel: 1 | PC_En: 1 | SKZ: 0 | JMP: 1 | state: 0111 | ld_ac: 0 | alu_enable: 0
State INST_ADDR: 0111
Time: 565000 | PC_out: 10 | Opcode: 111 | Operand: 01010 | Accumulator: 255 | ALU_Result: 255 | Instr: ea | Data_Mem: 00 | Wr_En: 0 | Mux_Sel: 1 | PC_En: 0 | SKZ: 0 | JMP: 0 | state: 0000 | ld_ac: 0 | alu_enable: 0
State INST_FETCH: 0000
Time: 575000 | PC_out: 10 | Opcode: 111 | Operand: 01010 | Accumulator: 255 | ALU_Result: 255 | Instr: ea | Data_Mem: 00 | Wr_En: 0 | Mux_Sel: 1 | PC_En: 0 | SKZ: 0 | JMP: 0 | state: 0001 | ld_ac: 0 | alu_enable: 0
State INST_LOAD: 0001
Time: 585000 | PC_out: 10 | Opcode: 111 | Operand: 01010 | Accumulator: 255 | ALU_Result: 255 | Instr: dc | Data_Mem: 00 | Wr_En: 0 | Mux_Sel: 1 | PC_En: 0 | SKZ: 0 | JMP: 0 | state: 0010 | ld_ac: 0 | alu_enable: 0
State IDLE: 0010
Time: 595000 | PC_out: 10 | Opcode: 110 | Operand: 11100 | Accumulator: 255 | ALU_Result: 255 | Instr: dc | Data_Mem: 00 | Wr_En: 0 | Mux_Sel: 1 | PC_En: 0 | SKZ: 0 | JMP: 0 | state: 0011 | ld_ac: 0 | alu_enable: 0
State OP_ADDR: 0011
Time: 605000 | PC_out: 10 | Opcode: 110 | Operand: 11100 | Accumulator: 255 | ALU_Result: 255 | Instr: dc | Data_Mem: 00 | Wr_En: 0 | Mux_Sel: 0 | PC_En: 0 | SKZ: 0 | JMP: 0 | state: 0100 | ld_ac: 0 | alu_enable: 0
State OP_FETCH: 0100
Time: 615000 | PC_out: 10 | Opcode: 110 | Operand: 11100 | Accumulator: 255 | ALU_Result: 255 | Instr: dc | Data_Mem: 00 | Wr_En: 0 | Mux_Sel: 0 | PC_En: 0 | SKZ: 0 | JMP: 0 | state: 0101 | ld_ac: 0 | alu_enable: 0
State ALU_OP: 0101
Time: 625000 | PC_out: 10 | Opcode: 110 | Operand: 11100 | Accumulator: 255 | ALU_Result: 255 | Instr: dc | Data_Mem: aa | Wr_En: 0 | Mux_Sel: 0 | PC_En: 0 | SKZ: 0 | JMP: 0 | state: 0110 | ld_ac: 0 | alu_enable: 0
State STORE: 0110
Time: 635000 | PC_out: 10 | Opcode: 110 | Operand: 11100 | Accumulator: 255 | ALU_Result: 255 | Instr: dc | Data_Mem: ff | Wr_En: 1 | Mux_Sel: 1 | PC_En: 0 | SKZ: 0 | JMP: 0 | state: 0111 | ld_ac: 0 | alu_enable: 0
State INST_ADDR: 0111
Time: 645000 | PC_out: 10 | Opcode: 110 | Operand: 11100 | Accumulator: 255 | ALU_Result: 255 | Instr: dc | Data_Mem: aa | Wr_En: 0 | Mux_Sel: 1 | PC_En: 0 | SKZ: 0 | JMP: 0 | state: 0000 | ld_ac: 0 | alu_enable: 0
State INST_FETCH: 0000
Time: 655000 | PC_out: 10 | Opcode: 110 | Operand: 11100 | Accumulator: 255 | ALU_Result: 255 | Instr: dc | Data_Mem: ff | Wr_En: 0 | Mux_Sel: 1 | PC_En: 0 | SKZ: 0 | JMP: 0 | state: 0001 | ld_ac: 0 | alu_enable: 0
State INST_LOAD: 0001
Time: 665000 | PC_out: 10 | Opcode: 110 | Operand: 11100 | Accumulator: 255 | ALU_Result: 255 | Instr: dc | Data_Mem: ff | Wr_En: 0 | Mux_Sel: 1 | PC_En: 0 | SKZ: 0 | JMP: 0 | state: 0010 | ld_ac: 0 | alu_enable: 0
State IDLE: 0010
Time: 675000 | PC_out: 10 | Opcode: 110 | Operand: 11100 | Accumulator: 255 | ALU_Result: 255 | Instr: dc | Data_Mem: ff | Wr_En: 0 | Mux_Sel: 1 | PC_En: 0 | SKZ: 0 | JMP: 0 | state: 0011 | ld_ac: 0 | alu_enable: 0
State OP_ADDR: 0011
Time: 685000 | PC_out: 10 | Opcode: 110 | Operand: 11100 | Accumulator: 255 | ALU_Result: 255 | Instr: dc | Data_Mem: ff | Wr_En: 0 | Mux_Sel: 0 | PC_En: 0 | SKZ: 0 | JMP: 0 | state: 0100 | ld_ac: 0 | alu_enable: 0
State OP_FETCH: 0100
Time: 695000 | PC_out: 10 | Opcode: 110 | Operand: 11100 | Accumulator: 255 | ALU_Result: 255 | Instr: dc | Data_Mem: ff | Wr_En: 0 | Mux_Sel: 0 | PC_En: 0 | SKZ: 0 | JMP: 0 | state: 0101 | ld_ac: 0 | alu_enable: 0
State ALU_OP: 0101
Time: 705000 | PC_out: 10 | Opcode: 110 | Operand: 11100 | Accumulator: 255 | ALU_Result: 255 | Instr: dc | Data_Mem: ff | Wr_En: 0 | Mux_Sel: 0 | PC_En: 0 | SKZ: 0 | JMP: 0 | state: 0110 | ld_ac: 0 | alu_enable: 0
State STORE: 0110
Time: 715000 | PC_out: 10 | Opcode: 110 | Operand: 11100 | Accumulator: 255 | ALU_Result: 255 | Instr: dc | Data_Mem: ff | Wr_En: 1 | Mux_Sel: 1 | PC_En: 0 | SKZ: 0 | JMP: 0 | state: 0111 | ld_ac: 0 | alu_enable: 0
State INST_ADDR: 0111
Time: 725000 | PC_out: 10 | Opcode: 110 | Operand: 11100 | Accumulator: 255 | ALU_Result: 255 | Instr: dc | Data_Mem: ff | Wr_En: 0 | Mux_Sel: 1 | PC_En: 0 | SKZ: 0 | JMP: 0 | state: 0000 | ld_ac: 0 | alu_enable: 0
State INST_FETCH: 0000
Time: 735000 | PC_out: 10 | Opcode: 110 | Operand: 11100 | Accumulator: 255 | ALU_Result: 255 | Instr: dc | Data_Mem: ff | Wr_En: 0 | Mux_Sel: 1 | PC_En: 0 | SKZ: 0 | JMP: 0 | state: 0001 | ld_ac: 0 | alu_enable: 0
State INST_LOAD: 0001
Time: 745000 | PC_out: 10 | Opcode: 110 | Operand: 11100 | Accumulator: 255 | ALU_Result: 255 | Instr: dc | Data_Mem: ff | Wr_En: 0 | Mux_Sel: 1 | PC_En: 0 | SKZ: 0 | JMP: 0 | state: 0010 | ld_ac: 0 | alu_enable: 0
State IDLE: 0010
Time: 755000 | PC_out: 10 | Opcode: 110 | Operand: 11100 | Accumulator: 255 | ALU_Result: 255 | Instr: dc | Data_Mem: ff | Wr_En: 0 | Mux_Sel: 1 | PC_En: 0 | SKZ: 0 | JMP: 0 | state: 0011 | ld_ac: 0 | alu_enable: 0
State OP_ADDR: 0011
Time: 765000 | PC_out: 10 | Opcode: 110 | Operand: 11100 | Accumulator: 255 | ALU_Result: 255 | Instr: dc | Data_Mem: ff | Wr_En: 0 | Mux_Sel: 0 | PC_En: 0 | SKZ: 0 | JMP: 0 | state: 0100 | ld_ac: 0 | alu_enable: 0
State OP_FETCH: 0100
Time: 775000 | PC_out: 10 | Opcode: 110 | Operand: 11100 | Accumulator: 255 | ALU_Result: 255 | Instr: dc | Data_Mem: ff | Wr_En: 0 | Mux_Sel: 0 | PC_En: 0 | SKZ: 0 | JMP: 0 | state: 0101 | ld_ac: 0 | alu_enable: 0
State ALU_OP: 0101
Time: 785000 | PC_out: 10 | Opcode: 110 | Operand: 11100 | Accumulator: 255 | ALU_Result: 255 | Instr: dc | Data_Mem: ff | Wr_En: 0 | Mux_Sel: 0 | PC_En: 0 | SKZ: 0 | JMP: 0 | state: 0110 | ld_ac: 0 | alu_enable: 0
State STORE: 0110
Time: 795000 | PC_out: 10 | Opcode: 110 | Operand: 11100 | Accumulator: 255 | ALU_Result: 255 | Instr: dc | Data_Mem: ff | Wr_En: 1 | Mux_Sel: 1 | PC_En: 0 | SKZ: 0 | JMP: 0 | state: 0111 | ld_ac: 0 | alu_enable: 0
State INST_ADDR: 0111
Time: 805000 | PC_out: 10 | Opcode: 110 | Operand: 11100 | Accumulator: 255 | ALU_Result: 255 | Instr: dc | Data_Mem: ff | Wr_En: 0 | Mux_Sel: 1 | PC_En: 0 | SKZ: 0 | JMP: 0 | state: 0000 | ld_ac: 0 | alu_enable: 0
State INST_FETCH: 0000
Time: 815000 | PC_out: 10 | Opcode: 110 | Operand: 11100 | Accumulator: 255 | ALU_Result: 255 | Instr: dc | Data_Mem: ff | Wr_En: 0 | Mux_Sel: 1 | PC_En: 0 | SKZ: 0 | JMP: 0 | state: 0001 | ld_ac: 0 | alu_enable: 0
State INST_LOAD: 0001
Time: 825000 | PC_out: 10 | Opcode: 110 | Operand: 11100 | Accumulator: 255 | ALU_Result: 255 | Instr: dc | Data_Mem: ff | Wr_En: 0 | Mux_Sel: 1 | PC_En: 0 | SKZ: 0 | JMP: 0 | state: 0010 | ld_ac: 0 | alu_enable: 0
State IDLE: 0010
Time: 835000 | PC_out: 10 | Opcode: 110 | Operand: 11100 | Accumulator: 255 | ALU_Result: 255 | Instr: dc | Data_Mem: ff | Wr_En: 0 | Mux_Sel: 1 | PC_En: 0 | SKZ: 0 | JMP: 0 | state: 0011 | ld_ac: 0 | alu_enable: 0
State OP_ADDR: 0011
Time: 845000 | PC_out: 10 | Opcode: 110 | Operand: 11100 | Accumulator: 255 | ALU_Result: 255 | Instr: dc | Data_Mem: ff | Wr_En: 0 | Mux_Sel: 0 | PC_En: 0 | SKZ: 0 | JMP: 0 | state: 0100 | ld_ac: 0 | alu_enable: 0
State OP_FETCH: 0100
Time: 855000 | PC_out: 10 | Opcode: 110 | Operand: 11100 | Accumulator: 255 | ALU_Result: 255 | Instr: dc | Data_Mem: ff | Wr_En: 0 | Mux_Sel: 0 | PC_En: 0 | SKZ: 0 | JMP: 0 | state: 0101 | ld_ac: 0 | alu_enable: 0
State ALU_OP: 0101
Time: 865000 | PC_out: 10 | Opcode: 110 | Operand: 11100 | Accumulator: 255 | ALU_Result: 255 | Instr: dc | Data_Mem: ff | Wr_En: 0 | Mux_Sel: 0 | PC_En: 0 | SKZ: 0 | JMP: 0 | state: 0110 | ld_ac: 0 | alu_enable: 0
State STORE: 0110
Time: 875000 | PC_out: 10 | Opcode: 110 | Operand: 11100 | Accumulator: 255 | ALU_Result: 255 | Instr: dc | Data_Mem: ff | Wr_En: 1 | Mux_Sel: 1 | PC_En: 0 | SKZ: 0 | JMP: 0 | state: 0111 | ld_ac: 0 | alu_enable: 0
State INST_ADDR: 0111
Time: 885000 | PC_out: 10 | Opcode: 110 | Operand: 11100 | Accumulator: 255 | ALU_Result: 255 | Instr: dc | Data_Mem: ff | Wr_En: 0 | Mux_Sel: 1 | PC_En: 0 | SKZ: 0 | JMP: 0 | state: 0000 | ld_ac: 0 | alu_enable: 0
State INST_FETCH: 0000
Time: 895000 | PC_out: 10 | Opcode: 110 | Operand: 11100 | Accumulator: 255 | ALU_Result: 255 | Instr: dc | Data_Mem: ff | Wr_En: 0 | Mux_Sel: 1 | PC_En: 0 | SKZ: 0 | JMP: 0 | state: 0001 | ld_ac: 0 | alu_enable: 0
State INST_LOAD: 0001
Time: 905000 | PC_out: 10 | Opcode: 110 | Operand: 11100 | Accumulator: 255 | ALU_Result: 255 | Instr: dc | Data_Mem: ff | Wr_En: 0 | Mux_Sel: 1 | PC_En: 0 | SKZ: 0 | JMP: 0 | state: 0010 | ld_ac: 0 | alu_enable: 0
State IDLE: 0010
Time: 915000 | PC_out: 10 | Opcode: 110 | Operand: 11100 | Accumulator: 255 | ALU_Result: 255 | Instr: dc | Data_Mem: ff | Wr_En: 0 | Mux_Sel: 1 | PC_En: 0 | SKZ: 0 | JMP: 0 | state: 0011 | ld_ac: 0 | alu_enable: 0
State OP_ADDR: 0011
Time: 925000 | PC_out: 10 | Opcode: 110 | Operand: 11100 | Accumulator: 255 | ALU_Result: 255 | Instr: dc | Data_Mem: ff | Wr_En: 0 | Mux_Sel: 0 | PC_En: 0 | SKZ: 0 | JMP: 0 | state: 0100 | ld_ac: 0 | alu_enable: 0
State OP_FETCH: 0100
Time: 935000 | PC_out: 10 | Opcode: 110 | Operand: 11100 | Accumulator: 255 | ALU_Result: 255 | Instr: dc | Data_Mem: ff | Wr_En: 0 | Mux_Sel: 0 | PC_En: 0 | SKZ: 0 | JMP: 0 | state: 0101 | ld_ac: 0 | alu_enable: 0
State ALU_OP: 0101
Time: 945000 | PC_out: 10 | Opcode: 110 | Operand: 11100 | Accumulator: 255 | ALU_Result: 255 | Instr: dc | Data_Mem: ff | Wr_En: 0 | Mux_Sel: 0 | PC_En: 0 | SKZ: 0 | JMP: 0 | state: 0110 | ld_ac: 0 | alu_enable: 0
State STORE: 0110
Time: 955000 | PC_out: 10 | Opcode: 110 | Operand: 11100 | Accumulator: 255 | ALU_Result: 255 | Instr: dc | Data_Mem: ff | Wr_En: 1 | Mux_Sel: 1 | PC_En: 0 | SKZ: 0 | JMP: 0 | state: 0111 | ld_ac: 0 | alu_enable: 0
State INST_ADDR: 0111
Time: 965000 | PC_out: 10 | Opcode: 110 | Operand: 11100 | Accumulator: 255 | ALU_Result: 255 | Instr: dc | Data_Mem: ff | Wr_En: 0 | Mux_Sel: 1 | PC_En: 0 | SKZ: 0 | JMP: 0 | state: 0000 | ld_ac: 0 | alu_enable: 0
State INST_FETCH: 0000
Time: 975000 | PC_out: 10 | Opcode: 110 | Operand: 11100 | Accumulator: 255 | ALU_Result: 255 | Instr: dc | Data_Mem: ff | Wr_En: 0 | Mux_Sel: 1 | PC_En: 0 | SKZ: 0 | JMP: 0 | state: 0001 | ld_ac: 0 | alu_enable: 0
State INST_LOAD: 0001
Time: 985000 | PC_out: 10 | Opcode: 110 | Operand: 11100 | Accumulator: 255 | ALU_Result: 255 | Instr: dc | Data_Mem: ff | Wr_En: 0 | Mux_Sel: 1 | PC_En: 0 | SKZ: 0 | JMP: 0 | state: 0010 | ld_ac: 0 | alu_enable: 0
State IDLE: 0010
Time: 995000 | PC_out: 10 | Opcode: 110 | Operand: 11100 | Accumulator: 255 | ALU_Result: 255 | Instr: dc | Data_Mem: ff | Wr_En: 0 | Mux_Sel: 1 | PC_En: 0 | SKZ: 0 | JMP: 0 | state: 0011 | ld_ac: 0 | alu_enable: 0
INFO: [USF-XSim-96] XSim completed. Design snapshot 'RISC_CPU_tb_behav' loaded.
INFO: [USF-XSim-97] XSim simulation ran for 1000ns
launch_simulation: Time (s): cpu = 00:00:02 ; elapsed = 00:00:05 . Memory (MB): peak = 2721.336 ; gain = 0.000
close_sim
INFO: [Simtcl 6-16] Simulation closed
launch_simulation
Command: launch_simulation 
INFO: [Vivado 12-12493] Simulation top is 'RISC_CPU_tb'
WARNING: [Vivado 12-13340] Unable to auto find GCC executables from simulator install path! (path not set)
INFO: [Vivado 12-5682] Launching behavioral simulation in 'D:/Minh_Hung/L05_Group_2_BTL_TKVM/L05_Group_2_BTL_TKVM.sim/sim_1/behav/xsim'
INFO: [SIM-utils-51] Simulation object is 'sim_1'
INFO: [SIM-utils-72] Using boost library from 'D:/Vivado/2024.1/tps/boost_1_72_0'
INFO: [SIM-utils-54] Inspecting design source files for 'RISC_CPU_tb' in fileset 'sim_1'...
INFO: [SIM-utils-43] Exported 'D:/Minh_Hung/L05_Group_2_BTL_TKVM/L05_Group_2_BTL_TKVM.sim/sim_1/behav/xsim/data_init.mem'
INFO: [SIM-utils-43] Exported 'D:/Minh_Hung/L05_Group_2_BTL_TKVM/L05_Group_2_BTL_TKVM.sim/sim_1/behav/xsim/instruction_file.mem'
INFO: [USF-XSim-97] Finding global include files...
INFO: [USF-XSim-98] Fetching design files from 'sim_1'...
INFO: [USF-XSim-2] XSim::Compile design
INFO: [USF-XSim-61] Executing 'COMPILE and ANALYZE' step in 'D:/Minh_Hung/L05_Group_2_BTL_TKVM/L05_Group_2_BTL_TKVM.sim/sim_1/behav/xsim'
"xvlog --incr --relax -prj RISC_CPU_tb_vlog.prj"
INFO: [VRFC 10-2263] Analyzing Verilog file "D:/Minh_Hung/L05_Group_2_BTL_TKVM/L05_Group_2_BTL_TKVM.srcs/sources_1/new/ALU.v" into library xil_defaultlib
INFO: [VRFC 10-311] analyzing module ALU
INFO: [VRFC 10-2263] Analyzing Verilog file "D:/Minh_Hung/L05_Group_2_BTL_TKVM/L05_Group_2_BTL_TKVM.srcs/sources_1/new/Accumulator.v" into library xil_defaultlib
INFO: [VRFC 10-311] analyzing module Accumulator
INFO: [VRFC 10-2263] Analyzing Verilog file "D:/Minh_Hung/L05_Group_2_BTL_TKVM/L05_Group_2_BTL_TKVM.srcs/sources_1/new/Controller.v" into library xil_defaultlib
INFO: [VRFC 10-311] analyzing module Controller
WARNING: [VRFC 10-9336] redeclaration of ANSI port 'state' is not allowed [D:/Minh_Hung/L05_Group_2_BTL_TKVM/L05_Group_2_BTL_TKVM.srcs/sources_1/new/Controller.v:20]
WARNING: [VRFC 10-2096] empty statement in sequential block [D:/Minh_Hung/L05_Group_2_BTL_TKVM/L05_Group_2_BTL_TKVM.srcs/sources_1/new/Controller.v:182]
INFO: [VRFC 10-2263] Analyzing Verilog file "D:/Minh_Hung/L05_Group_2_BTL_TKVM/L05_Group_2_BTL_TKVM.srcs/sources_1/new/DataMemory.v" into library xil_defaultlib
INFO: [VRFC 10-311] analyzing module dataMemory
INFO: [VRFC 10-2263] Analyzing Verilog file "D:/Minh_Hung/L05_Group_2_BTL_TKVM/L05_Group_2_BTL_TKVM.srcs/sources_1/new/Instruction_Memory.v" into library xil_defaultlib
INFO: [VRFC 10-311] analyzing module instructionMemory
INFO: [VRFC 10-2263] Analyzing Verilog file "D:/Minh_Hung/L05_Group_2_BTL_TKVM/L05_Group_2_BTL_TKVM.srcs/sources_1/new/Instruction_register.v" into library xil_defaultlib
INFO: [VRFC 10-311] analyzing module Instruction_Register
INFO: [VRFC 10-2263] Analyzing Verilog file "D:/Minh_Hung/L05_Group_2_BTL_TKVM/L05_Group_2_BTL_TKVM.srcs/sources_1/new/Program_counter.v" into library xil_defaultlib
INFO: [VRFC 10-311] analyzing module Program_counter
INFO: [VRFC 10-2263] Analyzing Verilog file "D:/Minh_Hung/L05_Group_2_BTL_TKVM/L05_Group_2_BTL_TKVM.srcs/sources_1/new/RISC_CPU.v" into library xil_defaultlib
INFO: [VRFC 10-311] analyzing module RISC_CPU
INFO: [VRFC 10-2263] Analyzing Verilog file "D:/Minh_Hung/L05_Group_2_BTL_TKVM/L05_Group_2_BTL_TKVM.srcs/sources_1/new/addr_mux.v" into library xil_defaultlib
INFO: [VRFC 10-311] analyzing module addr_mux
INFO: [VRFC 10-2263] Analyzing Verilog file "D:/Minh_Hung/L05_Group_2_BTL_TKVM/L05_Group_2_BTL_TKVM.srcs/sim_1/new/RISC_CPU_tb.v" into library xil_defaultlib
INFO: [VRFC 10-311] analyzing module RISC_CPU_tb
INFO: [USF-XSim-69] 'compile' step finished in '1' seconds
INFO: [USF-XSim-3] XSim::Elaborate design
INFO: [USF-XSim-61] Executing 'ELABORATE' step in 'D:/Minh_Hung/L05_Group_2_BTL_TKVM/L05_Group_2_BTL_TKVM.sim/sim_1/behav/xsim'
"xelab --incr --debug typical --relax --mt 2 -L xil_defaultlib -L unisims_ver -L unimacro_ver -L secureip --snapshot RISC_CPU_tb_behav xil_defaultlib.RISC_CPU_tb xil_defaultlib.glbl -log elaborate.log"
Vivado Simulator v2024.1
Copyright 1986-2022 Xilinx, Inc. All Rights Reserved.
Copyright 2022-2024 Advanced Micro Devices, Inc. All Rights Reserved.
Running: D:/Vivado/2024.1/bin/unwrapped/win64.o/xelab.exe --incr --debug typical --relax --mt 2 -L xil_defaultlib -L unisims_ver -L unimacro_ver -L secureip --snapshot RISC_CPU_tb_behav xil_defaultlib.RISC_CPU_tb xil_defaultlib.glbl -log elaborate.log 
Using 2 slave threads.
Starting static elaboration
Pass Through NonSizing Optimizer
Completed static elaboration
Starting simulation data flow analysis
WARNING: [XSIM 43-4099] "D:/Minh_Hung/L05_Group_2_BTL_TKVM/L05_Group_2_BTL_TKVM.srcs/sources_1/new/ALU.v" Line 1. Module ALU doesn't have a timescale but at least one module in design has a timescale.
WARNING: [XSIM 43-4099] "D:/Minh_Hung/L05_Group_2_BTL_TKVM/L05_Group_2_BTL_TKVM.srcs/sources_1/new/ALU.v" Line 1. Module ALU doesn't have a timescale but at least one module in design has a timescale.
Completed simulation data flow analysis
Time Resolution for simulation is 1ps
Compiling module xil_defaultlib.Controller
Compiling module xil_defaultlib.Program_counter
Compiling module xil_defaultlib.addr_mux
Compiling module xil_defaultlib.instructionMemory
Compiling module xil_defaultlib.Instruction_Register
Compiling module xil_defaultlib.dataMemory
Compiling module xil_defaultlib.ALU
Compiling module xil_defaultlib.Accumulator
Compiling module xil_defaultlib.RISC_CPU
Compiling module xil_defaultlib.RISC_CPU_tb
Compiling module xil_defaultlib.glbl
Built simulation snapshot RISC_CPU_tb_behav
INFO: [USF-XSim-69] 'elaborate' step finished in '2' seconds
INFO: [USF-XSim-4] XSim::Simulate design
INFO: [USF-XSim-61] Executing 'SIMULATE' step in 'D:/Minh_Hung/L05_Group_2_BTL_TKVM/L05_Group_2_BTL_TKVM.sim/sim_1/behav/xsim'
INFO: [USF-XSim-98] *** Running xsim
   with args "RISC_CPU_tb_behav -key {Behavioral:sim_1:Functional:RISC_CPU_tb} -tclbatch {RISC_CPU_tb.tcl} -log {simulate.log}"
INFO: [USF-XSim-8] Loading simulator feature
Time resolution is 1 ps
source RISC_CPU_tb.tcl
# set curr_wave [current_wave_config]
# if { [string length $curr_wave] == 0 } {
#   if { [llength [get_objects]] > 0} {
#     add_wave /
#     set_property needs_save false [current_wave_config]
#   } else {
#      send_msg_id Add_Wave-1 WARNING "No top level signals found. Simulator will start without a wave window. If you want to open a wave window go to 'File->New Waveform Configuration' or type 'create_wave_config' in the TCL console."
#   }
# }
# run 1000ns
Time: 0 | PC_out: 0 | Opcode: zzz | Operand: zzzzz | Accumulator: 0 | ALU_Result: x | Instr: xx | Data_Mem: xx | Wr_En: 0 | Mux_Sel: 1 | PC_En: 0 | SKZ: 0 | JMP: 0 | state: 0000 | ld_ac: 0 | alu_enable: 0
State INST_FETCH: 0000
Time: 15000 | PC_out: 0 | Opcode: zzz | Operand: zzzzz | Accumulator: 0 | ALU_Result: x | Instr: xx | Data_Mem: xx | Wr_En: 0 | Mux_Sel: 1 | PC_En: 0 | SKZ: 0 | JMP: 0 | state: 0001 | ld_ac: 0 | alu_enable: 0
State INST_LOAD: 0001
Time: 25000 | PC_out: 0 | Opcode: zzz | Operand: zzzzz | Accumulator: 0 | ALU_Result: x | Instr: fe | Data_Mem: xx | Wr_En: 0 | Mux_Sel: 1 | PC_En: 0 | SKZ: 0 | JMP: 0 | state: 0010 | ld_ac: 0 | alu_enable: 0
State IDLE: 0010
Time: 35000 | PC_out: 0 | Opcode: 111 | Operand: 11110 | Accumulator: 0 | ALU_Result: x | Instr: fe | Data_Mem: xx | Wr_En: 0 | Mux_Sel: 1 | PC_En: 0 | SKZ: 0 | JMP: 0 | state: 0011 | ld_ac: 0 | alu_enable: 0
State OP_ADDR: 0011
Time: 45000 | PC_out: 0 | Opcode: 111 | Operand: 11110 | Accumulator: 0 | ALU_Result: x | Instr: fe | Data_Mem: xx | Wr_En: 0 | Mux_Sel: 0 | PC_En: 0 | SKZ: 0 | JMP: 0 | state: 0100 | ld_ac: 0 | alu_enable: 0
State OP_FETCH: 0100
Time: 55000 | PC_out: 0 | Opcode: 111 | Operand: 11110 | Accumulator: 0 | ALU_Result: x | Instr: fe | Data_Mem: xx | Wr_En: 0 | Mux_Sel: 0 | PC_En: 0 | SKZ: 0 | JMP: 1 | state: 0101 | ld_ac: 0 | alu_enable: 0
State ALU_OP: 0101
Time: 65000 | PC_out: 0 | Opcode: 111 | Operand: 11110 | Accumulator: 0 | ALU_Result: x | Instr: fe | Data_Mem: xx | Wr_En: 0 | Mux_Sel: 0 | PC_En: 0 | SKZ: 0 | JMP: 1 | state: 0110 | ld_ac: 0 | alu_enable: 0
State STORE: 0110
Time: 75000 | PC_out: 0 | Opcode: 111 | Operand: 11110 | Accumulator: 0 | ALU_Result: x | Instr: fe | Data_Mem: xx | Wr_En: 0 | Mux_Sel: 1 | PC_En: 1 | SKZ: 0 | JMP: 1 | state: 0111 | ld_ac: 0 | alu_enable: 0
State INST_ADDR: 0111
Time: 85000 | PC_out: 30 | Opcode: 111 | Operand: 11110 | Accumulator: 0 | ALU_Result: x | Instr: fe | Data_Mem: xx | Wr_En: 0 | Mux_Sel: 1 | PC_En: 0 | SKZ: 0 | JMP: 0 | state: 0000 | ld_ac: 0 | alu_enable: 0
State INST_FETCH: 0000
Time: 95000 | PC_out: 30 | Opcode: 111 | Operand: 11110 | Accumulator: 0 | ALU_Result: x | Instr: fe | Data_Mem: xx | Wr_En: 0 | Mux_Sel: 1 | PC_En: 0 | SKZ: 0 | JMP: 0 | state: 0001 | ld_ac: 0 | alu_enable: 0
State INST_LOAD: 0001
Time: 105000 | PC_out: 30 | Opcode: 111 | Operand: 11110 | Accumulator: 0 | ALU_Result: x | Instr: e3 | Data_Mem: xx | Wr_En: 0 | Mux_Sel: 1 | PC_En: 0 | SKZ: 0 | JMP: 0 | state: 0010 | ld_ac: 0 | alu_enable: 0
State IDLE: 0010
Time: 115000 | PC_out: 30 | Opcode: 111 | Operand: 00011 | Accumulator: 0 | ALU_Result: x | Instr: e3 | Data_Mem: xx | Wr_En: 0 | Mux_Sel: 1 | PC_En: 0 | SKZ: 0 | JMP: 0 | state: 0011 | ld_ac: 0 | alu_enable: 0
State OP_ADDR: 0011
Time: 125000 | PC_out: 30 | Opcode: 111 | Operand: 00011 | Accumulator: 0 | ALU_Result: x | Instr: e3 | Data_Mem: xx | Wr_En: 0 | Mux_Sel: 0 | PC_En: 0 | SKZ: 0 | JMP: 0 | state: 0100 | ld_ac: 0 | alu_enable: 0
State OP_FETCH: 0100
Time: 135000 | PC_out: 30 | Opcode: 111 | Operand: 00011 | Accumulator: 0 | ALU_Result: x | Instr: e3 | Data_Mem: xx | Wr_En: 0 | Mux_Sel: 0 | PC_En: 0 | SKZ: 0 | JMP: 1 | state: 0101 | ld_ac: 0 | alu_enable: 0
State ALU_OP: 0101
Time: 145000 | PC_out: 30 | Opcode: 111 | Operand: 00011 | Accumulator: 0 | ALU_Result: x | Instr: e3 | Data_Mem: 00 | Wr_En: 0 | Mux_Sel: 0 | PC_En: 0 | SKZ: 0 | JMP: 1 | state: 0110 | ld_ac: 0 | alu_enable: 0
State STORE: 0110
Time: 155000 | PC_out: 30 | Opcode: 111 | Operand: 00011 | Accumulator: 0 | ALU_Result: x | Instr: e3 | Data_Mem: 00 | Wr_En: 0 | Mux_Sel: 1 | PC_En: 1 | SKZ: 0 | JMP: 1 | state: 0111 | ld_ac: 0 | alu_enable: 0
State INST_ADDR: 0111
Time: 165000 | PC_out: 3 | Opcode: 111 | Operand: 00011 | Accumulator: 0 | ALU_Result: x | Instr: e3 | Data_Mem: 00 | Wr_En: 0 | Mux_Sel: 1 | PC_En: 0 | SKZ: 0 | JMP: 0 | state: 0000 | ld_ac: 0 | alu_enable: 0
State INST_FETCH: 0000
Time: 175000 | PC_out: 3 | Opcode: 111 | Operand: 00011 | Accumulator: 0 | ALU_Result: x | Instr: e3 | Data_Mem: 00 | Wr_En: 0 | Mux_Sel: 1 | PC_En: 0 | SKZ: 0 | JMP: 0 | state: 0001 | ld_ac: 0 | alu_enable: 0
State INST_LOAD: 0001
Time: 185000 | PC_out: 3 | Opcode: 111 | Operand: 00011 | Accumulator: 0 | ALU_Result: x | Instr: ba | Data_Mem: 00 | Wr_En: 0 | Mux_Sel: 1 | PC_En: 0 | SKZ: 0 | JMP: 0 | state: 0010 | ld_ac: 0 | alu_enable: 0
State IDLE: 0010
Time: 195000 | PC_out: 3 | Opcode: 101 | Operand: 11010 | Accumulator: 0 | ALU_Result: x | Instr: ba | Data_Mem: 00 | Wr_En: 0 | Mux_Sel: 1 | PC_En: 0 | SKZ: 0 | JMP: 0 | state: 0011 | ld_ac: 0 | alu_enable: 0
State OP_ADDR: 0011
Time: 205000 | PC_out: 3 | Opcode: 101 | Operand: 11010 | Accumulator: 0 | ALU_Result: x | Instr: ba | Data_Mem: 00 | Wr_En: 0 | Mux_Sel: 0 | PC_En: 0 | SKZ: 0 | JMP: 0 | state: 0100 | ld_ac: 0 | alu_enable: 0
State OP_FETCH: 0100
Time: 215000 | PC_out: 3 | Opcode: 101 | Operand: 11010 | Accumulator: 0 | ALU_Result: x | Instr: ba | Data_Mem: 00 | Wr_En: 0 | Mux_Sel: 0 | PC_En: 0 | SKZ: 0 | JMP: 0 | state: 0101 | ld_ac: 0 | alu_enable: 1
State ALU_OP: 0101
Time: 225000 | PC_out: 3 | Opcode: 101 | Operand: 11010 | Accumulator: 0 | ALU_Result: 0 | Instr: ba | Data_Mem: 00 | Wr_En: 0 | Mux_Sel: 0 | PC_En: 0 | SKZ: 0 | JMP: 0 | state: 0110 | ld_ac: 1 | alu_enable: 1
State STORE: 0110
Time: 235000 | PC_out: 3 | Opcode: 101 | Operand: 11010 | Accumulator: 0 | ALU_Result: 0 | Instr: ba | Data_Mem: 00 | Wr_En: 0 | Mux_Sel: 1 | PC_En: 0 | SKZ: 0 | JMP: 0 | state: 0111 | ld_ac: 1 | alu_enable: 0
State INST_ADDR: 0111
Time: 245000 | PC_out: 3 | Opcode: 101 | Operand: 11010 | Accumulator: 0 | ALU_Result: 0 | Instr: ba | Data_Mem: 00 | Wr_En: 0 | Mux_Sel: 1 | PC_En: 1 | SKZ: 0 | JMP: 0 | state: 0000 | ld_ac: 0 | alu_enable: 0
State INST_FETCH: 0000
Time: 255000 | PC_out: 4 | Opcode: 101 | Operand: 11010 | Accumulator: 0 | ALU_Result: 0 | Instr: ba | Data_Mem: 00 | Wr_En: 0 | Mux_Sel: 1 | PC_En: 0 | SKZ: 0 | JMP: 0 | state: 0001 | ld_ac: 0 | alu_enable: 0
State INST_LOAD: 0001
Time: 265000 | PC_out: 4 | Opcode: 101 | Operand: 11010 | Accumulator: 0 | ALU_Result: 0 | Instr: ba | Data_Mem: 00 | Wr_En: 0 | Mux_Sel: 1 | PC_En: 0 | SKZ: 0 | JMP: 0 | state: 0010 | ld_ac: 0 | alu_enable: 0
State IDLE: 0010
Time: 275000 | PC_out: 4 | Opcode: 101 | Operand: 11010 | Accumulator: 0 | ALU_Result: 0 | Instr: 20 | Data_Mem: 00 | Wr_En: 0 | Mux_Sel: 1 | PC_En: 0 | SKZ: 0 | JMP: 0 | state: 0011 | ld_ac: 0 | alu_enable: 0
State OP_ADDR: 0011
Time: 285000 | PC_out: 4 | Opcode: 001 | Operand: 00000 | Accumulator: 0 | ALU_Result: 0 | Instr: 20 | Data_Mem: 00 | Wr_En: 0 | Mux_Sel: 0 | PC_En: 0 | SKZ: 0 | JMP: 0 | state: 0100 | ld_ac: 0 | alu_enable: 0
State OP_FETCH: 0100
Time: 295000 | PC_out: 4 | Opcode: 001 | Operand: 00000 | Accumulator: 0 | ALU_Result: 0 | Instr: 20 | Data_Mem: 00 | Wr_En: 0 | Mux_Sel: 0 | PC_En: 0 | SKZ: 1 | JMP: 0 | state: 0101 | ld_ac: 0 | alu_enable: 0
State ALU_OP: 0101
Time: 305000 | PC_out: 4 | Opcode: 001 | Operand: 00000 | Accumulator: 0 | ALU_Result: 0 | Instr: 20 | Data_Mem: 00 | Wr_En: 0 | Mux_Sel: 0 | PC_En: 0 | SKZ: 1 | JMP: 0 | state: 0110 | ld_ac: 0 | alu_enable: 0
State STORE: 0110
Time: 315000 | PC_out: 4 | Opcode: 001 | Operand: 00000 | Accumulator: 0 | ALU_Result: 0 | Instr: 20 | Data_Mem: 00 | Wr_En: 0 | Mux_Sel: 1 | PC_En: 1 | SKZ: 1 | JMP: 0 | state: 0111 | ld_ac: 0 | alu_enable: 0
State INST_ADDR: 0111
Time: 325000 | PC_out: 6 | Opcode: 001 | Operand: 00000 | Accumulator: 0 | ALU_Result: 0 | Instr: 20 | Data_Mem: 00 | Wr_En: 0 | Mux_Sel: 1 | PC_En: 0 | SKZ: 0 | JMP: 0 | state: 0000 | ld_ac: 0 | alu_enable: 0
State INST_FETCH: 0000
Time: 335000 | PC_out: 6 | Opcode: 001 | Operand: 00000 | Accumulator: 0 | ALU_Result: 0 | Instr: 20 | Data_Mem: 00 | Wr_En: 0 | Mux_Sel: 1 | PC_En: 0 | SKZ: 0 | JMP: 0 | state: 0001 | ld_ac: 0 | alu_enable: 0
State INST_LOAD: 0001
Time: 345000 | PC_out: 6 | Opcode: 001 | Operand: 00000 | Accumulator: 0 | ALU_Result: 0 | Instr: bb | Data_Mem: 00 | Wr_En: 0 | Mux_Sel: 1 | PC_En: 0 | SKZ: 0 | JMP: 0 | state: 0010 | ld_ac: 0 | alu_enable: 0
State IDLE: 0010
Time: 355000 | PC_out: 6 | Opcode: 101 | Operand: 11011 | Accumulator: 0 | ALU_Result: 0 | Instr: bb | Data_Mem: 00 | Wr_En: 0 | Mux_Sel: 1 | PC_En: 0 | SKZ: 0 | JMP: 0 | state: 0011 | ld_ac: 0 | alu_enable: 0
State OP_ADDR: 0011
Time: 365000 | PC_out: 6 | Opcode: 101 | Operand: 11011 | Accumulator: 0 | ALU_Result: 0 | Instr: bb | Data_Mem: 00 | Wr_En: 0 | Mux_Sel: 0 | PC_En: 0 | SKZ: 0 | JMP: 0 | state: 0100 | ld_ac: 0 | alu_enable: 0
State OP_FETCH: 0100
Time: 375000 | PC_out: 6 | Opcode: 101 | Operand: 11011 | Accumulator: 0 | ALU_Result: 0 | Instr: bb | Data_Mem: 00 | Wr_En: 0 | Mux_Sel: 0 | PC_En: 0 | SKZ: 0 | JMP: 0 | state: 0101 | ld_ac: 0 | alu_enable: 1
State ALU_OP: 0101
Time: 385000 | PC_out: 6 | Opcode: 101 | Operand: 11011 | Accumulator: 0 | ALU_Result: 0 | Instr: bb | Data_Mem: ff | Wr_En: 0 | Mux_Sel: 0 | PC_En: 0 | SKZ: 0 | JMP: 0 | state: 0110 | ld_ac: 1 | alu_enable: 1
State STORE: 0110
Time: 395000 | PC_out: 6 | Opcode: 101 | Operand: 11011 | Accumulator: 0 | ALU_Result: 255 | Instr: bb | Data_Mem: ff | Wr_En: 0 | Mux_Sel: 1 | PC_En: 0 | SKZ: 0 | JMP: 0 | state: 0111 | ld_ac: 1 | alu_enable: 0
State INST_ADDR: 0111
Time: 405000 | PC_out: 6 | Opcode: 101 | Operand: 11011 | Accumulator: 11111111 | ALU_Result: 255 | Instr: bb | Data_Mem: ff | Wr_En: 0 | Mux_Sel: 1 | PC_En: 1 | SKZ: 0 | JMP: 0 | state: 0000 | ld_ac: 0 | alu_enable: 0
State INST_FETCH: 0000
Time: 415000 | PC_out: 7 | Opcode: 101 | Operand: 11011 | Accumulator: 11111111 | ALU_Result: 255 | Instr: bb | Data_Mem: ff | Wr_En: 0 | Mux_Sel: 1 | PC_En: 0 | SKZ: 0 | JMP: 0 | state: 0001 | ld_ac: 0 | alu_enable: 0
State INST_LOAD: 0001
Time: 425000 | PC_out: 7 | Opcode: 101 | Operand: 11011 | Accumulator: 11111111 | ALU_Result: 255 | Instr: bb | Data_Mem: ff | Wr_En: 0 | Mux_Sel: 1 | PC_En: 0 | SKZ: 0 | JMP: 0 | state: 0010 | ld_ac: 0 | alu_enable: 0
State IDLE: 0010
Time: 435000 | PC_out: 7 | Opcode: 101 | Operand: 11011 | Accumulator: 11111111 | ALU_Result: 255 | Instr: 20 | Data_Mem: ff | Wr_En: 0 | Mux_Sel: 1 | PC_En: 0 | SKZ: 0 | JMP: 0 | state: 0011 | ld_ac: 0 | alu_enable: 0
State OP_ADDR: 0011
Time: 445000 | PC_out: 7 | Opcode: 001 | Operand: 00000 | Accumulator: 11111111 | ALU_Result: 255 | Instr: 20 | Data_Mem: ff | Wr_En: 0 | Mux_Sel: 0 | PC_En: 0 | SKZ: 0 | JMP: 0 | state: 0100 | ld_ac: 0 | alu_enable: 0
State OP_FETCH: 0100
Time: 455000 | PC_out: 7 | Opcode: 001 | Operand: 00000 | Accumulator: 11111111 | ALU_Result: 255 | Instr: 20 | Data_Mem: ff | Wr_En: 0 | Mux_Sel: 0 | PC_En: 0 | SKZ: 1 | JMP: 0 | state: 0101 | ld_ac: 0 | alu_enable: 0
State ALU_OP: 0101
Time: 465000 | PC_out: 7 | Opcode: 001 | Operand: 00000 | Accumulator: 11111111 | ALU_Result: 255 | Instr: 20 | Data_Mem: 00 | Wr_En: 0 | Mux_Sel: 0 | PC_En: 0 | SKZ: 1 | JMP: 0 | state: 0110 | ld_ac: 0 | alu_enable: 0
State STORE: 0110
Time: 475000 | PC_out: 7 | Opcode: 001 | Operand: 00000 | Accumulator: 11111111 | ALU_Result: 255 | Instr: 20 | Data_Mem: 00 | Wr_En: 0 | Mux_Sel: 1 | PC_En: 1 | SKZ: 1 | JMP: 0 | state: 0111 | ld_ac: 0 | alu_enable: 0
State INST_ADDR: 0111
Time: 485000 | PC_out: 8 | Opcode: 001 | Operand: 00000 | Accumulator: 11111111 | ALU_Result: 255 | Instr: 20 | Data_Mem: 00 | Wr_En: 0 | Mux_Sel: 1 | PC_En: 0 | SKZ: 0 | JMP: 0 | state: 0000 | ld_ac: 0 | alu_enable: 0
State INST_FETCH: 0000
Time: 495000 | PC_out: 8 | Opcode: 001 | Operand: 00000 | Accumulator: 11111111 | ALU_Result: 255 | Instr: 20 | Data_Mem: 00 | Wr_En: 0 | Mux_Sel: 1 | PC_En: 0 | SKZ: 0 | JMP: 0 | state: 0001 | ld_ac: 0 | alu_enable: 0
State INST_LOAD: 0001
Time: 505000 | PC_out: 8 | Opcode: 001 | Operand: 00000 | Accumulator: 11111111 | ALU_Result: 255 | Instr: ea | Data_Mem: 00 | Wr_En: 0 | Mux_Sel: 1 | PC_En: 0 | SKZ: 0 | JMP: 0 | state: 0010 | ld_ac: 0 | alu_enable: 0
State IDLE: 0010
Time: 515000 | PC_out: 8 | Opcode: 111 | Operand: 01010 | Accumulator: 11111111 | ALU_Result: 255 | Instr: ea | Data_Mem: 00 | Wr_En: 0 | Mux_Sel: 1 | PC_En: 0 | SKZ: 0 | JMP: 0 | state: 0011 | ld_ac: 0 | alu_enable: 0
State OP_ADDR: 0011
Time: 525000 | PC_out: 8 | Opcode: 111 | Operand: 01010 | Accumulator: 11111111 | ALU_Result: 255 | Instr: ea | Data_Mem: 00 | Wr_En: 0 | Mux_Sel: 0 | PC_En: 0 | SKZ: 0 | JMP: 0 | state: 0100 | ld_ac: 0 | alu_enable: 0
State OP_FETCH: 0100
Time: 535000 | PC_out: 8 | Opcode: 111 | Operand: 01010 | Accumulator: 11111111 | ALU_Result: 255 | Instr: ea | Data_Mem: 00 | Wr_En: 0 | Mux_Sel: 0 | PC_En: 0 | SKZ: 0 | JMP: 1 | state: 0101 | ld_ac: 0 | alu_enable: 0
State ALU_OP: 0101
Time: 545000 | PC_out: 8 | Opcode: 111 | Operand: 01010 | Accumulator: 11111111 | ALU_Result: 255 | Instr: ea | Data_Mem: 00 | Wr_En: 0 | Mux_Sel: 0 | PC_En: 0 | SKZ: 0 | JMP: 1 | state: 0110 | ld_ac: 0 | alu_enable: 0
State STORE: 0110
Time: 555000 | PC_out: 8 | Opcode: 111 | Operand: 01010 | Accumulator: 11111111 | ALU_Result: 255 | Instr: ea | Data_Mem: 00 | Wr_En: 0 | Mux_Sel: 1 | PC_En: 1 | SKZ: 0 | JMP: 1 | state: 0111 | ld_ac: 0 | alu_enable: 0
State INST_ADDR: 0111
Time: 565000 | PC_out: 10 | Opcode: 111 | Operand: 01010 | Accumulator: 11111111 | ALU_Result: 255 | Instr: ea | Data_Mem: 00 | Wr_En: 0 | Mux_Sel: 1 | PC_En: 0 | SKZ: 0 | JMP: 0 | state: 0000 | ld_ac: 0 | alu_enable: 0
State INST_FETCH: 0000
Time: 575000 | PC_out: 10 | Opcode: 111 | Operand: 01010 | Accumulator: 11111111 | ALU_Result: 255 | Instr: ea | Data_Mem: 00 | Wr_En: 0 | Mux_Sel: 1 | PC_En: 0 | SKZ: 0 | JMP: 0 | state: 0001 | ld_ac: 0 | alu_enable: 0
State INST_LOAD: 0001
Time: 585000 | PC_out: 10 | Opcode: 111 | Operand: 01010 | Accumulator: 11111111 | ALU_Result: 255 | Instr: dc | Data_Mem: 00 | Wr_En: 0 | Mux_Sel: 1 | PC_En: 0 | SKZ: 0 | JMP: 0 | state: 0010 | ld_ac: 0 | alu_enable: 0
State IDLE: 0010
Time: 595000 | PC_out: 10 | Opcode: 110 | Operand: 11100 | Accumulator: 11111111 | ALU_Result: 255 | Instr: dc | Data_Mem: 00 | Wr_En: 0 | Mux_Sel: 1 | PC_En: 0 | SKZ: 0 | JMP: 0 | state: 0011 | ld_ac: 0 | alu_enable: 0
State OP_ADDR: 0011
Time: 605000 | PC_out: 10 | Opcode: 110 | Operand: 11100 | Accumulator: 11111111 | ALU_Result: 255 | Instr: dc | Data_Mem: 00 | Wr_En: 0 | Mux_Sel: 0 | PC_En: 0 | SKZ: 0 | JMP: 0 | state: 0100 | ld_ac: 0 | alu_enable: 0
State OP_FETCH: 0100
Time: 615000 | PC_out: 10 | Opcode: 110 | Operand: 11100 | Accumulator: 11111111 | ALU_Result: 255 | Instr: dc | Data_Mem: 00 | Wr_En: 0 | Mux_Sel: 0 | PC_En: 0 | SKZ: 0 | JMP: 0 | state: 0101 | ld_ac: 0 | alu_enable: 0
State ALU_OP: 0101
Time: 625000 | PC_out: 10 | Opcode: 110 | Operand: 11100 | Accumulator: 11111111 | ALU_Result: 255 | Instr: dc | Data_Mem: aa | Wr_En: 0 | Mux_Sel: 0 | PC_En: 0 | SKZ: 0 | JMP: 0 | state: 0110 | ld_ac: 0 | alu_enable: 0
State STORE: 0110
Time: 635000 | PC_out: 10 | Opcode: 110 | Operand: 11100 | Accumulator: 11111111 | ALU_Result: 255 | Instr: dc | Data_Mem: ff | Wr_En: 1 | Mux_Sel: 1 | PC_En: 0 | SKZ: 0 | JMP: 0 | state: 0111 | ld_ac: 0 | alu_enable: 0
State INST_ADDR: 0111
Time: 645000 | PC_out: 10 | Opcode: 110 | Operand: 11100 | Accumulator: 11111111 | ALU_Result: 255 | Instr: dc | Data_Mem: aa | Wr_En: 0 | Mux_Sel: 1 | PC_En: 0 | SKZ: 0 | JMP: 0 | state: 0000 | ld_ac: 0 | alu_enable: 0
State INST_FETCH: 0000
Time: 655000 | PC_out: 10 | Opcode: 110 | Operand: 11100 | Accumulator: 11111111 | ALU_Result: 255 | Instr: dc | Data_Mem: ff | Wr_En: 0 | Mux_Sel: 1 | PC_En: 0 | SKZ: 0 | JMP: 0 | state: 0001 | ld_ac: 0 | alu_enable: 0
State INST_LOAD: 0001
Time: 665000 | PC_out: 10 | Opcode: 110 | Operand: 11100 | Accumulator: 11111111 | ALU_Result: 255 | Instr: dc | Data_Mem: ff | Wr_En: 0 | Mux_Sel: 1 | PC_En: 0 | SKZ: 0 | JMP: 0 | state: 0010 | ld_ac: 0 | alu_enable: 0
State IDLE: 0010
Time: 675000 | PC_out: 10 | Opcode: 110 | Operand: 11100 | Accumulator: 11111111 | ALU_Result: 255 | Instr: dc | Data_Mem: ff | Wr_En: 0 | Mux_Sel: 1 | PC_En: 0 | SKZ: 0 | JMP: 0 | state: 0011 | ld_ac: 0 | alu_enable: 0
State OP_ADDR: 0011
Time: 685000 | PC_out: 10 | Opcode: 110 | Operand: 11100 | Accumulator: 11111111 | ALU_Result: 255 | Instr: dc | Data_Mem: ff | Wr_En: 0 | Mux_Sel: 0 | PC_En: 0 | SKZ: 0 | JMP: 0 | state: 0100 | ld_ac: 0 | alu_enable: 0
State OP_FETCH: 0100
Time: 695000 | PC_out: 10 | Opcode: 110 | Operand: 11100 | Accumulator: 11111111 | ALU_Result: 255 | Instr: dc | Data_Mem: ff | Wr_En: 0 | Mux_Sel: 0 | PC_En: 0 | SKZ: 0 | JMP: 0 | state: 0101 | ld_ac: 0 | alu_enable: 0
State ALU_OP: 0101
Time: 705000 | PC_out: 10 | Opcode: 110 | Operand: 11100 | Accumulator: 11111111 | ALU_Result: 255 | Instr: dc | Data_Mem: ff | Wr_En: 0 | Mux_Sel: 0 | PC_En: 0 | SKZ: 0 | JMP: 0 | state: 0110 | ld_ac: 0 | alu_enable: 0
State STORE: 0110
Time: 715000 | PC_out: 10 | Opcode: 110 | Operand: 11100 | Accumulator: 11111111 | ALU_Result: 255 | Instr: dc | Data_Mem: ff | Wr_En: 1 | Mux_Sel: 1 | PC_En: 0 | SKZ: 0 | JMP: 0 | state: 0111 | ld_ac: 0 | alu_enable: 0
State INST_ADDR: 0111
Time: 725000 | PC_out: 10 | Opcode: 110 | Operand: 11100 | Accumulator: 11111111 | ALU_Result: 255 | Instr: dc | Data_Mem: ff | Wr_En: 0 | Mux_Sel: 1 | PC_En: 0 | SKZ: 0 | JMP: 0 | state: 0000 | ld_ac: 0 | alu_enable: 0
State INST_FETCH: 0000
Time: 735000 | PC_out: 10 | Opcode: 110 | Operand: 11100 | Accumulator: 11111111 | ALU_Result: 255 | Instr: dc | Data_Mem: ff | Wr_En: 0 | Mux_Sel: 1 | PC_En: 0 | SKZ: 0 | JMP: 0 | state: 0001 | ld_ac: 0 | alu_enable: 0
State INST_LOAD: 0001
Time: 745000 | PC_out: 10 | Opcode: 110 | Operand: 11100 | Accumulator: 11111111 | ALU_Result: 255 | Instr: dc | Data_Mem: ff | Wr_En: 0 | Mux_Sel: 1 | PC_En: 0 | SKZ: 0 | JMP: 0 | state: 0010 | ld_ac: 0 | alu_enable: 0
State IDLE: 0010
Time: 755000 | PC_out: 10 | Opcode: 110 | Operand: 11100 | Accumulator: 11111111 | ALU_Result: 255 | Instr: dc | Data_Mem: ff | Wr_En: 0 | Mux_Sel: 1 | PC_En: 0 | SKZ: 0 | JMP: 0 | state: 0011 | ld_ac: 0 | alu_enable: 0
State OP_ADDR: 0011
Time: 765000 | PC_out: 10 | Opcode: 110 | Operand: 11100 | Accumulator: 11111111 | ALU_Result: 255 | Instr: dc | Data_Mem: ff | Wr_En: 0 | Mux_Sel: 0 | PC_En: 0 | SKZ: 0 | JMP: 0 | state: 0100 | ld_ac: 0 | alu_enable: 0
State OP_FETCH: 0100
Time: 775000 | PC_out: 10 | Opcode: 110 | Operand: 11100 | Accumulator: 11111111 | ALU_Result: 255 | Instr: dc | Data_Mem: ff | Wr_En: 0 | Mux_Sel: 0 | PC_En: 0 | SKZ: 0 | JMP: 0 | state: 0101 | ld_ac: 0 | alu_enable: 0
State ALU_OP: 0101
Time: 785000 | PC_out: 10 | Opcode: 110 | Operand: 11100 | Accumulator: 11111111 | ALU_Result: 255 | Instr: dc | Data_Mem: ff | Wr_En: 0 | Mux_Sel: 0 | PC_En: 0 | SKZ: 0 | JMP: 0 | state: 0110 | ld_ac: 0 | alu_enable: 0
State STORE: 0110
Time: 795000 | PC_out: 10 | Opcode: 110 | Operand: 11100 | Accumulator: 11111111 | ALU_Result: 255 | Instr: dc | Data_Mem: ff | Wr_En: 1 | Mux_Sel: 1 | PC_En: 0 | SKZ: 0 | JMP: 0 | state: 0111 | ld_ac: 0 | alu_enable: 0
State INST_ADDR: 0111
Time: 805000 | PC_out: 10 | Opcode: 110 | Operand: 11100 | Accumulator: 11111111 | ALU_Result: 255 | Instr: dc | Data_Mem: ff | Wr_En: 0 | Mux_Sel: 1 | PC_En: 0 | SKZ: 0 | JMP: 0 | state: 0000 | ld_ac: 0 | alu_enable: 0
State INST_FETCH: 0000
Time: 815000 | PC_out: 10 | Opcode: 110 | Operand: 11100 | Accumulator: 11111111 | ALU_Result: 255 | Instr: dc | Data_Mem: ff | Wr_En: 0 | Mux_Sel: 1 | PC_En: 0 | SKZ: 0 | JMP: 0 | state: 0001 | ld_ac: 0 | alu_enable: 0
State INST_LOAD: 0001
Time: 825000 | PC_out: 10 | Opcode: 110 | Operand: 11100 | Accumulator: 11111111 | ALU_Result: 255 | Instr: dc | Data_Mem: ff | Wr_En: 0 | Mux_Sel: 1 | PC_En: 0 | SKZ: 0 | JMP: 0 | state: 0010 | ld_ac: 0 | alu_enable: 0
State IDLE: 0010
Time: 835000 | PC_out: 10 | Opcode: 110 | Operand: 11100 | Accumulator: 11111111 | ALU_Result: 255 | Instr: dc | Data_Mem: ff | Wr_En: 0 | Mux_Sel: 1 | PC_En: 0 | SKZ: 0 | JMP: 0 | state: 0011 | ld_ac: 0 | alu_enable: 0
State OP_ADDR: 0011
Time: 845000 | PC_out: 10 | Opcode: 110 | Operand: 11100 | Accumulator: 11111111 | ALU_Result: 255 | Instr: dc | Data_Mem: ff | Wr_En: 0 | Mux_Sel: 0 | PC_En: 0 | SKZ: 0 | JMP: 0 | state: 0100 | ld_ac: 0 | alu_enable: 0
State OP_FETCH: 0100
Time: 855000 | PC_out: 10 | Opcode: 110 | Operand: 11100 | Accumulator: 11111111 | ALU_Result: 255 | Instr: dc | Data_Mem: ff | Wr_En: 0 | Mux_Sel: 0 | PC_En: 0 | SKZ: 0 | JMP: 0 | state: 0101 | ld_ac: 0 | alu_enable: 0
State ALU_OP: 0101
Time: 865000 | PC_out: 10 | Opcode: 110 | Operand: 11100 | Accumulator: 11111111 | ALU_Result: 255 | Instr: dc | Data_Mem: ff | Wr_En: 0 | Mux_Sel: 0 | PC_En: 0 | SKZ: 0 | JMP: 0 | state: 0110 | ld_ac: 0 | alu_enable: 0
State STORE: 0110
Time: 875000 | PC_out: 10 | Opcode: 110 | Operand: 11100 | Accumulator: 11111111 | ALU_Result: 255 | Instr: dc | Data_Mem: ff | Wr_En: 1 | Mux_Sel: 1 | PC_En: 0 | SKZ: 0 | JMP: 0 | state: 0111 | ld_ac: 0 | alu_enable: 0
State INST_ADDR: 0111
Time: 885000 | PC_out: 10 | Opcode: 110 | Operand: 11100 | Accumulator: 11111111 | ALU_Result: 255 | Instr: dc | Data_Mem: ff | Wr_En: 0 | Mux_Sel: 1 | PC_En: 0 | SKZ: 0 | JMP: 0 | state: 0000 | ld_ac: 0 | alu_enable: 0
State INST_FETCH: 0000
Time: 895000 | PC_out: 10 | Opcode: 110 | Operand: 11100 | Accumulator: 11111111 | ALU_Result: 255 | Instr: dc | Data_Mem: ff | Wr_En: 0 | Mux_Sel: 1 | PC_En: 0 | SKZ: 0 | JMP: 0 | state: 0001 | ld_ac: 0 | alu_enable: 0
State INST_LOAD: 0001
Time: 905000 | PC_out: 10 | Opcode: 110 | Operand: 11100 | Accumulator: 11111111 | ALU_Result: 255 | Instr: dc | Data_Mem: ff | Wr_En: 0 | Mux_Sel: 1 | PC_En: 0 | SKZ: 0 | JMP: 0 | state: 0010 | ld_ac: 0 | alu_enable: 0
State IDLE: 0010
Time: 915000 | PC_out: 10 | Opcode: 110 | Operand: 11100 | Accumulator: 11111111 | ALU_Result: 255 | Instr: dc | Data_Mem: ff | Wr_En: 0 | Mux_Sel: 1 | PC_En: 0 | SKZ: 0 | JMP: 0 | state: 0011 | ld_ac: 0 | alu_enable: 0
State OP_ADDR: 0011
Time: 925000 | PC_out: 10 | Opcode: 110 | Operand: 11100 | Accumulator: 11111111 | ALU_Result: 255 | Instr: dc | Data_Mem: ff | Wr_En: 0 | Mux_Sel: 0 | PC_En: 0 | SKZ: 0 | JMP: 0 | state: 0100 | ld_ac: 0 | alu_enable: 0
State OP_FETCH: 0100
Time: 935000 | PC_out: 10 | Opcode: 110 | Operand: 11100 | Accumulator: 11111111 | ALU_Result: 255 | Instr: dc | Data_Mem: ff | Wr_En: 0 | Mux_Sel: 0 | PC_En: 0 | SKZ: 0 | JMP: 0 | state: 0101 | ld_ac: 0 | alu_enable: 0
State ALU_OP: 0101
Time: 945000 | PC_out: 10 | Opcode: 110 | Operand: 11100 | Accumulator: 11111111 | ALU_Result: 255 | Instr: dc | Data_Mem: ff | Wr_En: 0 | Mux_Sel: 0 | PC_En: 0 | SKZ: 0 | JMP: 0 | state: 0110 | ld_ac: 0 | alu_enable: 0
State STORE: 0110
Time: 955000 | PC_out: 10 | Opcode: 110 | Operand: 11100 | Accumulator: 11111111 | ALU_Result: 255 | Instr: dc | Data_Mem: ff | Wr_En: 1 | Mux_Sel: 1 | PC_En: 0 | SKZ: 0 | JMP: 0 | state: 0111 | ld_ac: 0 | alu_enable: 0
State INST_ADDR: 0111
Time: 965000 | PC_out: 10 | Opcode: 110 | Operand: 11100 | Accumulator: 11111111 | ALU_Result: 255 | Instr: dc | Data_Mem: ff | Wr_En: 0 | Mux_Sel: 1 | PC_En: 0 | SKZ: 0 | JMP: 0 | state: 0000 | ld_ac: 0 | alu_enable: 0
State INST_FETCH: 0000
Time: 975000 | PC_out: 10 | Opcode: 110 | Operand: 11100 | Accumulator: 11111111 | ALU_Result: 255 | Instr: dc | Data_Mem: ff | Wr_En: 0 | Mux_Sel: 1 | PC_En: 0 | SKZ: 0 | JMP: 0 | state: 0001 | ld_ac: 0 | alu_enable: 0
State INST_LOAD: 0001
Time: 985000 | PC_out: 10 | Opcode: 110 | Operand: 11100 | Accumulator: 11111111 | ALU_Result: 255 | Instr: dc | Data_Mem: ff | Wr_En: 0 | Mux_Sel: 1 | PC_En: 0 | SKZ: 0 | JMP: 0 | state: 0010 | ld_ac: 0 | alu_enable: 0
State IDLE: 0010
Time: 995000 | PC_out: 10 | Opcode: 110 | Operand: 11100 | Accumulator: 11111111 | ALU_Result: 255 | Instr: dc | Data_Mem: ff | Wr_En: 0 | Mux_Sel: 1 | PC_En: 0 | SKZ: 0 | JMP: 0 | state: 0011 | ld_ac: 0 | alu_enable: 0
INFO: [USF-XSim-96] XSim completed. Design snapshot 'RISC_CPU_tb_behav' loaded.
INFO: [USF-XSim-97] XSim simulation ran for 1000ns
launch_simulation: Time (s): cpu = 00:00:01 ; elapsed = 00:00:05 . Memory (MB): peak = 2721.336 ; gain = 0.000
close_sim
INFO: [Simtcl 6-16] Simulation closed
launch_simulation
Command: launch_simulation 
INFO: [Vivado 12-12493] Simulation top is 'RISC_CPU_tb'
WARNING: [Vivado 12-13340] Unable to auto find GCC executables from simulator install path! (path not set)
INFO: [Vivado 12-5682] Launching behavioral simulation in 'D:/Minh_Hung/L05_Group_2_BTL_TKVM/L05_Group_2_BTL_TKVM.sim/sim_1/behav/xsim'
INFO: [SIM-utils-51] Simulation object is 'sim_1'
INFO: [SIM-utils-72] Using boost library from 'D:/Vivado/2024.1/tps/boost_1_72_0'
INFO: [SIM-utils-54] Inspecting design source files for 'RISC_CPU_tb' in fileset 'sim_1'...
INFO: [SIM-utils-43] Exported 'D:/Minh_Hung/L05_Group_2_BTL_TKVM/L05_Group_2_BTL_TKVM.sim/sim_1/behav/xsim/data_init.mem'
INFO: [SIM-utils-43] Exported 'D:/Minh_Hung/L05_Group_2_BTL_TKVM/L05_Group_2_BTL_TKVM.sim/sim_1/behav/xsim/instruction_file.mem'
INFO: [USF-XSim-97] Finding global include files...
INFO: [USF-XSim-98] Fetching design files from 'sim_1'...
INFO: [USF-XSim-2] XSim::Compile design
INFO: [USF-XSim-61] Executing 'COMPILE and ANALYZE' step in 'D:/Minh_Hung/L05_Group_2_BTL_TKVM/L05_Group_2_BTL_TKVM.sim/sim_1/behav/xsim'
"xvlog --incr --relax -prj RISC_CPU_tb_vlog.prj"
INFO: [VRFC 10-2263] Analyzing Verilog file "D:/Minh_Hung/L05_Group_2_BTL_TKVM/L05_Group_2_BTL_TKVM.srcs/sources_1/new/ALU.v" into library xil_defaultlib
INFO: [VRFC 10-311] analyzing module ALU
INFO: [VRFC 10-2263] Analyzing Verilog file "D:/Minh_Hung/L05_Group_2_BTL_TKVM/L05_Group_2_BTL_TKVM.srcs/sources_1/new/Accumulator.v" into library xil_defaultlib
INFO: [VRFC 10-311] analyzing module Accumulator
INFO: [VRFC 10-2263] Analyzing Verilog file "D:/Minh_Hung/L05_Group_2_BTL_TKVM/L05_Group_2_BTL_TKVM.srcs/sources_1/new/Controller.v" into library xil_defaultlib
INFO: [VRFC 10-311] analyzing module Controller
WARNING: [VRFC 10-9336] redeclaration of ANSI port 'state' is not allowed [D:/Minh_Hung/L05_Group_2_BTL_TKVM/L05_Group_2_BTL_TKVM.srcs/sources_1/new/Controller.v:20]
ERROR: [VRFC 10-4982] syntax error near '3' [D:/Minh_Hung/L05_Group_2_BTL_TKVM/L05_Group_2_BTL_TKVM.srcs/sources_1/new/Controller.v:182]
WARNING: [VRFC 10-2096] empty statement in sequential block [D:/Minh_Hung/L05_Group_2_BTL_TKVM/L05_Group_2_BTL_TKVM.srcs/sources_1/new/Controller.v:182]
ERROR: [VRFC 10-8530] module 'Controller' is ignored due to previous errors [D:/Minh_Hung/L05_Group_2_BTL_TKVM/L05_Group_2_BTL_TKVM.srcs/sources_1/new/Controller.v:1]
INFO: [USF-XSim-69] 'compile' step finished in '1' seconds
INFO: [USF-XSim-99] Step results log file:'D:/Minh_Hung/L05_Group_2_BTL_TKVM/L05_Group_2_BTL_TKVM.sim/sim_1/behav/xsim/xvlog.log'
ERROR: [USF-XSim-62] 'compile' step failed with error(s). Please check the Tcl console output or 'D:/Minh_Hung/L05_Group_2_BTL_TKVM/L05_Group_2_BTL_TKVM.sim/sim_1/behav/xsim/xvlog.log' file for more information.
ERROR: [Vivado 12-4473] Detected error while running simulation. Please correct the issue and retry this operation.
ERROR: [Common 17-39] 'launch_simulation' failed due to earlier errors.
launch_simulation
Command: launch_simulation 
INFO: [Vivado 12-12493] Simulation top is 'RISC_CPU_tb'
WARNING: [Vivado 12-13340] Unable to auto find GCC executables from simulator install path! (path not set)
INFO: [Vivado 12-5682] Launching behavioral simulation in 'D:/Minh_Hung/L05_Group_2_BTL_TKVM/L05_Group_2_BTL_TKVM.sim/sim_1/behav/xsim'
INFO: [SIM-utils-51] Simulation object is 'sim_1'
INFO: [SIM-utils-72] Using boost library from 'D:/Vivado/2024.1/tps/boost_1_72_0'
INFO: [SIM-utils-54] Inspecting design source files for 'RISC_CPU_tb' in fileset 'sim_1'...
INFO: [SIM-utils-43] Exported 'D:/Minh_Hung/L05_Group_2_BTL_TKVM/L05_Group_2_BTL_TKVM.sim/sim_1/behav/xsim/data_init.mem'
INFO: [SIM-utils-43] Exported 'D:/Minh_Hung/L05_Group_2_BTL_TKVM/L05_Group_2_BTL_TKVM.sim/sim_1/behav/xsim/instruction_file.mem'
INFO: [USF-XSim-97] Finding global include files...
INFO: [USF-XSim-98] Fetching design files from 'sim_1'...
INFO: [USF-XSim-2] XSim::Compile design
INFO: [USF-XSim-61] Executing 'COMPILE and ANALYZE' step in 'D:/Minh_Hung/L05_Group_2_BTL_TKVM/L05_Group_2_BTL_TKVM.sim/sim_1/behav/xsim'
"xvlog --incr --relax -prj RISC_CPU_tb_vlog.prj"
INFO: [VRFC 10-2263] Analyzing Verilog file "D:/Minh_Hung/L05_Group_2_BTL_TKVM/L05_Group_2_BTL_TKVM.srcs/sources_1/new/ALU.v" into library xil_defaultlib
INFO: [VRFC 10-311] analyzing module ALU
INFO: [VRFC 10-2263] Analyzing Verilog file "D:/Minh_Hung/L05_Group_2_BTL_TKVM/L05_Group_2_BTL_TKVM.srcs/sources_1/new/Accumulator.v" into library xil_defaultlib
INFO: [VRFC 10-311] analyzing module Accumulator
INFO: [VRFC 10-2263] Analyzing Verilog file "D:/Minh_Hung/L05_Group_2_BTL_TKVM/L05_Group_2_BTL_TKVM.srcs/sources_1/new/Controller.v" into library xil_defaultlib
INFO: [VRFC 10-311] analyzing module Controller
WARNING: [VRFC 10-9336] redeclaration of ANSI port 'state' is not allowed [D:/Minh_Hung/L05_Group_2_BTL_TKVM/L05_Group_2_BTL_TKVM.srcs/sources_1/new/Controller.v:20]
ERROR: [VRFC 10-4982] syntax error near '3' [D:/Minh_Hung/L05_Group_2_BTL_TKVM/L05_Group_2_BTL_TKVM.srcs/sources_1/new/Controller.v:182]
WARNING: [VRFC 10-2096] empty statement in sequential block [D:/Minh_Hung/L05_Group_2_BTL_TKVM/L05_Group_2_BTL_TKVM.srcs/sources_1/new/Controller.v:182]
ERROR: [VRFC 10-8530] module 'Controller' is ignored due to previous errors [D:/Minh_Hung/L05_Group_2_BTL_TKVM/L05_Group_2_BTL_TKVM.srcs/sources_1/new/Controller.v:1]
INFO: [USF-XSim-69] 'compile' step finished in '1' seconds
INFO: [USF-XSim-99] Step results log file:'D:/Minh_Hung/L05_Group_2_BTL_TKVM/L05_Group_2_BTL_TKVM.sim/sim_1/behav/xsim/xvlog.log'
ERROR: [USF-XSim-62] 'compile' step failed with error(s). Please check the Tcl console output or 'D:/Minh_Hung/L05_Group_2_BTL_TKVM/L05_Group_2_BTL_TKVM.sim/sim_1/behav/xsim/xvlog.log' file for more information.
ERROR: [Vivado 12-4473] Detected error while running simulation. Please correct the issue and retry this operation.
ERROR: [Common 17-39] 'launch_simulation' failed due to earlier errors.
launch_simulation
Command: launch_simulation 
INFO: [Vivado 12-12493] Simulation top is 'RISC_CPU_tb'
WARNING: [Vivado 12-13340] Unable to auto find GCC executables from simulator install path! (path not set)
INFO: [Vivado 12-5682] Launching behavioral simulation in 'D:/Minh_Hung/L05_Group_2_BTL_TKVM/L05_Group_2_BTL_TKVM.sim/sim_1/behav/xsim'
INFO: [SIM-utils-51] Simulation object is 'sim_1'
INFO: [SIM-utils-72] Using boost library from 'D:/Vivado/2024.1/tps/boost_1_72_0'
INFO: [SIM-utils-54] Inspecting design source files for 'RISC_CPU_tb' in fileset 'sim_1'...
INFO: [SIM-utils-43] Exported 'D:/Minh_Hung/L05_Group_2_BTL_TKVM/L05_Group_2_BTL_TKVM.sim/sim_1/behav/xsim/data_init.mem'
INFO: [SIM-utils-43] Exported 'D:/Minh_Hung/L05_Group_2_BTL_TKVM/L05_Group_2_BTL_TKVM.sim/sim_1/behav/xsim/instruction_file.mem'
INFO: [USF-XSim-97] Finding global include files...
INFO: [USF-XSim-98] Fetching design files from 'sim_1'...
INFO: [USF-XSim-2] XSim::Compile design
INFO: [USF-XSim-61] Executing 'COMPILE and ANALYZE' step in 'D:/Minh_Hung/L05_Group_2_BTL_TKVM/L05_Group_2_BTL_TKVM.sim/sim_1/behav/xsim'
"xvlog --incr --relax -prj RISC_CPU_tb_vlog.prj"
INFO: [VRFC 10-2263] Analyzing Verilog file "D:/Minh_Hung/L05_Group_2_BTL_TKVM/L05_Group_2_BTL_TKVM.srcs/sources_1/new/ALU.v" into library xil_defaultlib
INFO: [VRFC 10-311] analyzing module ALU
INFO: [VRFC 10-2263] Analyzing Verilog file "D:/Minh_Hung/L05_Group_2_BTL_TKVM/L05_Group_2_BTL_TKVM.srcs/sources_1/new/Accumulator.v" into library xil_defaultlib
INFO: [VRFC 10-311] analyzing module Accumulator
INFO: [VRFC 10-2263] Analyzing Verilog file "D:/Minh_Hung/L05_Group_2_BTL_TKVM/L05_Group_2_BTL_TKVM.srcs/sources_1/new/Controller.v" into library xil_defaultlib
INFO: [VRFC 10-311] analyzing module Controller
WARNING: [VRFC 10-9336] redeclaration of ANSI port 'state' is not allowed [D:/Minh_Hung/L05_Group_2_BTL_TKVM/L05_Group_2_BTL_TKVM.srcs/sources_1/new/Controller.v:20]
INFO: [VRFC 10-2263] Analyzing Verilog file "D:/Minh_Hung/L05_Group_2_BTL_TKVM/L05_Group_2_BTL_TKVM.srcs/sources_1/new/DataMemory.v" into library xil_defaultlib
INFO: [VRFC 10-311] analyzing module dataMemory
INFO: [VRFC 10-2263] Analyzing Verilog file "D:/Minh_Hung/L05_Group_2_BTL_TKVM/L05_Group_2_BTL_TKVM.srcs/sources_1/new/Instruction_Memory.v" into library xil_defaultlib
INFO: [VRFC 10-311] analyzing module instructionMemory
INFO: [VRFC 10-2263] Analyzing Verilog file "D:/Minh_Hung/L05_Group_2_BTL_TKVM/L05_Group_2_BTL_TKVM.srcs/sources_1/new/Instruction_register.v" into library xil_defaultlib
INFO: [VRFC 10-311] analyzing module Instruction_Register
INFO: [VRFC 10-2263] Analyzing Verilog file "D:/Minh_Hung/L05_Group_2_BTL_TKVM/L05_Group_2_BTL_TKVM.srcs/sources_1/new/Program_counter.v" into library xil_defaultlib
INFO: [VRFC 10-311] analyzing module Program_counter
INFO: [VRFC 10-2263] Analyzing Verilog file "D:/Minh_Hung/L05_Group_2_BTL_TKVM/L05_Group_2_BTL_TKVM.srcs/sources_1/new/RISC_CPU.v" into library xil_defaultlib
INFO: [VRFC 10-311] analyzing module RISC_CPU
INFO: [VRFC 10-2263] Analyzing Verilog file "D:/Minh_Hung/L05_Group_2_BTL_TKVM/L05_Group_2_BTL_TKVM.srcs/sources_1/new/addr_mux.v" into library xil_defaultlib
INFO: [VRFC 10-311] analyzing module addr_mux
INFO: [VRFC 10-2263] Analyzing Verilog file "D:/Minh_Hung/L05_Group_2_BTL_TKVM/L05_Group_2_BTL_TKVM.srcs/sim_1/new/RISC_CPU_tb.v" into library xil_defaultlib
INFO: [VRFC 10-311] analyzing module RISC_CPU_tb
INFO: [USF-XSim-69] 'compile' step finished in '2' seconds
INFO: [USF-XSim-3] XSim::Elaborate design
INFO: [USF-XSim-61] Executing 'ELABORATE' step in 'D:/Minh_Hung/L05_Group_2_BTL_TKVM/L05_Group_2_BTL_TKVM.sim/sim_1/behav/xsim'
"xelab --incr --debug typical --relax --mt 2 -L xil_defaultlib -L unisims_ver -L unimacro_ver -L secureip --snapshot RISC_CPU_tb_behav xil_defaultlib.RISC_CPU_tb xil_defaultlib.glbl -log elaborate.log"
Vivado Simulator v2024.1
Copyright 1986-2022 Xilinx, Inc. All Rights Reserved.
Copyright 2022-2024 Advanced Micro Devices, Inc. All Rights Reserved.
Running: D:/Vivado/2024.1/bin/unwrapped/win64.o/xelab.exe --incr --debug typical --relax --mt 2 -L xil_defaultlib -L unisims_ver -L unimacro_ver -L secureip --snapshot RISC_CPU_tb_behav xil_defaultlib.RISC_CPU_tb xil_defaultlib.glbl -log elaborate.log 
Using 2 slave threads.
Starting static elaboration
Pass Through NonSizing Optimizer
Completed static elaboration
Starting simulation data flow analysis
WARNING: [XSIM 43-4099] "D:/Minh_Hung/L05_Group_2_BTL_TKVM/L05_Group_2_BTL_TKVM.srcs/sources_1/new/ALU.v" Line 1. Module ALU doesn't have a timescale but at least one module in design has a timescale.
WARNING: [XSIM 43-4099] "D:/Minh_Hung/L05_Group_2_BTL_TKVM/L05_Group_2_BTL_TKVM.srcs/sources_1/new/ALU.v" Line 1. Module ALU doesn't have a timescale but at least one module in design has a timescale.
Completed simulation data flow analysis
Time Resolution for simulation is 1ps
Compiling module xil_defaultlib.Controller
Compiling module xil_defaultlib.Program_counter
Compiling module xil_defaultlib.addr_mux
Compiling module xil_defaultlib.instructionMemory
Compiling module xil_defaultlib.Instruction_Register
Compiling module xil_defaultlib.dataMemory
Compiling module xil_defaultlib.ALU
Compiling module xil_defaultlib.Accumulator
Compiling module xil_defaultlib.RISC_CPU
Compiling module xil_defaultlib.RISC_CPU_tb
Compiling module xil_defaultlib.glbl
Built simulation snapshot RISC_CPU_tb_behav
INFO: [USF-XSim-69] 'elaborate' step finished in '2' seconds
INFO: [USF-XSim-4] XSim::Simulate design
INFO: [USF-XSim-61] Executing 'SIMULATE' step in 'D:/Minh_Hung/L05_Group_2_BTL_TKVM/L05_Group_2_BTL_TKVM.sim/sim_1/behav/xsim'
INFO: [USF-XSim-98] *** Running xsim
   with args "RISC_CPU_tb_behav -key {Behavioral:sim_1:Functional:RISC_CPU_tb} -tclbatch {RISC_CPU_tb.tcl} -log {simulate.log}"
INFO: [USF-XSim-8] Loading simulator feature
Time resolution is 1 ps
source RISC_CPU_tb.tcl
# set curr_wave [current_wave_config]
# if { [string length $curr_wave] == 0 } {
#   if { [llength [get_objects]] > 0} {
#     add_wave /
#     set_property needs_save false [current_wave_config]
#   } else {
#      send_msg_id Add_Wave-1 WARNING "No top level signals found. Simulator will start without a wave window. If you want to open a wave window go to 'File->New Waveform Configuration' or type 'create_wave_config' in the TCL console."
#   }
# }
# run 1000ns
Time: 0 | PC_out: 0 | Opcode: zzz | Operand: zzzzz | Accumulator: 0 | ALU_Result: x | Instr: xx | Data_Mem: xx | Wr_En: 0 | Mux_Sel: 1 | PC_En: 0 | SKZ: 0 | JMP: 0 | state: 0000 | ld_ac: 0 | alu_enable: 0
State INST_FETCH: 0000
Time: 15000 | PC_out: 0 | Opcode: zzz | Operand: zzzzz | Accumulator: 0 | ALU_Result: x | Instr: xx | Data_Mem: xx | Wr_En: 0 | Mux_Sel: 1 | PC_En: 0 | SKZ: 0 | JMP: 0 | state: 0001 | ld_ac: 0 | alu_enable: 0
State INST_LOAD: 0001
Time: 25000 | PC_out: 0 | Opcode: zzz | Operand: zzzzz | Accumulator: 0 | ALU_Result: x | Instr: fe | Data_Mem: xx | Wr_En: 0 | Mux_Sel: 1 | PC_En: 0 | SKZ: 0 | JMP: 0 | state: 0010 | ld_ac: 0 | alu_enable: 0
State IDLE: 0010
Time: 35000 | PC_out: 0 | Opcode: 111 | Operand: 11110 | Accumulator: 0 | ALU_Result: x | Instr: fe | Data_Mem: xx | Wr_En: 0 | Mux_Sel: 1 | PC_En: 0 | SKZ: 0 | JMP: 0 | state: 0011 | ld_ac: 0 | alu_enable: 0
State OP_ADDR: 0011
Time: 45000 | PC_out: 0 | Opcode: 111 | Operand: 11110 | Accumulator: 0 | ALU_Result: x | Instr: fe | Data_Mem: xx | Wr_En: 0 | Mux_Sel: 0 | PC_En: 0 | SKZ: 0 | JMP: 0 | state: 0100 | ld_ac: 0 | alu_enable: 0
State OP_FETCH: 0100
Time: 55000 | PC_out: 0 | Opcode: 111 | Operand: 11110 | Accumulator: 0 | ALU_Result: x | Instr: fe | Data_Mem: xx | Wr_En: 0 | Mux_Sel: 0 | PC_En: 0 | SKZ: 0 | JMP: 1 | state: 0101 | ld_ac: 0 | alu_enable: 0
State ALU_OP: 0101
Time: 65000 | PC_out: 0 | Opcode: 111 | Operand: 11110 | Accumulator: 0 | ALU_Result: x | Instr: fe | Data_Mem: xx | Wr_En: 0 | Mux_Sel: 0 | PC_En: 0 | SKZ: 0 | JMP: 1 | state: 0110 | ld_ac: 0 | alu_enable: 0
State STORE: 0110
Time: 75000 | PC_out: 0 | Opcode: 111 | Operand: 11110 | Accumulator: 0 | ALU_Result: x | Instr: fe | Data_Mem: xx | Wr_En: 0 | Mux_Sel: 1 | PC_En: 1 | SKZ: 0 | JMP: 1 | state: 0111 | ld_ac: 0 | alu_enable: 0
State INST_ADDR: 0111
Time: 85000 | PC_out: 30 | Opcode: 111 | Operand: 11110 | Accumulator: 0 | ALU_Result: x | Instr: fe | Data_Mem: xx | Wr_En: 0 | Mux_Sel: 1 | PC_En: 0 | SKZ: 0 | JMP: 0 | state: 0000 | ld_ac: 0 | alu_enable: 0
State INST_FETCH: 0000
Time: 95000 | PC_out: 30 | Opcode: 111 | Operand: 11110 | Accumulator: 0 | ALU_Result: x | Instr: fe | Data_Mem: xx | Wr_En: 0 | Mux_Sel: 1 | PC_En: 0 | SKZ: 0 | JMP: 0 | state: 0001 | ld_ac: 0 | alu_enable: 0
State INST_LOAD: 0001
Time: 105000 | PC_out: 30 | Opcode: 111 | Operand: 11110 | Accumulator: 0 | ALU_Result: x | Instr: e3 | Data_Mem: xx | Wr_En: 0 | Mux_Sel: 1 | PC_En: 0 | SKZ: 0 | JMP: 0 | state: 0010 | ld_ac: 0 | alu_enable: 0
State IDLE: 0010
Time: 115000 | PC_out: 30 | Opcode: 111 | Operand: 00011 | Accumulator: 0 | ALU_Result: x | Instr: e3 | Data_Mem: xx | Wr_En: 0 | Mux_Sel: 1 | PC_En: 0 | SKZ: 0 | JMP: 0 | state: 0011 | ld_ac: 0 | alu_enable: 0
State OP_ADDR: 0011
Time: 125000 | PC_out: 30 | Opcode: 111 | Operand: 00011 | Accumulator: 0 | ALU_Result: x | Instr: e3 | Data_Mem: xx | Wr_En: 0 | Mux_Sel: 0 | PC_En: 0 | SKZ: 0 | JMP: 0 | state: 0100 | ld_ac: 0 | alu_enable: 0
State OP_FETCH: 0100
Time: 135000 | PC_out: 30 | Opcode: 111 | Operand: 00011 | Accumulator: 0 | ALU_Result: x | Instr: e3 | Data_Mem: xx | Wr_En: 0 | Mux_Sel: 0 | PC_En: 0 | SKZ: 0 | JMP: 1 | state: 0101 | ld_ac: 0 | alu_enable: 0
State ALU_OP: 0101
Time: 145000 | PC_out: 30 | Opcode: 111 | Operand: 00011 | Accumulator: 0 | ALU_Result: x | Instr: e3 | Data_Mem: 00 | Wr_En: 0 | Mux_Sel: 0 | PC_En: 0 | SKZ: 0 | JMP: 1 | state: 0110 | ld_ac: 0 | alu_enable: 0
State STORE: 0110
Time: 155000 | PC_out: 30 | Opcode: 111 | Operand: 00011 | Accumulator: 0 | ALU_Result: x | Instr: e3 | Data_Mem: 00 | Wr_En: 0 | Mux_Sel: 1 | PC_En: 1 | SKZ: 0 | JMP: 1 | state: 0111 | ld_ac: 0 | alu_enable: 0
State INST_ADDR: 0111
Time: 165000 | PC_out: 3 | Opcode: 111 | Operand: 00011 | Accumulator: 0 | ALU_Result: x | Instr: e3 | Data_Mem: 00 | Wr_En: 0 | Mux_Sel: 1 | PC_En: 0 | SKZ: 0 | JMP: 0 | state: 0000 | ld_ac: 0 | alu_enable: 0
State INST_FETCH: 0000
Time: 175000 | PC_out: 3 | Opcode: 111 | Operand: 00011 | Accumulator: 0 | ALU_Result: x | Instr: e3 | Data_Mem: 00 | Wr_En: 0 | Mux_Sel: 1 | PC_En: 0 | SKZ: 0 | JMP: 0 | state: 0001 | ld_ac: 0 | alu_enable: 0
State INST_LOAD: 0001
Time: 185000 | PC_out: 3 | Opcode: 111 | Operand: 00011 | Accumulator: 0 | ALU_Result: x | Instr: ba | Data_Mem: 00 | Wr_En: 0 | Mux_Sel: 1 | PC_En: 0 | SKZ: 0 | JMP: 0 | state: 0010 | ld_ac: 0 | alu_enable: 0
State IDLE: 0010
Time: 195000 | PC_out: 3 | Opcode: 101 | Operand: 11010 | Accumulator: 0 | ALU_Result: x | Instr: ba | Data_Mem: 00 | Wr_En: 0 | Mux_Sel: 1 | PC_En: 0 | SKZ: 0 | JMP: 0 | state: 0011 | ld_ac: 0 | alu_enable: 0
State OP_ADDR: 0011
Time: 205000 | PC_out: 3 | Opcode: 101 | Operand: 11010 | Accumulator: 0 | ALU_Result: x | Instr: ba | Data_Mem: 00 | Wr_En: 0 | Mux_Sel: 0 | PC_En: 0 | SKZ: 0 | JMP: 0 | state: 0100 | ld_ac: 0 | alu_enable: 0
State OP_FETCH: 0100
Time: 215000 | PC_out: 3 | Opcode: 101 | Operand: 11010 | Accumulator: 0 | ALU_Result: x | Instr: ba | Data_Mem: 00 | Wr_En: 0 | Mux_Sel: 0 | PC_En: 0 | SKZ: 0 | JMP: 0 | state: 0101 | ld_ac: 0 | alu_enable: 1
State ALU_OP: 0101
Time: 225000 | PC_out: 3 | Opcode: 101 | Operand: 11010 | Accumulator: 0 | ALU_Result: 0 | Instr: ba | Data_Mem: 00 | Wr_En: 0 | Mux_Sel: 0 | PC_En: 0 | SKZ: 0 | JMP: 0 | state: 0110 | ld_ac: 1 | alu_enable: 1
State STORE: 0110
Time: 235000 | PC_out: 3 | Opcode: 101 | Operand: 11010 | Accumulator: 0 | ALU_Result: 0 | Instr: ba | Data_Mem: 00 | Wr_En: 0 | Mux_Sel: 1 | PC_En: 0 | SKZ: 0 | JMP: 0 | state: 0111 | ld_ac: 1 | alu_enable: 0
State INST_ADDR: 0111
Time: 245000 | PC_out: 3 | Opcode: 101 | Operand: 11010 | Accumulator: 0 | ALU_Result: 0 | Instr: ba | Data_Mem: 00 | Wr_En: 0 | Mux_Sel: 1 | PC_En: 1 | SKZ: 0 | JMP: 0 | state: 0000 | ld_ac: 0 | alu_enable: 0
State INST_FETCH: 0000
Time: 255000 | PC_out: 4 | Opcode: 101 | Operand: 11010 | Accumulator: 0 | ALU_Result: 0 | Instr: ba | Data_Mem: 00 | Wr_En: 0 | Mux_Sel: 1 | PC_En: 0 | SKZ: 0 | JMP: 0 | state: 0001 | ld_ac: 0 | alu_enable: 0
State INST_LOAD: 0001
Time: 265000 | PC_out: 4 | Opcode: 101 | Operand: 11010 | Accumulator: 0 | ALU_Result: 0 | Instr: ba | Data_Mem: 00 | Wr_En: 0 | Mux_Sel: 1 | PC_En: 0 | SKZ: 0 | JMP: 0 | state: 0010 | ld_ac: 0 | alu_enable: 0
State IDLE: 0010
Time: 275000 | PC_out: 4 | Opcode: 101 | Operand: 11010 | Accumulator: 0 | ALU_Result: 0 | Instr: 20 | Data_Mem: 00 | Wr_En: 0 | Mux_Sel: 1 | PC_En: 0 | SKZ: 0 | JMP: 0 | state: 0011 | ld_ac: 0 | alu_enable: 0
State OP_ADDR: 0011
Time: 285000 | PC_out: 4 | Opcode: 001 | Operand: 00000 | Accumulator: 0 | ALU_Result: 0 | Instr: 20 | Data_Mem: 00 | Wr_En: 0 | Mux_Sel: 0 | PC_En: 0 | SKZ: 0 | JMP: 0 | state: 0100 | ld_ac: 0 | alu_enable: 0
State OP_FETCH: 0100
Time: 295000 | PC_out: 4 | Opcode: 001 | Operand: 00000 | Accumulator: 0 | ALU_Result: 0 | Instr: 20 | Data_Mem: 00 | Wr_En: 0 | Mux_Sel: 0 | PC_En: 0 | SKZ: 1 | JMP: 0 | state: 0101 | ld_ac: 0 | alu_enable: 0
State ALU_OP: 0101
Time: 305000 | PC_out: 4 | Opcode: 001 | Operand: 00000 | Accumulator: 0 | ALU_Result: 0 | Instr: 20 | Data_Mem: 00 | Wr_En: 0 | Mux_Sel: 0 | PC_En: 0 | SKZ: 1 | JMP: 0 | state: 0110 | ld_ac: 0 | alu_enable: 0
State STORE: 0110
Time: 315000 | PC_out: 4 | Opcode: 001 | Operand: 00000 | Accumulator: 0 | ALU_Result: 0 | Instr: 20 | Data_Mem: 00 | Wr_En: 0 | Mux_Sel: 1 | PC_En: 1 | SKZ: 1 | JMP: 0 | state: 0111 | ld_ac: 0 | alu_enable: 0
State INST_ADDR: 0111
Time: 325000 | PC_out: 6 | Opcode: 001 | Operand: 00000 | Accumulator: 0 | ALU_Result: 0 | Instr: 20 | Data_Mem: 00 | Wr_En: 0 | Mux_Sel: 1 | PC_En: 0 | SKZ: 0 | JMP: 0 | state: 0000 | ld_ac: 0 | alu_enable: 0
State INST_FETCH: 0000
Time: 335000 | PC_out: 6 | Opcode: 001 | Operand: 00000 | Accumulator: 0 | ALU_Result: 0 | Instr: 20 | Data_Mem: 00 | Wr_En: 0 | Mux_Sel: 1 | PC_En: 0 | SKZ: 0 | JMP: 0 | state: 0001 | ld_ac: 0 | alu_enable: 0
State INST_LOAD: 0001
Time: 345000 | PC_out: 6 | Opcode: 001 | Operand: 00000 | Accumulator: 0 | ALU_Result: 0 | Instr: bb | Data_Mem: 00 | Wr_En: 0 | Mux_Sel: 1 | PC_En: 0 | SKZ: 0 | JMP: 0 | state: 0010 | ld_ac: 0 | alu_enable: 0
State IDLE: 0010
Time: 355000 | PC_out: 6 | Opcode: 101 | Operand: 11011 | Accumulator: 0 | ALU_Result: 0 | Instr: bb | Data_Mem: 00 | Wr_En: 0 | Mux_Sel: 1 | PC_En: 0 | SKZ: 0 | JMP: 0 | state: 0011 | ld_ac: 0 | alu_enable: 0
State OP_ADDR: 0011
Time: 365000 | PC_out: 6 | Opcode: 101 | Operand: 11011 | Accumulator: 0 | ALU_Result: 0 | Instr: bb | Data_Mem: 00 | Wr_En: 0 | Mux_Sel: 0 | PC_En: 0 | SKZ: 0 | JMP: 0 | state: 0100 | ld_ac: 0 | alu_enable: 0
State OP_FETCH: 0100
Time: 375000 | PC_out: 6 | Opcode: 101 | Operand: 11011 | Accumulator: 0 | ALU_Result: 0 | Instr: bb | Data_Mem: 00 | Wr_En: 0 | Mux_Sel: 0 | PC_En: 0 | SKZ: 0 | JMP: 0 | state: 0101 | ld_ac: 0 | alu_enable: 1
State ALU_OP: 0101
Time: 385000 | PC_out: 6 | Opcode: 101 | Operand: 11011 | Accumulator: 0 | ALU_Result: 0 | Instr: bb | Data_Mem: ff | Wr_En: 0 | Mux_Sel: 0 | PC_En: 0 | SKZ: 0 | JMP: 0 | state: 0110 | ld_ac: 1 | alu_enable: 1
State STORE: 0110
Time: 395000 | PC_out: 6 | Opcode: 101 | Operand: 11011 | Accumulator: 0 | ALU_Result: 255 | Instr: bb | Data_Mem: ff | Wr_En: 0 | Mux_Sel: 1 | PC_En: 0 | SKZ: 0 | JMP: 0 | state: 0111 | ld_ac: 1 | alu_enable: 0
State INST_ADDR: 0111
Time: 405000 | PC_out: 6 | Opcode: 101 | Operand: 11011 | Accumulator: 11111111 | ALU_Result: 255 | Instr: bb | Data_Mem: ff | Wr_En: 0 | Mux_Sel: 1 | PC_En: 1 | SKZ: 0 | JMP: 0 | state: 0000 | ld_ac: 0 | alu_enable: 0
State INST_FETCH: 0000
Time: 415000 | PC_out: 7 | Opcode: 101 | Operand: 11011 | Accumulator: 11111111 | ALU_Result: 255 | Instr: bb | Data_Mem: ff | Wr_En: 0 | Mux_Sel: 1 | PC_En: 0 | SKZ: 0 | JMP: 0 | state: 0001 | ld_ac: 0 | alu_enable: 0
State INST_LOAD: 0001
Time: 425000 | PC_out: 7 | Opcode: 101 | Operand: 11011 | Accumulator: 11111111 | ALU_Result: 255 | Instr: bb | Data_Mem: ff | Wr_En: 0 | Mux_Sel: 1 | PC_En: 0 | SKZ: 0 | JMP: 0 | state: 0010 | ld_ac: 0 | alu_enable: 0
State IDLE: 0010
Time: 435000 | PC_out: 7 | Opcode: 101 | Operand: 11011 | Accumulator: 11111111 | ALU_Result: 255 | Instr: 20 | Data_Mem: ff | Wr_En: 0 | Mux_Sel: 1 | PC_En: 0 | SKZ: 0 | JMP: 0 | state: 0011 | ld_ac: 0 | alu_enable: 0
State OP_ADDR: 0011
Time: 445000 | PC_out: 7 | Opcode: 001 | Operand: 00000 | Accumulator: 11111111 | ALU_Result: 255 | Instr: 20 | Data_Mem: ff | Wr_En: 0 | Mux_Sel: 0 | PC_En: 0 | SKZ: 0 | JMP: 0 | state: 0100 | ld_ac: 0 | alu_enable: 0
State OP_FETCH: 0100
Time: 455000 | PC_out: 7 | Opcode: 001 | Operand: 00000 | Accumulator: 11111111 | ALU_Result: 255 | Instr: 20 | Data_Mem: ff | Wr_En: 0 | Mux_Sel: 0 | PC_En: 0 | SKZ: 1 | JMP: 0 | state: 0101 | ld_ac: 0 | alu_enable: 0
State ALU_OP: 0101
Time: 465000 | PC_out: 7 | Opcode: 001 | Operand: 00000 | Accumulator: 11111111 | ALU_Result: 255 | Instr: 20 | Data_Mem: 00 | Wr_En: 0 | Mux_Sel: 0 | PC_En: 0 | SKZ: 1 | JMP: 0 | state: 0110 | ld_ac: 0 | alu_enable: 0
State STORE: 0110
Time: 475000 | PC_out: 7 | Opcode: 001 | Operand: 00000 | Accumulator: 11111111 | ALU_Result: 255 | Instr: 20 | Data_Mem: 00 | Wr_En: 0 | Mux_Sel: 1 | PC_En: 1 | SKZ: 1 | JMP: 0 | state: 0111 | ld_ac: 0 | alu_enable: 0
State INST_ADDR: 0111
Time: 485000 | PC_out: 8 | Opcode: 001 | Operand: 00000 | Accumulator: 11111111 | ALU_Result: 255 | Instr: 20 | Data_Mem: 00 | Wr_En: 0 | Mux_Sel: 1 | PC_En: 0 | SKZ: 0 | JMP: 0 | state: 0000 | ld_ac: 0 | alu_enable: 0
State INST_FETCH: 0000
Time: 495000 | PC_out: 8 | Opcode: 001 | Operand: 00000 | Accumulator: 11111111 | ALU_Result: 255 | Instr: 20 | Data_Mem: 00 | Wr_En: 0 | Mux_Sel: 1 | PC_En: 0 | SKZ: 0 | JMP: 0 | state: 0001 | ld_ac: 0 | alu_enable: 0
State INST_LOAD: 0001
Time: 505000 | PC_out: 8 | Opcode: 001 | Operand: 00000 | Accumulator: 11111111 | ALU_Result: 255 | Instr: ea | Data_Mem: 00 | Wr_En: 0 | Mux_Sel: 1 | PC_En: 0 | SKZ: 0 | JMP: 0 | state: 0010 | ld_ac: 0 | alu_enable: 0
State IDLE: 0010
Time: 515000 | PC_out: 8 | Opcode: 111 | Operand: 01010 | Accumulator: 11111111 | ALU_Result: 255 | Instr: ea | Data_Mem: 00 | Wr_En: 0 | Mux_Sel: 1 | PC_En: 0 | SKZ: 0 | JMP: 0 | state: 0011 | ld_ac: 0 | alu_enable: 0
State OP_ADDR: 0011
Time: 525000 | PC_out: 8 | Opcode: 111 | Operand: 01010 | Accumulator: 11111111 | ALU_Result: 255 | Instr: ea | Data_Mem: 00 | Wr_En: 0 | Mux_Sel: 0 | PC_En: 0 | SKZ: 0 | JMP: 0 | state: 0100 | ld_ac: 0 | alu_enable: 0
State OP_FETCH: 0100
Time: 535000 | PC_out: 8 | Opcode: 111 | Operand: 01010 | Accumulator: 11111111 | ALU_Result: 255 | Instr: ea | Data_Mem: 00 | Wr_En: 0 | Mux_Sel: 0 | PC_En: 0 | SKZ: 0 | JMP: 1 | state: 0101 | ld_ac: 0 | alu_enable: 0
State ALU_OP: 0101
Time: 545000 | PC_out: 8 | Opcode: 111 | Operand: 01010 | Accumulator: 11111111 | ALU_Result: 255 | Instr: ea | Data_Mem: 00 | Wr_En: 0 | Mux_Sel: 0 | PC_En: 0 | SKZ: 0 | JMP: 1 | state: 0110 | ld_ac: 0 | alu_enable: 0
State STORE: 0110
Time: 555000 | PC_out: 8 | Opcode: 111 | Operand: 01010 | Accumulator: 11111111 | ALU_Result: 255 | Instr: ea | Data_Mem: 00 | Wr_En: 0 | Mux_Sel: 1 | PC_En: 1 | SKZ: 0 | JMP: 1 | state: 0111 | ld_ac: 0 | alu_enable: 0
State INST_ADDR: 0111
Time: 565000 | PC_out: 10 | Opcode: 111 | Operand: 01010 | Accumulator: 11111111 | ALU_Result: 255 | Instr: ea | Data_Mem: 00 | Wr_En: 0 | Mux_Sel: 1 | PC_En: 0 | SKZ: 0 | JMP: 0 | state: 0000 | ld_ac: 0 | alu_enable: 0
State INST_FETCH: 0000
Time: 575000 | PC_out: 10 | Opcode: 111 | Operand: 01010 | Accumulator: 11111111 | ALU_Result: 255 | Instr: ea | Data_Mem: 00 | Wr_En: 0 | Mux_Sel: 1 | PC_En: 0 | SKZ: 0 | JMP: 0 | state: 0001 | ld_ac: 0 | alu_enable: 0
State INST_LOAD: 0001
Time: 585000 | PC_out: 10 | Opcode: 111 | Operand: 01010 | Accumulator: 11111111 | ALU_Result: 255 | Instr: dc | Data_Mem: 00 | Wr_En: 0 | Mux_Sel: 1 | PC_En: 0 | SKZ: 0 | JMP: 0 | state: 0010 | ld_ac: 0 | alu_enable: 0
State IDLE: 0010
Time: 595000 | PC_out: 10 | Opcode: 110 | Operand: 11100 | Accumulator: 11111111 | ALU_Result: 255 | Instr: dc | Data_Mem: 00 | Wr_En: 0 | Mux_Sel: 1 | PC_En: 0 | SKZ: 0 | JMP: 0 | state: 0011 | ld_ac: 0 | alu_enable: 0
State OP_ADDR: 0011
Time: 605000 | PC_out: 10 | Opcode: 110 | Operand: 11100 | Accumulator: 11111111 | ALU_Result: 255 | Instr: dc | Data_Mem: 00 | Wr_En: 0 | Mux_Sel: 0 | PC_En: 0 | SKZ: 0 | JMP: 0 | state: 0100 | ld_ac: 0 | alu_enable: 0
State OP_FETCH: 0100
Time: 615000 | PC_out: 10 | Opcode: 110 | Operand: 11100 | Accumulator: 11111111 | ALU_Result: 255 | Instr: dc | Data_Mem: 00 | Wr_En: 0 | Mux_Sel: 0 | PC_En: 0 | SKZ: 0 | JMP: 0 | state: 0101 | ld_ac: 0 | alu_enable: 0
State ALU_OP: 0101
Time: 625000 | PC_out: 10 | Opcode: 110 | Operand: 11100 | Accumulator: 11111111 | ALU_Result: 255 | Instr: dc | Data_Mem: aa | Wr_En: 0 | Mux_Sel: 0 | PC_En: 0 | SKZ: 0 | JMP: 0 | state: 0110 | ld_ac: 0 | alu_enable: 0
State STORE: 0110
Time: 635000 | PC_out: 10 | Opcode: 110 | Operand: 11100 | Accumulator: 11111111 | ALU_Result: 255 | Instr: dc | Data_Mem: ff | Wr_En: 1 | Mux_Sel: 1 | PC_En: 0 | SKZ: 0 | JMP: 0 | state: 0111 | ld_ac: 0 | alu_enable: 0
State INST_ADDR: 0111
Time: 645000 | PC_out: 10 | Opcode: 110 | Operand: 11100 | Accumulator: 11111111 | ALU_Result: 255 | Instr: dc | Data_Mem: aa | Wr_En: 0 | Mux_Sel: 1 | PC_En: 1 | SKZ: 0 | JMP: 0 | state: 0000 | ld_ac: 0 | alu_enable: 0
State INST_FETCH: 0000
Time: 655000 | PC_out: 11 | Opcode: 110 | Operand: 11100 | Accumulator: 11111111 | ALU_Result: 255 | Instr: dc | Data_Mem: ff | Wr_En: 0 | Mux_Sel: 1 | PC_En: 0 | SKZ: 0 | JMP: 0 | state: 0001 | ld_ac: 0 | alu_enable: 0
State INST_LOAD: 0001
Time: 665000 | PC_out: 11 | Opcode: 110 | Operand: 11100 | Accumulator: 11111111 | ALU_Result: 255 | Instr: dc | Data_Mem: ff | Wr_En: 0 | Mux_Sel: 1 | PC_En: 0 | SKZ: 0 | JMP: 0 | state: 0010 | ld_ac: 0 | alu_enable: 0
State IDLE: 0010
Time: 675000 | PC_out: 11 | Opcode: 110 | Operand: 11100 | Accumulator: 11111111 | ALU_Result: 255 | Instr: ba | Data_Mem: ff | Wr_En: 0 | Mux_Sel: 1 | PC_En: 0 | SKZ: 0 | JMP: 0 | state: 0011 | ld_ac: 0 | alu_enable: 0
State OP_ADDR: 0011
Time: 685000 | PC_out: 11 | Opcode: 101 | Operand: 11010 | Accumulator: 11111111 | ALU_Result: 255 | Instr: ba | Data_Mem: ff | Wr_En: 0 | Mux_Sel: 0 | PC_En: 0 | SKZ: 0 | JMP: 0 | state: 0100 | ld_ac: 0 | alu_enable: 0
State OP_FETCH: 0100
Time: 695000 | PC_out: 11 | Opcode: 101 | Operand: 11010 | Accumulator: 11111111 | ALU_Result: 255 | Instr: ba | Data_Mem: ff | Wr_En: 0 | Mux_Sel: 0 | PC_En: 0 | SKZ: 0 | JMP: 0 | state: 0101 | ld_ac: 0 | alu_enable: 1
State ALU_OP: 0101
Time: 705000 | PC_out: 11 | Opcode: 101 | Operand: 11010 | Accumulator: 11111111 | ALU_Result: 255 | Instr: ba | Data_Mem: 00 | Wr_En: 0 | Mux_Sel: 0 | PC_En: 0 | SKZ: 0 | JMP: 0 | state: 0110 | ld_ac: 1 | alu_enable: 1
State STORE: 0110
Time: 715000 | PC_out: 11 | Opcode: 101 | Operand: 11010 | Accumulator: 11111111 | ALU_Result: 0 | Instr: ba | Data_Mem: 00 | Wr_En: 0 | Mux_Sel: 1 | PC_En: 0 | SKZ: 0 | JMP: 0 | state: 0111 | ld_ac: 1 | alu_enable: 0
State INST_ADDR: 0111
Time: 725000 | PC_out: 11 | Opcode: 101 | Operand: 11010 | Accumulator: 0 | ALU_Result: 0 | Instr: ba | Data_Mem: 00 | Wr_En: 0 | Mux_Sel: 1 | PC_En: 1 | SKZ: 0 | JMP: 0 | state: 0000 | ld_ac: 0 | alu_enable: 0
State INST_FETCH: 0000
Time: 735000 | PC_out: 12 | Opcode: 101 | Operand: 11010 | Accumulator: 0 | ALU_Result: 0 | Instr: ba | Data_Mem: 00 | Wr_En: 0 | Mux_Sel: 1 | PC_En: 0 | SKZ: 0 | JMP: 0 | state: 0001 | ld_ac: 0 | alu_enable: 0
State INST_LOAD: 0001
Time: 745000 | PC_out: 12 | Opcode: 101 | Operand: 11010 | Accumulator: 0 | ALU_Result: 0 | Instr: ba | Data_Mem: 00 | Wr_En: 0 | Mux_Sel: 1 | PC_En: 0 | SKZ: 0 | JMP: 0 | state: 0010 | ld_ac: 0 | alu_enable: 0
State IDLE: 0010
Time: 755000 | PC_out: 12 | Opcode: 101 | Operand: 11010 | Accumulator: 0 | ALU_Result: 0 | Instr: dc | Data_Mem: 00 | Wr_En: 0 | Mux_Sel: 1 | PC_En: 0 | SKZ: 0 | JMP: 0 | state: 0011 | ld_ac: 0 | alu_enable: 0
State OP_ADDR: 0011
Time: 765000 | PC_out: 12 | Opcode: 110 | Operand: 11100 | Accumulator: 0 | ALU_Result: 0 | Instr: dc | Data_Mem: 00 | Wr_En: 0 | Mux_Sel: 0 | PC_En: 0 | SKZ: 0 | JMP: 0 | state: 0100 | ld_ac: 0 | alu_enable: 0
State OP_FETCH: 0100
Time: 775000 | PC_out: 12 | Opcode: 110 | Operand: 11100 | Accumulator: 0 | ALU_Result: 0 | Instr: dc | Data_Mem: 00 | Wr_En: 0 | Mux_Sel: 0 | PC_En: 0 | SKZ: 0 | JMP: 0 | state: 0101 | ld_ac: 0 | alu_enable: 0
State ALU_OP: 0101
Time: 785000 | PC_out: 12 | Opcode: 110 | Operand: 11100 | Accumulator: 0 | ALU_Result: 0 | Instr: dc | Data_Mem: ff | Wr_En: 0 | Mux_Sel: 0 | PC_En: 0 | SKZ: 0 | JMP: 0 | state: 0110 | ld_ac: 0 | alu_enable: 0
State STORE: 0110
Time: 795000 | PC_out: 12 | Opcode: 110 | Operand: 11100 | Accumulator: 0 | ALU_Result: 0 | Instr: dc | Data_Mem: 00 | Wr_En: 1 | Mux_Sel: 1 | PC_En: 0 | SKZ: 0 | JMP: 0 | state: 0111 | ld_ac: 0 | alu_enable: 0
State INST_ADDR: 0111
Time: 805000 | PC_out: 12 | Opcode: 110 | Operand: 11100 | Accumulator: 0 | ALU_Result: 0 | Instr: dc | Data_Mem: ff | Wr_En: 0 | Mux_Sel: 1 | PC_En: 1 | SKZ: 0 | JMP: 0 | state: 0000 | ld_ac: 0 | alu_enable: 0
State INST_FETCH: 0000
Time: 815000 | PC_out: 13 | Opcode: 110 | Operand: 11100 | Accumulator: 0 | ALU_Result: 0 | Instr: dc | Data_Mem: 00 | Wr_En: 0 | Mux_Sel: 1 | PC_En: 0 | SKZ: 0 | JMP: 0 | state: 0001 | ld_ac: 0 | alu_enable: 0
State INST_LOAD: 0001
Time: 825000 | PC_out: 13 | Opcode: 110 | Operand: 11100 | Accumulator: 0 | ALU_Result: 0 | Instr: dc | Data_Mem: 00 | Wr_En: 0 | Mux_Sel: 1 | PC_En: 0 | SKZ: 0 | JMP: 0 | state: 0010 | ld_ac: 0 | alu_enable: 0
State IDLE: 0010
Time: 835000 | PC_out: 13 | Opcode: 110 | Operand: 11100 | Accumulator: 0 | ALU_Result: 0 | Instr: bc | Data_Mem: 00 | Wr_En: 0 | Mux_Sel: 1 | PC_En: 0 | SKZ: 0 | JMP: 0 | state: 0011 | ld_ac: 0 | alu_enable: 0
State OP_ADDR: 0011
Time: 845000 | PC_out: 13 | Opcode: 101 | Operand: 11100 | Accumulator: 0 | ALU_Result: 0 | Instr: bc | Data_Mem: 00 | Wr_En: 0 | Mux_Sel: 0 | PC_En: 0 | SKZ: 0 | JMP: 0 | state: 0100 | ld_ac: 0 | alu_enable: 0
State OP_FETCH: 0100
Time: 855000 | PC_out: 13 | Opcode: 101 | Operand: 11100 | Accumulator: 0 | ALU_Result: 0 | Instr: bc | Data_Mem: 00 | Wr_En: 0 | Mux_Sel: 0 | PC_En: 0 | SKZ: 0 | JMP: 0 | state: 0101 | ld_ac: 0 | alu_enable: 1
State ALU_OP: 0101
Time: 865000 | PC_out: 13 | Opcode: 101 | Operand: 11100 | Accumulator: 0 | ALU_Result: 0 | Instr: bc | Data_Mem: 00 | Wr_En: 0 | Mux_Sel: 0 | PC_En: 0 | SKZ: 0 | JMP: 0 | state: 0110 | ld_ac: 1 | alu_enable: 1
State STORE: 0110
Time: 875000 | PC_out: 13 | Opcode: 101 | Operand: 11100 | Accumulator: 0 | ALU_Result: 0 | Instr: bc | Data_Mem: 00 | Wr_En: 0 | Mux_Sel: 1 | PC_En: 0 | SKZ: 0 | JMP: 0 | state: 0111 | ld_ac: 1 | alu_enable: 0
State INST_ADDR: 0111
Time: 885000 | PC_out: 13 | Opcode: 101 | Operand: 11100 | Accumulator: 0 | ALU_Result: 0 | Instr: bc | Data_Mem: 00 | Wr_En: 0 | Mux_Sel: 1 | PC_En: 1 | SKZ: 0 | JMP: 0 | state: 0000 | ld_ac: 0 | alu_enable: 0
State INST_FETCH: 0000
Time: 895000 | PC_out: 14 | Opcode: 101 | Operand: 11100 | Accumulator: 0 | ALU_Result: 0 | Instr: bc | Data_Mem: 00 | Wr_En: 0 | Mux_Sel: 1 | PC_En: 0 | SKZ: 0 | JMP: 0 | state: 0001 | ld_ac: 0 | alu_enable: 0
State INST_LOAD: 0001
Time: 905000 | PC_out: 14 | Opcode: 101 | Operand: 11100 | Accumulator: 0 | ALU_Result: 0 | Instr: bc | Data_Mem: 00 | Wr_En: 0 | Mux_Sel: 1 | PC_En: 0 | SKZ: 0 | JMP: 0 | state: 0010 | ld_ac: 0 | alu_enable: 0
State IDLE: 0010
Time: 915000 | PC_out: 14 | Opcode: 101 | Operand: 11100 | Accumulator: 0 | ALU_Result: 0 | Instr: 20 | Data_Mem: 00 | Wr_En: 0 | Mux_Sel: 1 | PC_En: 0 | SKZ: 0 | JMP: 0 | state: 0011 | ld_ac: 0 | alu_enable: 0
State OP_ADDR: 0011
Time: 925000 | PC_out: 14 | Opcode: 001 | Operand: 00000 | Accumulator: 0 | ALU_Result: 0 | Instr: 20 | Data_Mem: 00 | Wr_En: 0 | Mux_Sel: 0 | PC_En: 0 | SKZ: 0 | JMP: 0 | state: 0100 | ld_ac: 0 | alu_enable: 0
State OP_FETCH: 0100
Time: 935000 | PC_out: 14 | Opcode: 001 | Operand: 00000 | Accumulator: 0 | ALU_Result: 0 | Instr: 20 | Data_Mem: 00 | Wr_En: 0 | Mux_Sel: 0 | PC_En: 0 | SKZ: 1 | JMP: 0 | state: 0101 | ld_ac: 0 | alu_enable: 0
State ALU_OP: 0101
Time: 945000 | PC_out: 14 | Opcode: 001 | Operand: 00000 | Accumulator: 0 | ALU_Result: 0 | Instr: 20 | Data_Mem: 00 | Wr_En: 0 | Mux_Sel: 0 | PC_En: 0 | SKZ: 1 | JMP: 0 | state: 0110 | ld_ac: 0 | alu_enable: 0
State STORE: 0110
Time: 955000 | PC_out: 14 | Opcode: 001 | Operand: 00000 | Accumulator: 0 | ALU_Result: 0 | Instr: 20 | Data_Mem: 00 | Wr_En: 0 | Mux_Sel: 1 | PC_En: 1 | SKZ: 1 | JMP: 0 | state: 0111 | ld_ac: 0 | alu_enable: 0
State INST_ADDR: 0111
Time: 965000 | PC_out: 16 | Opcode: 001 | Operand: 00000 | Accumulator: 0 | ALU_Result: 0 | Instr: 20 | Data_Mem: 00 | Wr_En: 0 | Mux_Sel: 1 | PC_En: 0 | SKZ: 0 | JMP: 0 | state: 0000 | ld_ac: 0 | alu_enable: 0
State INST_FETCH: 0000
Time: 975000 | PC_out: 16 | Opcode: 001 | Operand: 00000 | Accumulator: 0 | ALU_Result: 0 | Instr: 20 | Data_Mem: 00 | Wr_En: 0 | Mux_Sel: 1 | PC_En: 0 | SKZ: 0 | JMP: 0 | state: 0001 | ld_ac: 0 | alu_enable: 0
State INST_LOAD: 0001
Time: 985000 | PC_out: 16 | Opcode: 001 | Operand: 00000 | Accumulator: 0 | ALU_Result: 0 | Instr: 9b | Data_Mem: 00 | Wr_En: 0 | Mux_Sel: 1 | PC_En: 0 | SKZ: 0 | JMP: 0 | state: 0010 | ld_ac: 0 | alu_enable: 0
State IDLE: 0010
Time: 995000 | PC_out: 16 | Opcode: 100 | Operand: 11011 | Accumulator: 0 | ALU_Result: 0 | Instr: 9b | Data_Mem: 00 | Wr_En: 0 | Mux_Sel: 1 | PC_En: 0 | SKZ: 0 | JMP: 0 | state: 0011 | ld_ac: 0 | alu_enable: 0
INFO: [USF-XSim-96] XSim completed. Design snapshot 'RISC_CPU_tb_behav' loaded.
INFO: [USF-XSim-97] XSim simulation ran for 1000ns
launch_simulation: Time (s): cpu = 00:00:02 ; elapsed = 00:00:05 . Memory (MB): peak = 2721.336 ; gain = 0.000
close_sim
INFO: [Simtcl 6-16] Simulation closed
launch_simulation
Command: launch_simulation 
INFO: [Vivado 12-12493] Simulation top is 'RISC_CPU_tb'
WARNING: [Vivado 12-13340] Unable to auto find GCC executables from simulator install path! (path not set)
INFO: [Vivado 12-5682] Launching behavioral simulation in 'D:/Minh_Hung/L05_Group_2_BTL_TKVM/L05_Group_2_BTL_TKVM.sim/sim_1/behav/xsim'
INFO: [SIM-utils-51] Simulation object is 'sim_1'
INFO: [SIM-utils-72] Using boost library from 'D:/Vivado/2024.1/tps/boost_1_72_0'
INFO: [SIM-utils-54] Inspecting design source files for 'RISC_CPU_tb' in fileset 'sim_1'...
INFO: [SIM-utils-43] Exported 'D:/Minh_Hung/L05_Group_2_BTL_TKVM/L05_Group_2_BTL_TKVM.sim/sim_1/behav/xsim/data_init.mem'
INFO: [SIM-utils-43] Exported 'D:/Minh_Hung/L05_Group_2_BTL_TKVM/L05_Group_2_BTL_TKVM.sim/sim_1/behav/xsim/instruction_file.mem'
INFO: [USF-XSim-97] Finding global include files...
INFO: [USF-XSim-98] Fetching design files from 'sim_1'...
INFO: [USF-XSim-2] XSim::Compile design
INFO: [USF-XSim-61] Executing 'COMPILE and ANALYZE' step in 'D:/Minh_Hung/L05_Group_2_BTL_TKVM/L05_Group_2_BTL_TKVM.sim/sim_1/behav/xsim'
"xvlog --incr --relax -prj RISC_CPU_tb_vlog.prj"
INFO: [VRFC 10-2263] Analyzing Verilog file "D:/Minh_Hung/L05_Group_2_BTL_TKVM/L05_Group_2_BTL_TKVM.srcs/sources_1/new/ALU.v" into library xil_defaultlib
INFO: [VRFC 10-311] analyzing module ALU
INFO: [VRFC 10-2263] Analyzing Verilog file "D:/Minh_Hung/L05_Group_2_BTL_TKVM/L05_Group_2_BTL_TKVM.srcs/sources_1/new/Accumulator.v" into library xil_defaultlib
INFO: [VRFC 10-311] analyzing module Accumulator
INFO: [VRFC 10-2263] Analyzing Verilog file "D:/Minh_Hung/L05_Group_2_BTL_TKVM/L05_Group_2_BTL_TKVM.srcs/sources_1/new/Controller.v" into library xil_defaultlib
INFO: [VRFC 10-311] analyzing module Controller
WARNING: [VRFC 10-9336] redeclaration of ANSI port 'state' is not allowed [D:/Minh_Hung/L05_Group_2_BTL_TKVM/L05_Group_2_BTL_TKVM.srcs/sources_1/new/Controller.v:20]
INFO: [VRFC 10-2263] Analyzing Verilog file "D:/Minh_Hung/L05_Group_2_BTL_TKVM/L05_Group_2_BTL_TKVM.srcs/sources_1/new/DataMemory.v" into library xil_defaultlib
INFO: [VRFC 10-311] analyzing module dataMemory
INFO: [VRFC 10-2263] Analyzing Verilog file "D:/Minh_Hung/L05_Group_2_BTL_TKVM/L05_Group_2_BTL_TKVM.srcs/sources_1/new/Instruction_Memory.v" into library xil_defaultlib
INFO: [VRFC 10-311] analyzing module instructionMemory
INFO: [VRFC 10-2263] Analyzing Verilog file "D:/Minh_Hung/L05_Group_2_BTL_TKVM/L05_Group_2_BTL_TKVM.srcs/sources_1/new/Instruction_register.v" into library xil_defaultlib
INFO: [VRFC 10-311] analyzing module Instruction_Register
INFO: [VRFC 10-2263] Analyzing Verilog file "D:/Minh_Hung/L05_Group_2_BTL_TKVM/L05_Group_2_BTL_TKVM.srcs/sources_1/new/Program_counter.v" into library xil_defaultlib
INFO: [VRFC 10-311] analyzing module Program_counter
INFO: [VRFC 10-2263] Analyzing Verilog file "D:/Minh_Hung/L05_Group_2_BTL_TKVM/L05_Group_2_BTL_TKVM.srcs/sources_1/new/RISC_CPU.v" into library xil_defaultlib
INFO: [VRFC 10-311] analyzing module RISC_CPU
INFO: [VRFC 10-2263] Analyzing Verilog file "D:/Minh_Hung/L05_Group_2_BTL_TKVM/L05_Group_2_BTL_TKVM.srcs/sources_1/new/addr_mux.v" into library xil_defaultlib
INFO: [VRFC 10-311] analyzing module addr_mux
INFO: [VRFC 10-2263] Analyzing Verilog file "D:/Minh_Hung/L05_Group_2_BTL_TKVM/L05_Group_2_BTL_TKVM.srcs/sim_1/new/RISC_CPU_tb.v" into library xil_defaultlib
INFO: [VRFC 10-311] analyzing module RISC_CPU_tb
INFO: [USF-XSim-69] 'compile' step finished in '2' seconds
INFO: [USF-XSim-3] XSim::Elaborate design
INFO: [USF-XSim-61] Executing 'ELABORATE' step in 'D:/Minh_Hung/L05_Group_2_BTL_TKVM/L05_Group_2_BTL_TKVM.sim/sim_1/behav/xsim'
"xelab --incr --debug typical --relax --mt 2 -L xil_defaultlib -L unisims_ver -L unimacro_ver -L secureip --snapshot RISC_CPU_tb_behav xil_defaultlib.RISC_CPU_tb xil_defaultlib.glbl -log elaborate.log"
Vivado Simulator v2024.1
Copyright 1986-2022 Xilinx, Inc. All Rights Reserved.
Copyright 2022-2024 Advanced Micro Devices, Inc. All Rights Reserved.
Running: D:/Vivado/2024.1/bin/unwrapped/win64.o/xelab.exe --incr --debug typical --relax --mt 2 -L xil_defaultlib -L unisims_ver -L unimacro_ver -L secureip --snapshot RISC_CPU_tb_behav xil_defaultlib.RISC_CPU_tb xil_defaultlib.glbl -log elaborate.log 
Using 2 slave threads.
Starting static elaboration
Pass Through NonSizing Optimizer
Completed static elaboration
Starting simulation data flow analysis
WARNING: [XSIM 43-4099] "D:/Minh_Hung/L05_Group_2_BTL_TKVM/L05_Group_2_BTL_TKVM.srcs/sources_1/new/ALU.v" Line 1. Module ALU doesn't have a timescale but at least one module in design has a timescale.
WARNING: [XSIM 43-4099] "D:/Minh_Hung/L05_Group_2_BTL_TKVM/L05_Group_2_BTL_TKVM.srcs/sources_1/new/ALU.v" Line 1. Module ALU doesn't have a timescale but at least one module in design has a timescale.
Completed simulation data flow analysis
Time Resolution for simulation is 1ps
Compiling module xil_defaultlib.Controller
Compiling module xil_defaultlib.Program_counter
Compiling module xil_defaultlib.addr_mux
Compiling module xil_defaultlib.instructionMemory
Compiling module xil_defaultlib.Instruction_Register
Compiling module xil_defaultlib.dataMemory
Compiling module xil_defaultlib.ALU
Compiling module xil_defaultlib.Accumulator
Compiling module xil_defaultlib.RISC_CPU
Compiling module xil_defaultlib.RISC_CPU_tb
Compiling module xil_defaultlib.glbl
Built simulation snapshot RISC_CPU_tb_behav
INFO: [USF-XSim-69] 'elaborate' step finished in '2' seconds
INFO: [USF-XSim-4] XSim::Simulate design
INFO: [USF-XSim-61] Executing 'SIMULATE' step in 'D:/Minh_Hung/L05_Group_2_BTL_TKVM/L05_Group_2_BTL_TKVM.sim/sim_1/behav/xsim'
INFO: [USF-XSim-98] *** Running xsim
   with args "RISC_CPU_tb_behav -key {Behavioral:sim_1:Functional:RISC_CPU_tb} -tclbatch {RISC_CPU_tb.tcl} -log {simulate.log}"
INFO: [USF-XSim-8] Loading simulator feature
Time resolution is 1 ps
source RISC_CPU_tb.tcl
# set curr_wave [current_wave_config]
# if { [string length $curr_wave] == 0 } {
#   if { [llength [get_objects]] > 0} {
#     add_wave /
#     set_property needs_save false [current_wave_config]
#   } else {
#      send_msg_id Add_Wave-1 WARNING "No top level signals found. Simulator will start without a wave window. If you want to open a wave window go to 'File->New Waveform Configuration' or type 'create_wave_config' in the TCL console."
#   }
# }
# run 1000ns
Time: 0 | PC_out: 0 | Opcode: zzz | Operand: zzzzz | Accumulator: 0 | ALU_Result: x | Instr: xx | Data_Mem: xx | Wr_En: 0 | Mux_Sel: 1 | PC_En: 0 | SKZ: 0 | JMP: 0 | state: 0000 | ld_ac: 0 | alu_enable: 0
State INST_FETCH: 0000
Time: 15000 | PC_out: 0 | Opcode: zzz | Operand: zzzzz | Accumulator: 0 | ALU_Result: x | Instr: xx | Data_Mem: xx | Wr_En: 0 | Mux_Sel: 1 | PC_En: 0 | SKZ: 0 | JMP: 0 | state: 0001 | ld_ac: 0 | alu_enable: 0
State INST_LOAD: 0001
Time: 25000 | PC_out: 0 | Opcode: zzz | Operand: zzzzz | Accumulator: 0 | ALU_Result: x | Instr: fe | Data_Mem: xx | Wr_En: 0 | Mux_Sel: 1 | PC_En: 0 | SKZ: 0 | JMP: 0 | state: 0010 | ld_ac: 0 | alu_enable: 0
State IDLE: 0010
Time: 35000 | PC_out: 0 | Opcode: 111 | Operand: 11110 | Accumulator: 0 | ALU_Result: x | Instr: fe | Data_Mem: xx | Wr_En: 0 | Mux_Sel: 1 | PC_En: 0 | SKZ: 0 | JMP: 0 | state: 0011 | ld_ac: 0 | alu_enable: 0
State OP_ADDR: 0011
Time: 45000 | PC_out: 0 | Opcode: 111 | Operand: 11110 | Accumulator: 0 | ALU_Result: x | Instr: fe | Data_Mem: xx | Wr_En: 0 | Mux_Sel: 0 | PC_En: 0 | SKZ: 0 | JMP: 0 | state: 0100 | ld_ac: 0 | alu_enable: 0
State OP_FETCH: 0100
Time: 55000 | PC_out: 0 | Opcode: 111 | Operand: 11110 | Accumulator: 0 | ALU_Result: x | Instr: fe | Data_Mem: xx | Wr_En: 0 | Mux_Sel: 0 | PC_En: 0 | SKZ: 0 | JMP: 1 | state: 0101 | ld_ac: 0 | alu_enable: 0
State ALU_OP: 0101
Time: 65000 | PC_out: 0 | Opcode: 111 | Operand: 11110 | Accumulator: 0 | ALU_Result: x | Instr: fe | Data_Mem: xx | Wr_En: 0 | Mux_Sel: 0 | PC_En: 0 | SKZ: 0 | JMP: 1 | state: 0110 | ld_ac: 0 | alu_enable: 0
State STORE: 0110
Time: 75000 | PC_out: 0 | Opcode: 111 | Operand: 11110 | Accumulator: 0 | ALU_Result: x | Instr: fe | Data_Mem: xx | Wr_En: 0 | Mux_Sel: 1 | PC_En: 1 | SKZ: 0 | JMP: 1 | state: 0111 | ld_ac: 0 | alu_enable: 0
State INST_ADDR: 0111
Time: 85000 | PC_out: 30 | Opcode: 111 | Operand: 11110 | Accumulator: 0 | ALU_Result: x | Instr: fe | Data_Mem: xx | Wr_En: 0 | Mux_Sel: 1 | PC_En: 0 | SKZ: 0 | JMP: 0 | state: 0000 | ld_ac: 0 | alu_enable: 0
State INST_FETCH: 0000
Time: 95000 | PC_out: 30 | Opcode: 111 | Operand: 11110 | Accumulator: 0 | ALU_Result: x | Instr: fe | Data_Mem: xx | Wr_En: 0 | Mux_Sel: 1 | PC_En: 0 | SKZ: 0 | JMP: 0 | state: 0001 | ld_ac: 0 | alu_enable: 0
State INST_LOAD: 0001
Time: 105000 | PC_out: 30 | Opcode: 111 | Operand: 11110 | Accumulator: 0 | ALU_Result: x | Instr: e3 | Data_Mem: xx | Wr_En: 0 | Mux_Sel: 1 | PC_En: 0 | SKZ: 0 | JMP: 0 | state: 0010 | ld_ac: 0 | alu_enable: 0
State IDLE: 0010
Time: 115000 | PC_out: 30 | Opcode: 111 | Operand: 00011 | Accumulator: 0 | ALU_Result: x | Instr: e3 | Data_Mem: xx | Wr_En: 0 | Mux_Sel: 1 | PC_En: 0 | SKZ: 0 | JMP: 0 | state: 0011 | ld_ac: 0 | alu_enable: 0
State OP_ADDR: 0011
Time: 125000 | PC_out: 30 | Opcode: 111 | Operand: 00011 | Accumulator: 0 | ALU_Result: x | Instr: e3 | Data_Mem: xx | Wr_En: 0 | Mux_Sel: 0 | PC_En: 0 | SKZ: 0 | JMP: 0 | state: 0100 | ld_ac: 0 | alu_enable: 0
State OP_FETCH: 0100
Time: 135000 | PC_out: 30 | Opcode: 111 | Operand: 00011 | Accumulator: 0 | ALU_Result: x | Instr: e3 | Data_Mem: xx | Wr_En: 0 | Mux_Sel: 0 | PC_En: 0 | SKZ: 0 | JMP: 1 | state: 0101 | ld_ac: 0 | alu_enable: 0
State ALU_OP: 0101
Time: 145000 | PC_out: 30 | Opcode: 111 | Operand: 00011 | Accumulator: 0 | ALU_Result: x | Instr: e3 | Data_Mem: 00 | Wr_En: 0 | Mux_Sel: 0 | PC_En: 0 | SKZ: 0 | JMP: 1 | state: 0110 | ld_ac: 0 | alu_enable: 0
State STORE: 0110
Time: 155000 | PC_out: 30 | Opcode: 111 | Operand: 00011 | Accumulator: 0 | ALU_Result: x | Instr: e3 | Data_Mem: 00 | Wr_En: 0 | Mux_Sel: 1 | PC_En: 1 | SKZ: 0 | JMP: 1 | state: 0111 | ld_ac: 0 | alu_enable: 0
State INST_ADDR: 0111
Time: 165000 | PC_out: 3 | Opcode: 111 | Operand: 00011 | Accumulator: 0 | ALU_Result: x | Instr: e3 | Data_Mem: 00 | Wr_En: 0 | Mux_Sel: 1 | PC_En: 0 | SKZ: 0 | JMP: 0 | state: 0000 | ld_ac: 0 | alu_enable: 0
State INST_FETCH: 0000
Time: 175000 | PC_out: 3 | Opcode: 111 | Operand: 00011 | Accumulator: 0 | ALU_Result: x | Instr: e3 | Data_Mem: 00 | Wr_En: 0 | Mux_Sel: 1 | PC_En: 0 | SKZ: 0 | JMP: 0 | state: 0001 | ld_ac: 0 | alu_enable: 0
State INST_LOAD: 0001
Time: 185000 | PC_out: 3 | Opcode: 111 | Operand: 00011 | Accumulator: 0 | ALU_Result: x | Instr: ba | Data_Mem: 00 | Wr_En: 0 | Mux_Sel: 1 | PC_En: 0 | SKZ: 0 | JMP: 0 | state: 0010 | ld_ac: 0 | alu_enable: 0
State IDLE: 0010
Time: 195000 | PC_out: 3 | Opcode: 101 | Operand: 11010 | Accumulator: 0 | ALU_Result: x | Instr: ba | Data_Mem: 00 | Wr_En: 0 | Mux_Sel: 1 | PC_En: 0 | SKZ: 0 | JMP: 0 | state: 0011 | ld_ac: 0 | alu_enable: 0
State OP_ADDR: 0011
Time: 205000 | PC_out: 3 | Opcode: 101 | Operand: 11010 | Accumulator: 0 | ALU_Result: x | Instr: ba | Data_Mem: 00 | Wr_En: 0 | Mux_Sel: 0 | PC_En: 0 | SKZ: 0 | JMP: 0 | state: 0100 | ld_ac: 0 | alu_enable: 0
State OP_FETCH: 0100
Time: 215000 | PC_out: 3 | Opcode: 101 | Operand: 11010 | Accumulator: 0 | ALU_Result: x | Instr: ba | Data_Mem: 00 | Wr_En: 0 | Mux_Sel: 0 | PC_En: 0 | SKZ: 0 | JMP: 0 | state: 0101 | ld_ac: 0 | alu_enable: 1
State ALU_OP: 0101
Time: 225000 | PC_out: 3 | Opcode: 101 | Operand: 11010 | Accumulator: 0 | ALU_Result: 0 | Instr: ba | Data_Mem: 00 | Wr_En: 0 | Mux_Sel: 0 | PC_En: 0 | SKZ: 0 | JMP: 0 | state: 0110 | ld_ac: 1 | alu_enable: 1
State STORE: 0110
Time: 235000 | PC_out: 3 | Opcode: 101 | Operand: 11010 | Accumulator: 0 | ALU_Result: 0 | Instr: ba | Data_Mem: 00 | Wr_En: 0 | Mux_Sel: 1 | PC_En: 0 | SKZ: 0 | JMP: 0 | state: 0111 | ld_ac: 1 | alu_enable: 0
State INST_ADDR: 0111
Time: 245000 | PC_out: 3 | Opcode: 101 | Operand: 11010 | Accumulator: 0 | ALU_Result: 0 | Instr: ba | Data_Mem: 00 | Wr_En: 0 | Mux_Sel: 1 | PC_En: 1 | SKZ: 0 | JMP: 0 | state: 0000 | ld_ac: 0 | alu_enable: 0
State INST_FETCH: 0000
Time: 255000 | PC_out: 4 | Opcode: 101 | Operand: 11010 | Accumulator: 0 | ALU_Result: 0 | Instr: ba | Data_Mem: 00 | Wr_En: 0 | Mux_Sel: 1 | PC_En: 0 | SKZ: 0 | JMP: 0 | state: 0001 | ld_ac: 0 | alu_enable: 0
State INST_LOAD: 0001
Time: 265000 | PC_out: 4 | Opcode: 101 | Operand: 11010 | Accumulator: 0 | ALU_Result: 0 | Instr: ba | Data_Mem: 00 | Wr_En: 0 | Mux_Sel: 1 | PC_En: 0 | SKZ: 0 | JMP: 0 | state: 0010 | ld_ac: 0 | alu_enable: 0
State IDLE: 0010
Time: 275000 | PC_out: 4 | Opcode: 101 | Operand: 11010 | Accumulator: 0 | ALU_Result: 0 | Instr: 20 | Data_Mem: 00 | Wr_En: 0 | Mux_Sel: 1 | PC_En: 0 | SKZ: 0 | JMP: 0 | state: 0011 | ld_ac: 0 | alu_enable: 0
State OP_ADDR: 0011
Time: 285000 | PC_out: 4 | Opcode: 001 | Operand: 00000 | Accumulator: 0 | ALU_Result: 0 | Instr: 20 | Data_Mem: 00 | Wr_En: 0 | Mux_Sel: 0 | PC_En: 0 | SKZ: 0 | JMP: 0 | state: 0100 | ld_ac: 0 | alu_enable: 0
State OP_FETCH: 0100
Time: 295000 | PC_out: 4 | Opcode: 001 | Operand: 00000 | Accumulator: 0 | ALU_Result: 0 | Instr: 20 | Data_Mem: 00 | Wr_En: 0 | Mux_Sel: 0 | PC_En: 0 | SKZ: 1 | JMP: 0 | state: 0101 | ld_ac: 0 | alu_enable: 0
State ALU_OP: 0101
Time: 305000 | PC_out: 4 | Opcode: 001 | Operand: 00000 | Accumulator: 0 | ALU_Result: 0 | Instr: 20 | Data_Mem: 00 | Wr_En: 0 | Mux_Sel: 0 | PC_En: 0 | SKZ: 1 | JMP: 0 | state: 0110 | ld_ac: 0 | alu_enable: 0
State STORE: 0110
Time: 315000 | PC_out: 4 | Opcode: 001 | Operand: 00000 | Accumulator: 0 | ALU_Result: 0 | Instr: 20 | Data_Mem: 00 | Wr_En: 0 | Mux_Sel: 1 | PC_En: 1 | SKZ: 1 | JMP: 0 | state: 0111 | ld_ac: 0 | alu_enable: 0
State INST_ADDR: 0111
Time: 325000 | PC_out: 6 | Opcode: 001 | Operand: 00000 | Accumulator: 0 | ALU_Result: 0 | Instr: 20 | Data_Mem: 00 | Wr_En: 0 | Mux_Sel: 1 | PC_En: 0 | SKZ: 0 | JMP: 0 | state: 0000 | ld_ac: 0 | alu_enable: 0
State INST_FETCH: 0000
Time: 335000 | PC_out: 6 | Opcode: 001 | Operand: 00000 | Accumulator: 0 | ALU_Result: 0 | Instr: 20 | Data_Mem: 00 | Wr_En: 0 | Mux_Sel: 1 | PC_En: 0 | SKZ: 0 | JMP: 0 | state: 0001 | ld_ac: 0 | alu_enable: 0
State INST_LOAD: 0001
Time: 345000 | PC_out: 6 | Opcode: 001 | Operand: 00000 | Accumulator: 0 | ALU_Result: 0 | Instr: bb | Data_Mem: 00 | Wr_En: 0 | Mux_Sel: 1 | PC_En: 0 | SKZ: 0 | JMP: 0 | state: 0010 | ld_ac: 0 | alu_enable: 0
State IDLE: 0010
Time: 355000 | PC_out: 6 | Opcode: 101 | Operand: 11011 | Accumulator: 0 | ALU_Result: 0 | Instr: bb | Data_Mem: 00 | Wr_En: 0 | Mux_Sel: 1 | PC_En: 0 | SKZ: 0 | JMP: 0 | state: 0011 | ld_ac: 0 | alu_enable: 0
State OP_ADDR: 0011
Time: 365000 | PC_out: 6 | Opcode: 101 | Operand: 11011 | Accumulator: 0 | ALU_Result: 0 | Instr: bb | Data_Mem: 00 | Wr_En: 0 | Mux_Sel: 0 | PC_En: 0 | SKZ: 0 | JMP: 0 | state: 0100 | ld_ac: 0 | alu_enable: 0
State OP_FETCH: 0100
Time: 375000 | PC_out: 6 | Opcode: 101 | Operand: 11011 | Accumulator: 0 | ALU_Result: 0 | Instr: bb | Data_Mem: 00 | Wr_En: 0 | Mux_Sel: 0 | PC_En: 0 | SKZ: 0 | JMP: 0 | state: 0101 | ld_ac: 0 | alu_enable: 1
State ALU_OP: 0101
Time: 385000 | PC_out: 6 | Opcode: 101 | Operand: 11011 | Accumulator: 0 | ALU_Result: 0 | Instr: bb | Data_Mem: ff | Wr_En: 0 | Mux_Sel: 0 | PC_En: 0 | SKZ: 0 | JMP: 0 | state: 0110 | ld_ac: 1 | alu_enable: 1
State STORE: 0110
Time: 395000 | PC_out: 6 | Opcode: 101 | Operand: 11011 | Accumulator: 0 | ALU_Result: 255 | Instr: bb | Data_Mem: ff | Wr_En: 0 | Mux_Sel: 1 | PC_En: 0 | SKZ: 0 | JMP: 0 | state: 0111 | ld_ac: 1 | alu_enable: 0
State INST_ADDR: 0111
Time: 405000 | PC_out: 6 | Opcode: 101 | Operand: 11011 | Accumulator: 11111111 | ALU_Result: 255 | Instr: bb | Data_Mem: ff | Wr_En: 0 | Mux_Sel: 1 | PC_En: 1 | SKZ: 0 | JMP: 0 | state: 0000 | ld_ac: 0 | alu_enable: 0
State INST_FETCH: 0000
Time: 415000 | PC_out: 7 | Opcode: 101 | Operand: 11011 | Accumulator: 11111111 | ALU_Result: 255 | Instr: bb | Data_Mem: ff | Wr_En: 0 | Mux_Sel: 1 | PC_En: 0 | SKZ: 0 | JMP: 0 | state: 0001 | ld_ac: 0 | alu_enable: 0
State INST_LOAD: 0001
Time: 425000 | PC_out: 7 | Opcode: 101 | Operand: 11011 | Accumulator: 11111111 | ALU_Result: 255 | Instr: bb | Data_Mem: ff | Wr_En: 0 | Mux_Sel: 1 | PC_En: 0 | SKZ: 0 | JMP: 0 | state: 0010 | ld_ac: 0 | alu_enable: 0
State IDLE: 0010
Time: 435000 | PC_out: 7 | Opcode: 101 | Operand: 11011 | Accumulator: 11111111 | ALU_Result: 255 | Instr: 20 | Data_Mem: ff | Wr_En: 0 | Mux_Sel: 1 | PC_En: 0 | SKZ: 0 | JMP: 0 | state: 0011 | ld_ac: 0 | alu_enable: 0
State OP_ADDR: 0011
Time: 445000 | PC_out: 7 | Opcode: 001 | Operand: 00000 | Accumulator: 11111111 | ALU_Result: 255 | Instr: 20 | Data_Mem: ff | Wr_En: 0 | Mux_Sel: 0 | PC_En: 0 | SKZ: 0 | JMP: 0 | state: 0100 | ld_ac: 0 | alu_enable: 0
State OP_FETCH: 0100
Time: 455000 | PC_out: 7 | Opcode: 001 | Operand: 00000 | Accumulator: 11111111 | ALU_Result: 255 | Instr: 20 | Data_Mem: ff | Wr_En: 0 | Mux_Sel: 0 | PC_En: 0 | SKZ: 1 | JMP: 0 | state: 0101 | ld_ac: 0 | alu_enable: 0
State ALU_OP: 0101
Time: 465000 | PC_out: 7 | Opcode: 001 | Operand: 00000 | Accumulator: 11111111 | ALU_Result: 255 | Instr: 20 | Data_Mem: 00 | Wr_En: 0 | Mux_Sel: 0 | PC_En: 0 | SKZ: 1 | JMP: 0 | state: 0110 | ld_ac: 0 | alu_enable: 0
State STORE: 0110
Time: 475000 | PC_out: 7 | Opcode: 001 | Operand: 00000 | Accumulator: 11111111 | ALU_Result: 255 | Instr: 20 | Data_Mem: 00 | Wr_En: 0 | Mux_Sel: 1 | PC_En: 1 | SKZ: 1 | JMP: 0 | state: 0111 | ld_ac: 0 | alu_enable: 0
State INST_ADDR: 0111
Time: 485000 | PC_out: 8 | Opcode: 001 | Operand: 00000 | Accumulator: 11111111 | ALU_Result: 255 | Instr: 20 | Data_Mem: 00 | Wr_En: 0 | Mux_Sel: 1 | PC_En: 0 | SKZ: 0 | JMP: 0 | state: 0000 | ld_ac: 0 | alu_enable: 0
State INST_FETCH: 0000
Time: 495000 | PC_out: 8 | Opcode: 001 | Operand: 00000 | Accumulator: 11111111 | ALU_Result: 255 | Instr: 20 | Data_Mem: 00 | Wr_En: 0 | Mux_Sel: 1 | PC_En: 0 | SKZ: 0 | JMP: 0 | state: 0001 | ld_ac: 0 | alu_enable: 0
State INST_LOAD: 0001
Time: 505000 | PC_out: 8 | Opcode: 001 | Operand: 00000 | Accumulator: 11111111 | ALU_Result: 255 | Instr: ea | Data_Mem: 00 | Wr_En: 0 | Mux_Sel: 1 | PC_En: 0 | SKZ: 0 | JMP: 0 | state: 0010 | ld_ac: 0 | alu_enable: 0
State IDLE: 0010
Time: 515000 | PC_out: 8 | Opcode: 111 | Operand: 01010 | Accumulator: 11111111 | ALU_Result: 255 | Instr: ea | Data_Mem: 00 | Wr_En: 0 | Mux_Sel: 1 | PC_En: 0 | SKZ: 0 | JMP: 0 | state: 0011 | ld_ac: 0 | alu_enable: 0
State OP_ADDR: 0011
Time: 525000 | PC_out: 8 | Opcode: 111 | Operand: 01010 | Accumulator: 11111111 | ALU_Result: 255 | Instr: ea | Data_Mem: 00 | Wr_En: 0 | Mux_Sel: 0 | PC_En: 0 | SKZ: 0 | JMP: 0 | state: 0100 | ld_ac: 0 | alu_enable: 0
State OP_FETCH: 0100
Time: 535000 | PC_out: 8 | Opcode: 111 | Operand: 01010 | Accumulator: 11111111 | ALU_Result: 255 | Instr: ea | Data_Mem: 00 | Wr_En: 0 | Mux_Sel: 0 | PC_En: 0 | SKZ: 0 | JMP: 1 | state: 0101 | ld_ac: 0 | alu_enable: 0
State ALU_OP: 0101
Time: 545000 | PC_out: 8 | Opcode: 111 | Operand: 01010 | Accumulator: 11111111 | ALU_Result: 255 | Instr: ea | Data_Mem: 00 | Wr_En: 0 | Mux_Sel: 0 | PC_En: 0 | SKZ: 0 | JMP: 1 | state: 0110 | ld_ac: 0 | alu_enable: 0
State STORE: 0110
Time: 555000 | PC_out: 8 | Opcode: 111 | Operand: 01010 | Accumulator: 11111111 | ALU_Result: 255 | Instr: ea | Data_Mem: 00 | Wr_En: 0 | Mux_Sel: 1 | PC_En: 1 | SKZ: 0 | JMP: 1 | state: 0111 | ld_ac: 0 | alu_enable: 0
State INST_ADDR: 0111
Time: 565000 | PC_out: 10 | Opcode: 111 | Operand: 01010 | Accumulator: 11111111 | ALU_Result: 255 | Instr: ea | Data_Mem: 00 | Wr_En: 0 | Mux_Sel: 1 | PC_En: 0 | SKZ: 0 | JMP: 0 | state: 0000 | ld_ac: 0 | alu_enable: 0
State INST_FETCH: 0000
Time: 575000 | PC_out: 10 | Opcode: 111 | Operand: 01010 | Accumulator: 11111111 | ALU_Result: 255 | Instr: ea | Data_Mem: 00 | Wr_En: 0 | Mux_Sel: 1 | PC_En: 0 | SKZ: 0 | JMP: 0 | state: 0001 | ld_ac: 0 | alu_enable: 0
State INST_LOAD: 0001
Time: 585000 | PC_out: 10 | Opcode: 111 | Operand: 01010 | Accumulator: 11111111 | ALU_Result: 255 | Instr: dc | Data_Mem: 00 | Wr_En: 0 | Mux_Sel: 1 | PC_En: 0 | SKZ: 0 | JMP: 0 | state: 0010 | ld_ac: 0 | alu_enable: 0
State IDLE: 0010
Time: 595000 | PC_out: 10 | Opcode: 110 | Operand: 11100 | Accumulator: 11111111 | ALU_Result: 255 | Instr: dc | Data_Mem: 00 | Wr_En: 0 | Mux_Sel: 1 | PC_En: 0 | SKZ: 0 | JMP: 0 | state: 0011 | ld_ac: 0 | alu_enable: 0
State OP_ADDR: 0011
Time: 605000 | PC_out: 10 | Opcode: 110 | Operand: 11100 | Accumulator: 11111111 | ALU_Result: 255 | Instr: dc | Data_Mem: 00 | Wr_En: 0 | Mux_Sel: 0 | PC_En: 0 | SKZ: 0 | JMP: 0 | state: 0100 | ld_ac: 0 | alu_enable: 0
State OP_FETCH: 0100
Time: 615000 | PC_out: 10 | Opcode: 110 | Operand: 11100 | Accumulator: 11111111 | ALU_Result: 255 | Instr: dc | Data_Mem: 00 | Wr_En: 0 | Mux_Sel: 0 | PC_En: 0 | SKZ: 0 | JMP: 0 | state: 0101 | ld_ac: 0 | alu_enable: 0
State ALU_OP: 0101
Time: 625000 | PC_out: 10 | Opcode: 110 | Operand: 11100 | Accumulator: 11111111 | ALU_Result: 255 | Instr: dc | Data_Mem: aa | Wr_En: 0 | Mux_Sel: 0 | PC_En: 0 | SKZ: 0 | JMP: 0 | state: 0110 | ld_ac: 0 | alu_enable: 0
State STORE: 0110
Time: 635000 | PC_out: 10 | Opcode: 110 | Operand: 11100 | Accumulator: 11111111 | ALU_Result: 255 | Instr: dc | Data_Mem: ff | Wr_En: 1 | Mux_Sel: 1 | PC_En: 0 | SKZ: 0 | JMP: 0 | state: 0111 | ld_ac: 0 | alu_enable: 0
State INST_ADDR: 0111
Time: 645000 | PC_out: 10 | Opcode: 110 | Operand: 11100 | Accumulator: 11111111 | ALU_Result: 255 | Instr: dc | Data_Mem: aa | Wr_En: 0 | Mux_Sel: 1 | PC_En: 1 | SKZ: 0 | JMP: 0 | state: 0000 | ld_ac: 0 | alu_enable: 0
State INST_FETCH: 0000
Time: 655000 | PC_out: 11 | Opcode: 110 | Operand: 11100 | Accumulator: 11111111 | ALU_Result: 255 | Instr: dc | Data_Mem: ff | Wr_En: 0 | Mux_Sel: 1 | PC_En: 0 | SKZ: 0 | JMP: 0 | state: 0001 | ld_ac: 0 | alu_enable: 0
State INST_LOAD: 0001
Time: 665000 | PC_out: 11 | Opcode: 110 | Operand: 11100 | Accumulator: 11111111 | ALU_Result: 255 | Instr: dc | Data_Mem: ff | Wr_En: 0 | Mux_Sel: 1 | PC_En: 0 | SKZ: 0 | JMP: 0 | state: 0010 | ld_ac: 0 | alu_enable: 0
State IDLE: 0010
Time: 675000 | PC_out: 11 | Opcode: 110 | Operand: 11100 | Accumulator: 11111111 | ALU_Result: 255 | Instr: ba | Data_Mem: ff | Wr_En: 0 | Mux_Sel: 1 | PC_En: 0 | SKZ: 0 | JMP: 0 | state: 0011 | ld_ac: 0 | alu_enable: 0
State OP_ADDR: 0011
Time: 685000 | PC_out: 11 | Opcode: 101 | Operand: 11010 | Accumulator: 11111111 | ALU_Result: 255 | Instr: ba | Data_Mem: ff | Wr_En: 0 | Mux_Sel: 0 | PC_En: 0 | SKZ: 0 | JMP: 0 | state: 0100 | ld_ac: 0 | alu_enable: 0
State OP_FETCH: 0100
Time: 695000 | PC_out: 11 | Opcode: 101 | Operand: 11010 | Accumulator: 11111111 | ALU_Result: 255 | Instr: ba | Data_Mem: ff | Wr_En: 0 | Mux_Sel: 0 | PC_En: 0 | SKZ: 0 | JMP: 0 | state: 0101 | ld_ac: 0 | alu_enable: 1
State ALU_OP: 0101
Time: 705000 | PC_out: 11 | Opcode: 101 | Operand: 11010 | Accumulator: 11111111 | ALU_Result: 255 | Instr: ba | Data_Mem: 00 | Wr_En: 0 | Mux_Sel: 0 | PC_En: 0 | SKZ: 0 | JMP: 0 | state: 0110 | ld_ac: 1 | alu_enable: 1
State STORE: 0110
Time: 715000 | PC_out: 11 | Opcode: 101 | Operand: 11010 | Accumulator: 11111111 | ALU_Result: 0 | Instr: ba | Data_Mem: 00 | Wr_En: 0 | Mux_Sel: 1 | PC_En: 0 | SKZ: 0 | JMP: 0 | state: 0111 | ld_ac: 1 | alu_enable: 0
State INST_ADDR: 0111
Time: 725000 | PC_out: 11 | Opcode: 101 | Operand: 11010 | Accumulator: 0 | ALU_Result: 0 | Instr: ba | Data_Mem: 00 | Wr_En: 0 | Mux_Sel: 1 | PC_En: 1 | SKZ: 0 | JMP: 0 | state: 0000 | ld_ac: 0 | alu_enable: 0
State INST_FETCH: 0000
Time: 735000 | PC_out: 12 | Opcode: 101 | Operand: 11010 | Accumulator: 0 | ALU_Result: 0 | Instr: ba | Data_Mem: 00 | Wr_En: 0 | Mux_Sel: 1 | PC_En: 0 | SKZ: 0 | JMP: 0 | state: 0001 | ld_ac: 0 | alu_enable: 0
State INST_LOAD: 0001
Time: 745000 | PC_out: 12 | Opcode: 101 | Operand: 11010 | Accumulator: 0 | ALU_Result: 0 | Instr: ba | Data_Mem: 00 | Wr_En: 0 | Mux_Sel: 1 | PC_En: 0 | SKZ: 0 | JMP: 0 | state: 0010 | ld_ac: 0 | alu_enable: 0
State IDLE: 0010
Time: 755000 | PC_out: 12 | Opcode: 101 | Operand: 11010 | Accumulator: 0 | ALU_Result: 0 | Instr: dc | Data_Mem: 00 | Wr_En: 0 | Mux_Sel: 1 | PC_En: 0 | SKZ: 0 | JMP: 0 | state: 0011 | ld_ac: 0 | alu_enable: 0
State OP_ADDR: 0011
Time: 765000 | PC_out: 12 | Opcode: 110 | Operand: 11100 | Accumulator: 0 | ALU_Result: 0 | Instr: dc | Data_Mem: 00 | Wr_En: 0 | Mux_Sel: 0 | PC_En: 0 | SKZ: 0 | JMP: 0 | state: 0100 | ld_ac: 0 | alu_enable: 0
State OP_FETCH: 0100
Time: 775000 | PC_out: 12 | Opcode: 110 | Operand: 11100 | Accumulator: 0 | ALU_Result: 0 | Instr: dc | Data_Mem: 00 | Wr_En: 0 | Mux_Sel: 0 | PC_En: 0 | SKZ: 0 | JMP: 0 | state: 0101 | ld_ac: 0 | alu_enable: 0
State ALU_OP: 0101
Time: 785000 | PC_out: 12 | Opcode: 110 | Operand: 11100 | Accumulator: 0 | ALU_Result: 0 | Instr: dc | Data_Mem: ff | Wr_En: 0 | Mux_Sel: 0 | PC_En: 0 | SKZ: 0 | JMP: 0 | state: 0110 | ld_ac: 0 | alu_enable: 0
State STORE: 0110
Time: 795000 | PC_out: 12 | Opcode: 110 | Operand: 11100 | Accumulator: 0 | ALU_Result: 0 | Instr: dc | Data_Mem: 00 | Wr_En: 1 | Mux_Sel: 1 | PC_En: 0 | SKZ: 0 | JMP: 0 | state: 0111 | ld_ac: 0 | alu_enable: 0
State INST_ADDR: 0111
Time: 805000 | PC_out: 12 | Opcode: 110 | Operand: 11100 | Accumulator: 0 | ALU_Result: 0 | Instr: dc | Data_Mem: ff | Wr_En: 0 | Mux_Sel: 1 | PC_En: 1 | SKZ: 0 | JMP: 0 | state: 0000 | ld_ac: 0 | alu_enable: 0
State INST_FETCH: 0000
Time: 815000 | PC_out: 13 | Opcode: 110 | Operand: 11100 | Accumulator: 0 | ALU_Result: 0 | Instr: dc | Data_Mem: 00 | Wr_En: 0 | Mux_Sel: 1 | PC_En: 0 | SKZ: 0 | JMP: 0 | state: 0001 | ld_ac: 0 | alu_enable: 0
State INST_LOAD: 0001
Time: 825000 | PC_out: 13 | Opcode: 110 | Operand: 11100 | Accumulator: 0 | ALU_Result: 0 | Instr: dc | Data_Mem: 00 | Wr_En: 0 | Mux_Sel: 1 | PC_En: 0 | SKZ: 0 | JMP: 0 | state: 0010 | ld_ac: 0 | alu_enable: 0
State IDLE: 0010
Time: 835000 | PC_out: 13 | Opcode: 110 | Operand: 11100 | Accumulator: 0 | ALU_Result: 0 | Instr: bc | Data_Mem: 00 | Wr_En: 0 | Mux_Sel: 1 | PC_En: 0 | SKZ: 0 | JMP: 0 | state: 0011 | ld_ac: 0 | alu_enable: 0
State OP_ADDR: 0011
Time: 845000 | PC_out: 13 | Opcode: 101 | Operand: 11100 | Accumulator: 0 | ALU_Result: 0 | Instr: bc | Data_Mem: 00 | Wr_En: 0 | Mux_Sel: 0 | PC_En: 0 | SKZ: 0 | JMP: 0 | state: 0100 | ld_ac: 0 | alu_enable: 0
State OP_FETCH: 0100
Time: 855000 | PC_out: 13 | Opcode: 101 | Operand: 11100 | Accumulator: 0 | ALU_Result: 0 | Instr: bc | Data_Mem: 00 | Wr_En: 0 | Mux_Sel: 0 | PC_En: 0 | SKZ: 0 | JMP: 0 | state: 0101 | ld_ac: 0 | alu_enable: 1
State ALU_OP: 0101
Time: 865000 | PC_out: 13 | Opcode: 101 | Operand: 11100 | Accumulator: 0 | ALU_Result: 0 | Instr: bc | Data_Mem: 00 | Wr_En: 0 | Mux_Sel: 0 | PC_En: 0 | SKZ: 0 | JMP: 0 | state: 0110 | ld_ac: 1 | alu_enable: 1
State STORE: 0110
Time: 875000 | PC_out: 13 | Opcode: 101 | Operand: 11100 | Accumulator: 0 | ALU_Result: 0 | Instr: bc | Data_Mem: 00 | Wr_En: 0 | Mux_Sel: 1 | PC_En: 0 | SKZ: 0 | JMP: 0 | state: 0111 | ld_ac: 1 | alu_enable: 0
State INST_ADDR: 0111
Time: 885000 | PC_out: 13 | Opcode: 101 | Operand: 11100 | Accumulator: 0 | ALU_Result: 0 | Instr: bc | Data_Mem: 00 | Wr_En: 0 | Mux_Sel: 1 | PC_En: 1 | SKZ: 0 | JMP: 0 | state: 0000 | ld_ac: 0 | alu_enable: 0
State INST_FETCH: 0000
Time: 895000 | PC_out: 14 | Opcode: 101 | Operand: 11100 | Accumulator: 0 | ALU_Result: 0 | Instr: bc | Data_Mem: 00 | Wr_En: 0 | Mux_Sel: 1 | PC_En: 0 | SKZ: 0 | JMP: 0 | state: 0001 | ld_ac: 0 | alu_enable: 0
State INST_LOAD: 0001
Time: 905000 | PC_out: 14 | Opcode: 101 | Operand: 11100 | Accumulator: 0 | ALU_Result: 0 | Instr: bc | Data_Mem: 00 | Wr_En: 0 | Mux_Sel: 1 | PC_En: 0 | SKZ: 0 | JMP: 0 | state: 0010 | ld_ac: 0 | alu_enable: 0
State IDLE: 0010
Time: 915000 | PC_out: 14 | Opcode: 101 | Operand: 11100 | Accumulator: 0 | ALU_Result: 0 | Instr: 20 | Data_Mem: 00 | Wr_En: 0 | Mux_Sel: 1 | PC_En: 0 | SKZ: 0 | JMP: 0 | state: 0011 | ld_ac: 0 | alu_enable: 0
State OP_ADDR: 0011
Time: 925000 | PC_out: 14 | Opcode: 001 | Operand: 00000 | Accumulator: 0 | ALU_Result: 0 | Instr: 20 | Data_Mem: 00 | Wr_En: 0 | Mux_Sel: 0 | PC_En: 0 | SKZ: 0 | JMP: 0 | state: 0100 | ld_ac: 0 | alu_enable: 0
State OP_FETCH: 0100
Time: 935000 | PC_out: 14 | Opcode: 001 | Operand: 00000 | Accumulator: 0 | ALU_Result: 0 | Instr: 20 | Data_Mem: 00 | Wr_En: 0 | Mux_Sel: 0 | PC_En: 0 | SKZ: 1 | JMP: 0 | state: 0101 | ld_ac: 0 | alu_enable: 0
State ALU_OP: 0101
Time: 945000 | PC_out: 14 | Opcode: 001 | Operand: 00000 | Accumulator: 0 | ALU_Result: 0 | Instr: 20 | Data_Mem: 00 | Wr_En: 0 | Mux_Sel: 0 | PC_En: 0 | SKZ: 1 | JMP: 0 | state: 0110 | ld_ac: 0 | alu_enable: 0
State STORE: 0110
Time: 955000 | PC_out: 14 | Opcode: 001 | Operand: 00000 | Accumulator: 0 | ALU_Result: 0 | Instr: 20 | Data_Mem: 00 | Wr_En: 0 | Mux_Sel: 1 | PC_En: 1 | SKZ: 1 | JMP: 0 | state: 0111 | ld_ac: 0 | alu_enable: 0
State INST_ADDR: 0111
Time: 965000 | PC_out: 16 | Opcode: 001 | Operand: 00000 | Accumulator: 0 | ALU_Result: 0 | Instr: 20 | Data_Mem: 00 | Wr_En: 0 | Mux_Sel: 1 | PC_En: 0 | SKZ: 0 | JMP: 0 | state: 0000 | ld_ac: 0 | alu_enable: 0
State INST_FETCH: 0000
Time: 975000 | PC_out: 16 | Opcode: 001 | Operand: 00000 | Accumulator: 0 | ALU_Result: 0 | Instr: 20 | Data_Mem: 00 | Wr_En: 0 | Mux_Sel: 1 | PC_En: 0 | SKZ: 0 | JMP: 0 | state: 0001 | ld_ac: 0 | alu_enable: 0
State INST_LOAD: 0001
Time: 985000 | PC_out: 16 | Opcode: 001 | Operand: 00000 | Accumulator: 0 | ALU_Result: 0 | Instr: 9b | Data_Mem: 00 | Wr_En: 0 | Mux_Sel: 1 | PC_En: 0 | SKZ: 0 | JMP: 0 | state: 0010 | ld_ac: 0 | alu_enable: 0
State IDLE: 0010
Time: 995000 | PC_out: 16 | Opcode: 100 | Operand: 11011 | Accumulator: 0 | ALU_Result: 0 | Instr: 9b | Data_Mem: 00 | Wr_En: 0 | Mux_Sel: 1 | PC_En: 0 | SKZ: 0 | JMP: 0 | state: 0011 | ld_ac: 0 | alu_enable: 0
INFO: [USF-XSim-96] XSim completed. Design snapshot 'RISC_CPU_tb_behav' loaded.
INFO: [USF-XSim-97] XSim simulation ran for 1000ns
launch_simulation: Time (s): cpu = 00:00:02 ; elapsed = 00:00:05 . Memory (MB): peak = 2721.336 ; gain = 0.000
close_sim
INFO: [Simtcl 6-16] Simulation closed
launch_simulation
Command: launch_simulation 
INFO: [Vivado 12-12493] Simulation top is 'RISC_CPU_tb'
WARNING: [Vivado 12-13340] Unable to auto find GCC executables from simulator install path! (path not set)
INFO: [Vivado 12-5682] Launching behavioral simulation in 'D:/Minh_Hung/L05_Group_2_BTL_TKVM/L05_Group_2_BTL_TKVM.sim/sim_1/behav/xsim'
INFO: [SIM-utils-51] Simulation object is 'sim_1'
INFO: [SIM-utils-72] Using boost library from 'D:/Vivado/2024.1/tps/boost_1_72_0'
INFO: [SIM-utils-54] Inspecting design source files for 'RISC_CPU_tb' in fileset 'sim_1'...
INFO: [SIM-utils-43] Exported 'D:/Minh_Hung/L05_Group_2_BTL_TKVM/L05_Group_2_BTL_TKVM.sim/sim_1/behav/xsim/data_init.mem'
INFO: [SIM-utils-43] Exported 'D:/Minh_Hung/L05_Group_2_BTL_TKVM/L05_Group_2_BTL_TKVM.sim/sim_1/behav/xsim/instruction_file.mem'
INFO: [USF-XSim-97] Finding global include files...
INFO: [USF-XSim-98] Fetching design files from 'sim_1'...
INFO: [USF-XSim-2] XSim::Compile design
INFO: [USF-XSim-61] Executing 'COMPILE and ANALYZE' step in 'D:/Minh_Hung/L05_Group_2_BTL_TKVM/L05_Group_2_BTL_TKVM.sim/sim_1/behav/xsim'
"xvlog --incr --relax -prj RISC_CPU_tb_vlog.prj"
INFO: [VRFC 10-2263] Analyzing Verilog file "D:/Minh_Hung/L05_Group_2_BTL_TKVM/L05_Group_2_BTL_TKVM.srcs/sources_1/new/ALU.v" into library xil_defaultlib
INFO: [VRFC 10-311] analyzing module ALU
INFO: [VRFC 10-2263] Analyzing Verilog file "D:/Minh_Hung/L05_Group_2_BTL_TKVM/L05_Group_2_BTL_TKVM.srcs/sources_1/new/Accumulator.v" into library xil_defaultlib
INFO: [VRFC 10-311] analyzing module Accumulator
INFO: [VRFC 10-2263] Analyzing Verilog file "D:/Minh_Hung/L05_Group_2_BTL_TKVM/L05_Group_2_BTL_TKVM.srcs/sources_1/new/Controller.v" into library xil_defaultlib
INFO: [VRFC 10-311] analyzing module Controller
WARNING: [VRFC 10-9336] redeclaration of ANSI port 'state' is not allowed [D:/Minh_Hung/L05_Group_2_BTL_TKVM/L05_Group_2_BTL_TKVM.srcs/sources_1/new/Controller.v:20]
INFO: [VRFC 10-2263] Analyzing Verilog file "D:/Minh_Hung/L05_Group_2_BTL_TKVM/L05_Group_2_BTL_TKVM.srcs/sources_1/new/DataMemory.v" into library xil_defaultlib
INFO: [VRFC 10-311] analyzing module dataMemory
INFO: [VRFC 10-2263] Analyzing Verilog file "D:/Minh_Hung/L05_Group_2_BTL_TKVM/L05_Group_2_BTL_TKVM.srcs/sources_1/new/Instruction_Memory.v" into library xil_defaultlib
INFO: [VRFC 10-311] analyzing module instructionMemory
INFO: [VRFC 10-2263] Analyzing Verilog file "D:/Minh_Hung/L05_Group_2_BTL_TKVM/L05_Group_2_BTL_TKVM.srcs/sources_1/new/Instruction_register.v" into library xil_defaultlib
INFO: [VRFC 10-311] analyzing module Instruction_Register
INFO: [VRFC 10-2263] Analyzing Verilog file "D:/Minh_Hung/L05_Group_2_BTL_TKVM/L05_Group_2_BTL_TKVM.srcs/sources_1/new/Program_counter.v" into library xil_defaultlib
INFO: [VRFC 10-311] analyzing module Program_counter
INFO: [VRFC 10-2263] Analyzing Verilog file "D:/Minh_Hung/L05_Group_2_BTL_TKVM/L05_Group_2_BTL_TKVM.srcs/sources_1/new/RISC_CPU.v" into library xil_defaultlib
INFO: [VRFC 10-311] analyzing module RISC_CPU
INFO: [VRFC 10-2263] Analyzing Verilog file "D:/Minh_Hung/L05_Group_2_BTL_TKVM/L05_Group_2_BTL_TKVM.srcs/sources_1/new/addr_mux.v" into library xil_defaultlib
INFO: [VRFC 10-311] analyzing module addr_mux
INFO: [VRFC 10-2263] Analyzing Verilog file "D:/Minh_Hung/L05_Group_2_BTL_TKVM/L05_Group_2_BTL_TKVM.srcs/sim_1/new/RISC_CPU_tb.v" into library xil_defaultlib
INFO: [VRFC 10-311] analyzing module RISC_CPU_tb
INFO: [USF-XSim-69] 'compile' step finished in '1' seconds
INFO: [USF-XSim-3] XSim::Elaborate design
INFO: [USF-XSim-61] Executing 'ELABORATE' step in 'D:/Minh_Hung/L05_Group_2_BTL_TKVM/L05_Group_2_BTL_TKVM.sim/sim_1/behav/xsim'
"xelab --incr --debug typical --relax --mt 2 -L xil_defaultlib -L unisims_ver -L unimacro_ver -L secureip --snapshot RISC_CPU_tb_behav xil_defaultlib.RISC_CPU_tb xil_defaultlib.glbl -log elaborate.log"
Vivado Simulator v2024.1
Copyright 1986-2022 Xilinx, Inc. All Rights Reserved.
Copyright 2022-2024 Advanced Micro Devices, Inc. All Rights Reserved.
Running: D:/Vivado/2024.1/bin/unwrapped/win64.o/xelab.exe --incr --debug typical --relax --mt 2 -L xil_defaultlib -L unisims_ver -L unimacro_ver -L secureip --snapshot RISC_CPU_tb_behav xil_defaultlib.RISC_CPU_tb xil_defaultlib.glbl -log elaborate.log 
Using 2 slave threads.
Starting static elaboration
Pass Through NonSizing Optimizer
Completed static elaboration
Starting simulation data flow analysis
WARNING: [XSIM 43-4099] "D:/Minh_Hung/L05_Group_2_BTL_TKVM/L05_Group_2_BTL_TKVM.srcs/sources_1/new/ALU.v" Line 1. Module ALU doesn't have a timescale but at least one module in design has a timescale.
WARNING: [XSIM 43-4099] "D:/Minh_Hung/L05_Group_2_BTL_TKVM/L05_Group_2_BTL_TKVM.srcs/sources_1/new/ALU.v" Line 1. Module ALU doesn't have a timescale but at least one module in design has a timescale.
Completed simulation data flow analysis
Time Resolution for simulation is 1ps
Compiling module xil_defaultlib.Controller
Compiling module xil_defaultlib.Program_counter
Compiling module xil_defaultlib.addr_mux
Compiling module xil_defaultlib.instructionMemory
Compiling module xil_defaultlib.Instruction_Register
Compiling module xil_defaultlib.dataMemory
Compiling module xil_defaultlib.ALU
Compiling module xil_defaultlib.Accumulator
Compiling module xil_defaultlib.RISC_CPU
Compiling module xil_defaultlib.RISC_CPU_tb
Compiling module xil_defaultlib.glbl
Built simulation snapshot RISC_CPU_tb_behav
INFO: [USF-XSim-69] 'elaborate' step finished in '2' seconds
INFO: [USF-XSim-4] XSim::Simulate design
INFO: [USF-XSim-61] Executing 'SIMULATE' step in 'D:/Minh_Hung/L05_Group_2_BTL_TKVM/L05_Group_2_BTL_TKVM.sim/sim_1/behav/xsim'
INFO: [USF-XSim-98] *** Running xsim
   with args "RISC_CPU_tb_behav -key {Behavioral:sim_1:Functional:RISC_CPU_tb} -tclbatch {RISC_CPU_tb.tcl} -log {simulate.log}"
INFO: [USF-XSim-8] Loading simulator feature
Time resolution is 1 ps
source RISC_CPU_tb.tcl
# set curr_wave [current_wave_config]
# if { [string length $curr_wave] == 0 } {
#   if { [llength [get_objects]] > 0} {
#     add_wave /
#     set_property needs_save false [current_wave_config]
#   } else {
#      send_msg_id Add_Wave-1 WARNING "No top level signals found. Simulator will start without a wave window. If you want to open a wave window go to 'File->New Waveform Configuration' or type 'create_wave_config' in the TCL console."
#   }
# }
# run 1000ns
Time: 0 | PC_out: 00 | Opcode: zzz | Operand: zzzzz | Accumulator: 0 | ALU_Result: x | Instr: xx | Data_Mem: xx | Wr_En: 0 | Mux_Sel: 1 | PC_En: 0 | SKZ: 0 | JMP: 0 | state: 0000 | ld_ac: 0 | alu_enable: 0
State INST_FETCH: 0000
Time: 15000 | PC_out: 00 | Opcode: zzz | Operand: zzzzz | Accumulator: 0 | ALU_Result: x | Instr: xx | Data_Mem: xx | Wr_En: 0 | Mux_Sel: 1 | PC_En: 0 | SKZ: 0 | JMP: 0 | state: 0001 | ld_ac: 0 | alu_enable: 0
State INST_LOAD: 0001
Time: 25000 | PC_out: 00 | Opcode: zzz | Operand: zzzzz | Accumulator: 0 | ALU_Result: x | Instr: fe | Data_Mem: xx | Wr_En: 0 | Mux_Sel: 1 | PC_En: 0 | SKZ: 0 | JMP: 0 | state: 0010 | ld_ac: 0 | alu_enable: 0
State IDLE: 0010
Time: 35000 | PC_out: 00 | Opcode: 111 | Operand: 11110 | Accumulator: 0 | ALU_Result: x | Instr: fe | Data_Mem: xx | Wr_En: 0 | Mux_Sel: 1 | PC_En: 0 | SKZ: 0 | JMP: 0 | state: 0011 | ld_ac: 0 | alu_enable: 0
State OP_ADDR: 0011
Time: 45000 | PC_out: 00 | Opcode: 111 | Operand: 11110 | Accumulator: 0 | ALU_Result: x | Instr: fe | Data_Mem: xx | Wr_En: 0 | Mux_Sel: 0 | PC_En: 0 | SKZ: 0 | JMP: 0 | state: 0100 | ld_ac: 0 | alu_enable: 0
State OP_FETCH: 0100
Time: 55000 | PC_out: 00 | Opcode: 111 | Operand: 11110 | Accumulator: 0 | ALU_Result: x | Instr: fe | Data_Mem: xx | Wr_En: 0 | Mux_Sel: 0 | PC_En: 0 | SKZ: 0 | JMP: 1 | state: 0101 | ld_ac: 0 | alu_enable: 0
State ALU_OP: 0101
Time: 65000 | PC_out: 00 | Opcode: 111 | Operand: 11110 | Accumulator: 0 | ALU_Result: x | Instr: fe | Data_Mem: xx | Wr_En: 0 | Mux_Sel: 0 | PC_En: 0 | SKZ: 0 | JMP: 1 | state: 0110 | ld_ac: 0 | alu_enable: 0
State STORE: 0110
Time: 75000 | PC_out: 00 | Opcode: 111 | Operand: 11110 | Accumulator: 0 | ALU_Result: x | Instr: fe | Data_Mem: xx | Wr_En: 0 | Mux_Sel: 1 | PC_En: 1 | SKZ: 0 | JMP: 1 | state: 0111 | ld_ac: 0 | alu_enable: 0
State INST_ADDR: 0111
Time: 85000 | PC_out: 1e | Opcode: 111 | Operand: 11110 | Accumulator: 0 | ALU_Result: x | Instr: fe | Data_Mem: xx | Wr_En: 0 | Mux_Sel: 1 | PC_En: 0 | SKZ: 0 | JMP: 0 | state: 0000 | ld_ac: 0 | alu_enable: 0
State INST_FETCH: 0000
Time: 95000 | PC_out: 1e | Opcode: 111 | Operand: 11110 | Accumulator: 0 | ALU_Result: x | Instr: fe | Data_Mem: xx | Wr_En: 0 | Mux_Sel: 1 | PC_En: 0 | SKZ: 0 | JMP: 0 | state: 0001 | ld_ac: 0 | alu_enable: 0
State INST_LOAD: 0001
Time: 105000 | PC_out: 1e | Opcode: 111 | Operand: 11110 | Accumulator: 0 | ALU_Result: x | Instr: e3 | Data_Mem: xx | Wr_En: 0 | Mux_Sel: 1 | PC_En: 0 | SKZ: 0 | JMP: 0 | state: 0010 | ld_ac: 0 | alu_enable: 0
State IDLE: 0010
Time: 115000 | PC_out: 1e | Opcode: 111 | Operand: 00011 | Accumulator: 0 | ALU_Result: x | Instr: e3 | Data_Mem: xx | Wr_En: 0 | Mux_Sel: 1 | PC_En: 0 | SKZ: 0 | JMP: 0 | state: 0011 | ld_ac: 0 | alu_enable: 0
State OP_ADDR: 0011
Time: 125000 | PC_out: 1e | Opcode: 111 | Operand: 00011 | Accumulator: 0 | ALU_Result: x | Instr: e3 | Data_Mem: xx | Wr_En: 0 | Mux_Sel: 0 | PC_En: 0 | SKZ: 0 | JMP: 0 | state: 0100 | ld_ac: 0 | alu_enable: 0
State OP_FETCH: 0100
Time: 135000 | PC_out: 1e | Opcode: 111 | Operand: 00011 | Accumulator: 0 | ALU_Result: x | Instr: e3 | Data_Mem: xx | Wr_En: 0 | Mux_Sel: 0 | PC_En: 0 | SKZ: 0 | JMP: 1 | state: 0101 | ld_ac: 0 | alu_enable: 0
State ALU_OP: 0101
Time: 145000 | PC_out: 1e | Opcode: 111 | Operand: 00011 | Accumulator: 0 | ALU_Result: x | Instr: e3 | Data_Mem: 00 | Wr_En: 0 | Mux_Sel: 0 | PC_En: 0 | SKZ: 0 | JMP: 1 | state: 0110 | ld_ac: 0 | alu_enable: 0
State STORE: 0110
Time: 155000 | PC_out: 1e | Opcode: 111 | Operand: 00011 | Accumulator: 0 | ALU_Result: x | Instr: e3 | Data_Mem: 00 | Wr_En: 0 | Mux_Sel: 1 | PC_En: 1 | SKZ: 0 | JMP: 1 | state: 0111 | ld_ac: 0 | alu_enable: 0
State INST_ADDR: 0111
Time: 165000 | PC_out: 03 | Opcode: 111 | Operand: 00011 | Accumulator: 0 | ALU_Result: x | Instr: e3 | Data_Mem: 00 | Wr_En: 0 | Mux_Sel: 1 | PC_En: 0 | SKZ: 0 | JMP: 0 | state: 0000 | ld_ac: 0 | alu_enable: 0
State INST_FETCH: 0000
Time: 175000 | PC_out: 03 | Opcode: 111 | Operand: 00011 | Accumulator: 0 | ALU_Result: x | Instr: e3 | Data_Mem: 00 | Wr_En: 0 | Mux_Sel: 1 | PC_En: 0 | SKZ: 0 | JMP: 0 | state: 0001 | ld_ac: 0 | alu_enable: 0
State INST_LOAD: 0001
Time: 185000 | PC_out: 03 | Opcode: 111 | Operand: 00011 | Accumulator: 0 | ALU_Result: x | Instr: ba | Data_Mem: 00 | Wr_En: 0 | Mux_Sel: 1 | PC_En: 0 | SKZ: 0 | JMP: 0 | state: 0010 | ld_ac: 0 | alu_enable: 0
State IDLE: 0010
Time: 195000 | PC_out: 03 | Opcode: 101 | Operand: 11010 | Accumulator: 0 | ALU_Result: x | Instr: ba | Data_Mem: 00 | Wr_En: 0 | Mux_Sel: 1 | PC_En: 0 | SKZ: 0 | JMP: 0 | state: 0011 | ld_ac: 0 | alu_enable: 0
State OP_ADDR: 0011
Time: 205000 | PC_out: 03 | Opcode: 101 | Operand: 11010 | Accumulator: 0 | ALU_Result: x | Instr: ba | Data_Mem: 00 | Wr_En: 0 | Mux_Sel: 0 | PC_En: 0 | SKZ: 0 | JMP: 0 | state: 0100 | ld_ac: 0 | alu_enable: 0
State OP_FETCH: 0100
Time: 215000 | PC_out: 03 | Opcode: 101 | Operand: 11010 | Accumulator: 0 | ALU_Result: x | Instr: ba | Data_Mem: 00 | Wr_En: 0 | Mux_Sel: 0 | PC_En: 0 | SKZ: 0 | JMP: 0 | state: 0101 | ld_ac: 0 | alu_enable: 1
State ALU_OP: 0101
Time: 225000 | PC_out: 03 | Opcode: 101 | Operand: 11010 | Accumulator: 0 | ALU_Result: 0 | Instr: ba | Data_Mem: 00 | Wr_En: 0 | Mux_Sel: 0 | PC_En: 0 | SKZ: 0 | JMP: 0 | state: 0110 | ld_ac: 1 | alu_enable: 1
State STORE: 0110
Time: 235000 | PC_out: 03 | Opcode: 101 | Operand: 11010 | Accumulator: 0 | ALU_Result: 0 | Instr: ba | Data_Mem: 00 | Wr_En: 0 | Mux_Sel: 1 | PC_En: 0 | SKZ: 0 | JMP: 0 | state: 0111 | ld_ac: 1 | alu_enable: 0
State INST_ADDR: 0111
Time: 245000 | PC_out: 03 | Opcode: 101 | Operand: 11010 | Accumulator: 0 | ALU_Result: 0 | Instr: ba | Data_Mem: 00 | Wr_En: 0 | Mux_Sel: 1 | PC_En: 1 | SKZ: 0 | JMP: 0 | state: 0000 | ld_ac: 0 | alu_enable: 0
State INST_FETCH: 0000
Time: 255000 | PC_out: 04 | Opcode: 101 | Operand: 11010 | Accumulator: 0 | ALU_Result: 0 | Instr: ba | Data_Mem: 00 | Wr_En: 0 | Mux_Sel: 1 | PC_En: 0 | SKZ: 0 | JMP: 0 | state: 0001 | ld_ac: 0 | alu_enable: 0
State INST_LOAD: 0001
Time: 265000 | PC_out: 04 | Opcode: 101 | Operand: 11010 | Accumulator: 0 | ALU_Result: 0 | Instr: ba | Data_Mem: 00 | Wr_En: 0 | Mux_Sel: 1 | PC_En: 0 | SKZ: 0 | JMP: 0 | state: 0010 | ld_ac: 0 | alu_enable: 0
State IDLE: 0010
Time: 275000 | PC_out: 04 | Opcode: 101 | Operand: 11010 | Accumulator: 0 | ALU_Result: 0 | Instr: 20 | Data_Mem: 00 | Wr_En: 0 | Mux_Sel: 1 | PC_En: 0 | SKZ: 0 | JMP: 0 | state: 0011 | ld_ac: 0 | alu_enable: 0
State OP_ADDR: 0011
Time: 285000 | PC_out: 04 | Opcode: 001 | Operand: 00000 | Accumulator: 0 | ALU_Result: 0 | Instr: 20 | Data_Mem: 00 | Wr_En: 0 | Mux_Sel: 0 | PC_En: 0 | SKZ: 0 | JMP: 0 | state: 0100 | ld_ac: 0 | alu_enable: 0
State OP_FETCH: 0100
Time: 295000 | PC_out: 04 | Opcode: 001 | Operand: 00000 | Accumulator: 0 | ALU_Result: 0 | Instr: 20 | Data_Mem: 00 | Wr_En: 0 | Mux_Sel: 0 | PC_En: 0 | SKZ: 1 | JMP: 0 | state: 0101 | ld_ac: 0 | alu_enable: 0
State ALU_OP: 0101
Time: 305000 | PC_out: 04 | Opcode: 001 | Operand: 00000 | Accumulator: 0 | ALU_Result: 0 | Instr: 20 | Data_Mem: 00 | Wr_En: 0 | Mux_Sel: 0 | PC_En: 0 | SKZ: 1 | JMP: 0 | state: 0110 | ld_ac: 0 | alu_enable: 0
State STORE: 0110
Time: 315000 | PC_out: 04 | Opcode: 001 | Operand: 00000 | Accumulator: 0 | ALU_Result: 0 | Instr: 20 | Data_Mem: 00 | Wr_En: 0 | Mux_Sel: 1 | PC_En: 1 | SKZ: 1 | JMP: 0 | state: 0111 | ld_ac: 0 | alu_enable: 0
State INST_ADDR: 0111
Time: 325000 | PC_out: 06 | Opcode: 001 | Operand: 00000 | Accumulator: 0 | ALU_Result: 0 | Instr: 20 | Data_Mem: 00 | Wr_En: 0 | Mux_Sel: 1 | PC_En: 0 | SKZ: 0 | JMP: 0 | state: 0000 | ld_ac: 0 | alu_enable: 0
State INST_FETCH: 0000
Time: 335000 | PC_out: 06 | Opcode: 001 | Operand: 00000 | Accumulator: 0 | ALU_Result: 0 | Instr: 20 | Data_Mem: 00 | Wr_En: 0 | Mux_Sel: 1 | PC_En: 0 | SKZ: 0 | JMP: 0 | state: 0001 | ld_ac: 0 | alu_enable: 0
State INST_LOAD: 0001
Time: 345000 | PC_out: 06 | Opcode: 001 | Operand: 00000 | Accumulator: 0 | ALU_Result: 0 | Instr: bb | Data_Mem: 00 | Wr_En: 0 | Mux_Sel: 1 | PC_En: 0 | SKZ: 0 | JMP: 0 | state: 0010 | ld_ac: 0 | alu_enable: 0
State IDLE: 0010
Time: 355000 | PC_out: 06 | Opcode: 101 | Operand: 11011 | Accumulator: 0 | ALU_Result: 0 | Instr: bb | Data_Mem: 00 | Wr_En: 0 | Mux_Sel: 1 | PC_En: 0 | SKZ: 0 | JMP: 0 | state: 0011 | ld_ac: 0 | alu_enable: 0
State OP_ADDR: 0011
Time: 365000 | PC_out: 06 | Opcode: 101 | Operand: 11011 | Accumulator: 0 | ALU_Result: 0 | Instr: bb | Data_Mem: 00 | Wr_En: 0 | Mux_Sel: 0 | PC_En: 0 | SKZ: 0 | JMP: 0 | state: 0100 | ld_ac: 0 | alu_enable: 0
State OP_FETCH: 0100
Time: 375000 | PC_out: 06 | Opcode: 101 | Operand: 11011 | Accumulator: 0 | ALU_Result: 0 | Instr: bb | Data_Mem: 00 | Wr_En: 0 | Mux_Sel: 0 | PC_En: 0 | SKZ: 0 | JMP: 0 | state: 0101 | ld_ac: 0 | alu_enable: 1
State ALU_OP: 0101
Time: 385000 | PC_out: 06 | Opcode: 101 | Operand: 11011 | Accumulator: 0 | ALU_Result: 0 | Instr: bb | Data_Mem: ff | Wr_En: 0 | Mux_Sel: 0 | PC_En: 0 | SKZ: 0 | JMP: 0 | state: 0110 | ld_ac: 1 | alu_enable: 1
State STORE: 0110
Time: 395000 | PC_out: 06 | Opcode: 101 | Operand: 11011 | Accumulator: 0 | ALU_Result: 255 | Instr: bb | Data_Mem: ff | Wr_En: 0 | Mux_Sel: 1 | PC_En: 0 | SKZ: 0 | JMP: 0 | state: 0111 | ld_ac: 1 | alu_enable: 0
State INST_ADDR: 0111
Time: 405000 | PC_out: 06 | Opcode: 101 | Operand: 11011 | Accumulator: 11111111 | ALU_Result: 255 | Instr: bb | Data_Mem: ff | Wr_En: 0 | Mux_Sel: 1 | PC_En: 1 | SKZ: 0 | JMP: 0 | state: 0000 | ld_ac: 0 | alu_enable: 0
State INST_FETCH: 0000
Time: 415000 | PC_out: 07 | Opcode: 101 | Operand: 11011 | Accumulator: 11111111 | ALU_Result: 255 | Instr: bb | Data_Mem: ff | Wr_En: 0 | Mux_Sel: 1 | PC_En: 0 | SKZ: 0 | JMP: 0 | state: 0001 | ld_ac: 0 | alu_enable: 0
State INST_LOAD: 0001
Time: 425000 | PC_out: 07 | Opcode: 101 | Operand: 11011 | Accumulator: 11111111 | ALU_Result: 255 | Instr: bb | Data_Mem: ff | Wr_En: 0 | Mux_Sel: 1 | PC_En: 0 | SKZ: 0 | JMP: 0 | state: 0010 | ld_ac: 0 | alu_enable: 0
State IDLE: 0010
Time: 435000 | PC_out: 07 | Opcode: 101 | Operand: 11011 | Accumulator: 11111111 | ALU_Result: 255 | Instr: 20 | Data_Mem: ff | Wr_En: 0 | Mux_Sel: 1 | PC_En: 0 | SKZ: 0 | JMP: 0 | state: 0011 | ld_ac: 0 | alu_enable: 0
State OP_ADDR: 0011
Time: 445000 | PC_out: 07 | Opcode: 001 | Operand: 00000 | Accumulator: 11111111 | ALU_Result: 255 | Instr: 20 | Data_Mem: ff | Wr_En: 0 | Mux_Sel: 0 | PC_En: 0 | SKZ: 0 | JMP: 0 | state: 0100 | ld_ac: 0 | alu_enable: 0
State OP_FETCH: 0100
Time: 455000 | PC_out: 07 | Opcode: 001 | Operand: 00000 | Accumulator: 11111111 | ALU_Result: 255 | Instr: 20 | Data_Mem: ff | Wr_En: 0 | Mux_Sel: 0 | PC_En: 0 | SKZ: 1 | JMP: 0 | state: 0101 | ld_ac: 0 | alu_enable: 0
State ALU_OP: 0101
Time: 465000 | PC_out: 07 | Opcode: 001 | Operand: 00000 | Accumulator: 11111111 | ALU_Result: 255 | Instr: 20 | Data_Mem: 00 | Wr_En: 0 | Mux_Sel: 0 | PC_En: 0 | SKZ: 1 | JMP: 0 | state: 0110 | ld_ac: 0 | alu_enable: 0
State STORE: 0110
Time: 475000 | PC_out: 07 | Opcode: 001 | Operand: 00000 | Accumulator: 11111111 | ALU_Result: 255 | Instr: 20 | Data_Mem: 00 | Wr_En: 0 | Mux_Sel: 1 | PC_En: 1 | SKZ: 1 | JMP: 0 | state: 0111 | ld_ac: 0 | alu_enable: 0
State INST_ADDR: 0111
Time: 485000 | PC_out: 08 | Opcode: 001 | Operand: 00000 | Accumulator: 11111111 | ALU_Result: 255 | Instr: 20 | Data_Mem: 00 | Wr_En: 0 | Mux_Sel: 1 | PC_En: 0 | SKZ: 0 | JMP: 0 | state: 0000 | ld_ac: 0 | alu_enable: 0
State INST_FETCH: 0000
Time: 495000 | PC_out: 08 | Opcode: 001 | Operand: 00000 | Accumulator: 11111111 | ALU_Result: 255 | Instr: 20 | Data_Mem: 00 | Wr_En: 0 | Mux_Sel: 1 | PC_En: 0 | SKZ: 0 | JMP: 0 | state: 0001 | ld_ac: 0 | alu_enable: 0
State INST_LOAD: 0001
Time: 505000 | PC_out: 08 | Opcode: 001 | Operand: 00000 | Accumulator: 11111111 | ALU_Result: 255 | Instr: ea | Data_Mem: 00 | Wr_En: 0 | Mux_Sel: 1 | PC_En: 0 | SKZ: 0 | JMP: 0 | state: 0010 | ld_ac: 0 | alu_enable: 0
State IDLE: 0010
Time: 515000 | PC_out: 08 | Opcode: 111 | Operand: 01010 | Accumulator: 11111111 | ALU_Result: 255 | Instr: ea | Data_Mem: 00 | Wr_En: 0 | Mux_Sel: 1 | PC_En: 0 | SKZ: 0 | JMP: 0 | state: 0011 | ld_ac: 0 | alu_enable: 0
State OP_ADDR: 0011
Time: 525000 | PC_out: 08 | Opcode: 111 | Operand: 01010 | Accumulator: 11111111 | ALU_Result: 255 | Instr: ea | Data_Mem: 00 | Wr_En: 0 | Mux_Sel: 0 | PC_En: 0 | SKZ: 0 | JMP: 0 | state: 0100 | ld_ac: 0 | alu_enable: 0
State OP_FETCH: 0100
Time: 535000 | PC_out: 08 | Opcode: 111 | Operand: 01010 | Accumulator: 11111111 | ALU_Result: 255 | Instr: ea | Data_Mem: 00 | Wr_En: 0 | Mux_Sel: 0 | PC_En: 0 | SKZ: 0 | JMP: 1 | state: 0101 | ld_ac: 0 | alu_enable: 0
State ALU_OP: 0101
Time: 545000 | PC_out: 08 | Opcode: 111 | Operand: 01010 | Accumulator: 11111111 | ALU_Result: 255 | Instr: ea | Data_Mem: 00 | Wr_En: 0 | Mux_Sel: 0 | PC_En: 0 | SKZ: 0 | JMP: 1 | state: 0110 | ld_ac: 0 | alu_enable: 0
State STORE: 0110
Time: 555000 | PC_out: 08 | Opcode: 111 | Operand: 01010 | Accumulator: 11111111 | ALU_Result: 255 | Instr: ea | Data_Mem: 00 | Wr_En: 0 | Mux_Sel: 1 | PC_En: 1 | SKZ: 0 | JMP: 1 | state: 0111 | ld_ac: 0 | alu_enable: 0
State INST_ADDR: 0111
Time: 565000 | PC_out: 0a | Opcode: 111 | Operand: 01010 | Accumulator: 11111111 | ALU_Result: 255 | Instr: ea | Data_Mem: 00 | Wr_En: 0 | Mux_Sel: 1 | PC_En: 0 | SKZ: 0 | JMP: 0 | state: 0000 | ld_ac: 0 | alu_enable: 0
State INST_FETCH: 0000
Time: 575000 | PC_out: 0a | Opcode: 111 | Operand: 01010 | Accumulator: 11111111 | ALU_Result: 255 | Instr: ea | Data_Mem: 00 | Wr_En: 0 | Mux_Sel: 1 | PC_En: 0 | SKZ: 0 | JMP: 0 | state: 0001 | ld_ac: 0 | alu_enable: 0
State INST_LOAD: 0001
Time: 585000 | PC_out: 0a | Opcode: 111 | Operand: 01010 | Accumulator: 11111111 | ALU_Result: 255 | Instr: dc | Data_Mem: 00 | Wr_En: 0 | Mux_Sel: 1 | PC_En: 0 | SKZ: 0 | JMP: 0 | state: 0010 | ld_ac: 0 | alu_enable: 0
State IDLE: 0010
Time: 595000 | PC_out: 0a | Opcode: 110 | Operand: 11100 | Accumulator: 11111111 | ALU_Result: 255 | Instr: dc | Data_Mem: 00 | Wr_En: 0 | Mux_Sel: 1 | PC_En: 0 | SKZ: 0 | JMP: 0 | state: 0011 | ld_ac: 0 | alu_enable: 0
State OP_ADDR: 0011
Time: 605000 | PC_out: 0a | Opcode: 110 | Operand: 11100 | Accumulator: 11111111 | ALU_Result: 255 | Instr: dc | Data_Mem: 00 | Wr_En: 0 | Mux_Sel: 0 | PC_En: 0 | SKZ: 0 | JMP: 0 | state: 0100 | ld_ac: 0 | alu_enable: 0
State OP_FETCH: 0100
Time: 615000 | PC_out: 0a | Opcode: 110 | Operand: 11100 | Accumulator: 11111111 | ALU_Result: 255 | Instr: dc | Data_Mem: 00 | Wr_En: 0 | Mux_Sel: 0 | PC_En: 0 | SKZ: 0 | JMP: 0 | state: 0101 | ld_ac: 0 | alu_enable: 0
State ALU_OP: 0101
Time: 625000 | PC_out: 0a | Opcode: 110 | Operand: 11100 | Accumulator: 11111111 | ALU_Result: 255 | Instr: dc | Data_Mem: aa | Wr_En: 0 | Mux_Sel: 0 | PC_En: 0 | SKZ: 0 | JMP: 0 | state: 0110 | ld_ac: 0 | alu_enable: 0
State STORE: 0110
Time: 635000 | PC_out: 0a | Opcode: 110 | Operand: 11100 | Accumulator: 11111111 | ALU_Result: 255 | Instr: dc | Data_Mem: ff | Wr_En: 1 | Mux_Sel: 1 | PC_En: 0 | SKZ: 0 | JMP: 0 | state: 0111 | ld_ac: 0 | alu_enable: 0
State INST_ADDR: 0111
Time: 645000 | PC_out: 0a | Opcode: 110 | Operand: 11100 | Accumulator: 11111111 | ALU_Result: 255 | Instr: dc | Data_Mem: aa | Wr_En: 0 | Mux_Sel: 1 | PC_En: 1 | SKZ: 0 | JMP: 0 | state: 0000 | ld_ac: 0 | alu_enable: 0
State INST_FETCH: 0000
Time: 655000 | PC_out: 0b | Opcode: 110 | Operand: 11100 | Accumulator: 11111111 | ALU_Result: 255 | Instr: dc | Data_Mem: ff | Wr_En: 0 | Mux_Sel: 1 | PC_En: 0 | SKZ: 0 | JMP: 0 | state: 0001 | ld_ac: 0 | alu_enable: 0
State INST_LOAD: 0001
Time: 665000 | PC_out: 0b | Opcode: 110 | Operand: 11100 | Accumulator: 11111111 | ALU_Result: 255 | Instr: dc | Data_Mem: ff | Wr_En: 0 | Mux_Sel: 1 | PC_En: 0 | SKZ: 0 | JMP: 0 | state: 0010 | ld_ac: 0 | alu_enable: 0
State IDLE: 0010
Time: 675000 | PC_out: 0b | Opcode: 110 | Operand: 11100 | Accumulator: 11111111 | ALU_Result: 255 | Instr: ba | Data_Mem: ff | Wr_En: 0 | Mux_Sel: 1 | PC_En: 0 | SKZ: 0 | JMP: 0 | state: 0011 | ld_ac: 0 | alu_enable: 0
State OP_ADDR: 0011
Time: 685000 | PC_out: 0b | Opcode: 101 | Operand: 11010 | Accumulator: 11111111 | ALU_Result: 255 | Instr: ba | Data_Mem: ff | Wr_En: 0 | Mux_Sel: 0 | PC_En: 0 | SKZ: 0 | JMP: 0 | state: 0100 | ld_ac: 0 | alu_enable: 0
State OP_FETCH: 0100
Time: 695000 | PC_out: 0b | Opcode: 101 | Operand: 11010 | Accumulator: 11111111 | ALU_Result: 255 | Instr: ba | Data_Mem: ff | Wr_En: 0 | Mux_Sel: 0 | PC_En: 0 | SKZ: 0 | JMP: 0 | state: 0101 | ld_ac: 0 | alu_enable: 1
State ALU_OP: 0101
Time: 705000 | PC_out: 0b | Opcode: 101 | Operand: 11010 | Accumulator: 11111111 | ALU_Result: 255 | Instr: ba | Data_Mem: 00 | Wr_En: 0 | Mux_Sel: 0 | PC_En: 0 | SKZ: 0 | JMP: 0 | state: 0110 | ld_ac: 1 | alu_enable: 1
State STORE: 0110
Time: 715000 | PC_out: 0b | Opcode: 101 | Operand: 11010 | Accumulator: 11111111 | ALU_Result: 0 | Instr: ba | Data_Mem: 00 | Wr_En: 0 | Mux_Sel: 1 | PC_En: 0 | SKZ: 0 | JMP: 0 | state: 0111 | ld_ac: 1 | alu_enable: 0
State INST_ADDR: 0111
Time: 725000 | PC_out: 0b | Opcode: 101 | Operand: 11010 | Accumulator: 0 | ALU_Result: 0 | Instr: ba | Data_Mem: 00 | Wr_En: 0 | Mux_Sel: 1 | PC_En: 1 | SKZ: 0 | JMP: 0 | state: 0000 | ld_ac: 0 | alu_enable: 0
State INST_FETCH: 0000
Time: 735000 | PC_out: 0c | Opcode: 101 | Operand: 11010 | Accumulator: 0 | ALU_Result: 0 | Instr: ba | Data_Mem: 00 | Wr_En: 0 | Mux_Sel: 1 | PC_En: 0 | SKZ: 0 | JMP: 0 | state: 0001 | ld_ac: 0 | alu_enable: 0
State INST_LOAD: 0001
Time: 745000 | PC_out: 0c | Opcode: 101 | Operand: 11010 | Accumulator: 0 | ALU_Result: 0 | Instr: ba | Data_Mem: 00 | Wr_En: 0 | Mux_Sel: 1 | PC_En: 0 | SKZ: 0 | JMP: 0 | state: 0010 | ld_ac: 0 | alu_enable: 0
State IDLE: 0010
Time: 755000 | PC_out: 0c | Opcode: 101 | Operand: 11010 | Accumulator: 0 | ALU_Result: 0 | Instr: dc | Data_Mem: 00 | Wr_En: 0 | Mux_Sel: 1 | PC_En: 0 | SKZ: 0 | JMP: 0 | state: 0011 | ld_ac: 0 | alu_enable: 0
State OP_ADDR: 0011
Time: 765000 | PC_out: 0c | Opcode: 110 | Operand: 11100 | Accumulator: 0 | ALU_Result: 0 | Instr: dc | Data_Mem: 00 | Wr_En: 0 | Mux_Sel: 0 | PC_En: 0 | SKZ: 0 | JMP: 0 | state: 0100 | ld_ac: 0 | alu_enable: 0
State OP_FETCH: 0100
Time: 775000 | PC_out: 0c | Opcode: 110 | Operand: 11100 | Accumulator: 0 | ALU_Result: 0 | Instr: dc | Data_Mem: 00 | Wr_En: 0 | Mux_Sel: 0 | PC_En: 0 | SKZ: 0 | JMP: 0 | state: 0101 | ld_ac: 0 | alu_enable: 0
State ALU_OP: 0101
Time: 785000 | PC_out: 0c | Opcode: 110 | Operand: 11100 | Accumulator: 0 | ALU_Result: 0 | Instr: dc | Data_Mem: ff | Wr_En: 0 | Mux_Sel: 0 | PC_En: 0 | SKZ: 0 | JMP: 0 | state: 0110 | ld_ac: 0 | alu_enable: 0
State STORE: 0110
Time: 795000 | PC_out: 0c | Opcode: 110 | Operand: 11100 | Accumulator: 0 | ALU_Result: 0 | Instr: dc | Data_Mem: 00 | Wr_En: 1 | Mux_Sel: 1 | PC_En: 0 | SKZ: 0 | JMP: 0 | state: 0111 | ld_ac: 0 | alu_enable: 0
State INST_ADDR: 0111
Time: 805000 | PC_out: 0c | Opcode: 110 | Operand: 11100 | Accumulator: 0 | ALU_Result: 0 | Instr: dc | Data_Mem: ff | Wr_En: 0 | Mux_Sel: 1 | PC_En: 1 | SKZ: 0 | JMP: 0 | state: 0000 | ld_ac: 0 | alu_enable: 0
State INST_FETCH: 0000
Time: 815000 | PC_out: 0d | Opcode: 110 | Operand: 11100 | Accumulator: 0 | ALU_Result: 0 | Instr: dc | Data_Mem: 00 | Wr_En: 0 | Mux_Sel: 1 | PC_En: 0 | SKZ: 0 | JMP: 0 | state: 0001 | ld_ac: 0 | alu_enable: 0
State INST_LOAD: 0001
Time: 825000 | PC_out: 0d | Opcode: 110 | Operand: 11100 | Accumulator: 0 | ALU_Result: 0 | Instr: dc | Data_Mem: 00 | Wr_En: 0 | Mux_Sel: 1 | PC_En: 0 | SKZ: 0 | JMP: 0 | state: 0010 | ld_ac: 0 | alu_enable: 0
State IDLE: 0010
Time: 835000 | PC_out: 0d | Opcode: 110 | Operand: 11100 | Accumulator: 0 | ALU_Result: 0 | Instr: bc | Data_Mem: 00 | Wr_En: 0 | Mux_Sel: 1 | PC_En: 0 | SKZ: 0 | JMP: 0 | state: 0011 | ld_ac: 0 | alu_enable: 0
State OP_ADDR: 0011
Time: 845000 | PC_out: 0d | Opcode: 101 | Operand: 11100 | Accumulator: 0 | ALU_Result: 0 | Instr: bc | Data_Mem: 00 | Wr_En: 0 | Mux_Sel: 0 | PC_En: 0 | SKZ: 0 | JMP: 0 | state: 0100 | ld_ac: 0 | alu_enable: 0
State OP_FETCH: 0100
Time: 855000 | PC_out: 0d | Opcode: 101 | Operand: 11100 | Accumulator: 0 | ALU_Result: 0 | Instr: bc | Data_Mem: 00 | Wr_En: 0 | Mux_Sel: 0 | PC_En: 0 | SKZ: 0 | JMP: 0 | state: 0101 | ld_ac: 0 | alu_enable: 1
State ALU_OP: 0101
Time: 865000 | PC_out: 0d | Opcode: 101 | Operand: 11100 | Accumulator: 0 | ALU_Result: 0 | Instr: bc | Data_Mem: 00 | Wr_En: 0 | Mux_Sel: 0 | PC_En: 0 | SKZ: 0 | JMP: 0 | state: 0110 | ld_ac: 1 | alu_enable: 1
State STORE: 0110
Time: 875000 | PC_out: 0d | Opcode: 101 | Operand: 11100 | Accumulator: 0 | ALU_Result: 0 | Instr: bc | Data_Mem: 00 | Wr_En: 0 | Mux_Sel: 1 | PC_En: 0 | SKZ: 0 | JMP: 0 | state: 0111 | ld_ac: 1 | alu_enable: 0
State INST_ADDR: 0111
Time: 885000 | PC_out: 0d | Opcode: 101 | Operand: 11100 | Accumulator: 0 | ALU_Result: 0 | Instr: bc | Data_Mem: 00 | Wr_En: 0 | Mux_Sel: 1 | PC_En: 1 | SKZ: 0 | JMP: 0 | state: 0000 | ld_ac: 0 | alu_enable: 0
State INST_FETCH: 0000
Time: 895000 | PC_out: 0e | Opcode: 101 | Operand: 11100 | Accumulator: 0 | ALU_Result: 0 | Instr: bc | Data_Mem: 00 | Wr_En: 0 | Mux_Sel: 1 | PC_En: 0 | SKZ: 0 | JMP: 0 | state: 0001 | ld_ac: 0 | alu_enable: 0
State INST_LOAD: 0001
Time: 905000 | PC_out: 0e | Opcode: 101 | Operand: 11100 | Accumulator: 0 | ALU_Result: 0 | Instr: bc | Data_Mem: 00 | Wr_En: 0 | Mux_Sel: 1 | PC_En: 0 | SKZ: 0 | JMP: 0 | state: 0010 | ld_ac: 0 | alu_enable: 0
State IDLE: 0010
Time: 915000 | PC_out: 0e | Opcode: 101 | Operand: 11100 | Accumulator: 0 | ALU_Result: 0 | Instr: 20 | Data_Mem: 00 | Wr_En: 0 | Mux_Sel: 1 | PC_En: 0 | SKZ: 0 | JMP: 0 | state: 0011 | ld_ac: 0 | alu_enable: 0
State OP_ADDR: 0011
Time: 925000 | PC_out: 0e | Opcode: 001 | Operand: 00000 | Accumulator: 0 | ALU_Result: 0 | Instr: 20 | Data_Mem: 00 | Wr_En: 0 | Mux_Sel: 0 | PC_En: 0 | SKZ: 0 | JMP: 0 | state: 0100 | ld_ac: 0 | alu_enable: 0
State OP_FETCH: 0100
Time: 935000 | PC_out: 0e | Opcode: 001 | Operand: 00000 | Accumulator: 0 | ALU_Result: 0 | Instr: 20 | Data_Mem: 00 | Wr_En: 0 | Mux_Sel: 0 | PC_En: 0 | SKZ: 1 | JMP: 0 | state: 0101 | ld_ac: 0 | alu_enable: 0
State ALU_OP: 0101
Time: 945000 | PC_out: 0e | Opcode: 001 | Operand: 00000 | Accumulator: 0 | ALU_Result: 0 | Instr: 20 | Data_Mem: 00 | Wr_En: 0 | Mux_Sel: 0 | PC_En: 0 | SKZ: 1 | JMP: 0 | state: 0110 | ld_ac: 0 | alu_enable: 0
State STORE: 0110
Time: 955000 | PC_out: 0e | Opcode: 001 | Operand: 00000 | Accumulator: 0 | ALU_Result: 0 | Instr: 20 | Data_Mem: 00 | Wr_En: 0 | Mux_Sel: 1 | PC_En: 1 | SKZ: 1 | JMP: 0 | state: 0111 | ld_ac: 0 | alu_enable: 0
State INST_ADDR: 0111
Time: 965000 | PC_out: 10 | Opcode: 001 | Operand: 00000 | Accumulator: 0 | ALU_Result: 0 | Instr: 20 | Data_Mem: 00 | Wr_En: 0 | Mux_Sel: 1 | PC_En: 0 | SKZ: 0 | JMP: 0 | state: 0000 | ld_ac: 0 | alu_enable: 0
State INST_FETCH: 0000
Time: 975000 | PC_out: 10 | Opcode: 001 | Operand: 00000 | Accumulator: 0 | ALU_Result: 0 | Instr: 20 | Data_Mem: 00 | Wr_En: 0 | Mux_Sel: 1 | PC_En: 0 | SKZ: 0 | JMP: 0 | state: 0001 | ld_ac: 0 | alu_enable: 0
State INST_LOAD: 0001
Time: 985000 | PC_out: 10 | Opcode: 001 | Operand: 00000 | Accumulator: 0 | ALU_Result: 0 | Instr: 9b | Data_Mem: 00 | Wr_En: 0 | Mux_Sel: 1 | PC_En: 0 | SKZ: 0 | JMP: 0 | state: 0010 | ld_ac: 0 | alu_enable: 0
State IDLE: 0010
Time: 995000 | PC_out: 10 | Opcode: 100 | Operand: 11011 | Accumulator: 0 | ALU_Result: 0 | Instr: 9b | Data_Mem: 00 | Wr_En: 0 | Mux_Sel: 1 | PC_En: 0 | SKZ: 0 | JMP: 0 | state: 0011 | ld_ac: 0 | alu_enable: 0
INFO: [USF-XSim-96] XSim completed. Design snapshot 'RISC_CPU_tb_behav' loaded.
INFO: [USF-XSim-97] XSim simulation ran for 1000ns
launch_simulation: Time (s): cpu = 00:00:01 ; elapsed = 00:00:05 . Memory (MB): peak = 2731.656 ; gain = 10.320
close_sim
INFO: [Simtcl 6-16] Simulation closed
launch_simulation
Command: launch_simulation 
INFO: [Vivado 12-12493] Simulation top is 'RISC_CPU_tb'
WARNING: [Vivado 12-13340] Unable to auto find GCC executables from simulator install path! (path not set)
INFO: [Vivado 12-5682] Launching behavioral simulation in 'D:/Minh_Hung/L05_Group_2_BTL_TKVM/L05_Group_2_BTL_TKVM.sim/sim_1/behav/xsim'
INFO: [SIM-utils-51] Simulation object is 'sim_1'
INFO: [SIM-utils-72] Using boost library from 'D:/Vivado/2024.1/tps/boost_1_72_0'
INFO: [SIM-utils-54] Inspecting design source files for 'RISC_CPU_tb' in fileset 'sim_1'...
INFO: [SIM-utils-43] Exported 'D:/Minh_Hung/L05_Group_2_BTL_TKVM/L05_Group_2_BTL_TKVM.sim/sim_1/behav/xsim/data_init.mem'
INFO: [SIM-utils-43] Exported 'D:/Minh_Hung/L05_Group_2_BTL_TKVM/L05_Group_2_BTL_TKVM.sim/sim_1/behav/xsim/instruction_file.mem'
INFO: [USF-XSim-97] Finding global include files...
INFO: [USF-XSim-98] Fetching design files from 'sim_1'...
INFO: [USF-XSim-2] XSim::Compile design
INFO: [USF-XSim-61] Executing 'COMPILE and ANALYZE' step in 'D:/Minh_Hung/L05_Group_2_BTL_TKVM/L05_Group_2_BTL_TKVM.sim/sim_1/behav/xsim'
"xvlog --incr --relax -prj RISC_CPU_tb_vlog.prj"
INFO: [VRFC 10-2263] Analyzing Verilog file "D:/Minh_Hung/L05_Group_2_BTL_TKVM/L05_Group_2_BTL_TKVM.srcs/sources_1/new/ALU.v" into library xil_defaultlib
INFO: [VRFC 10-311] analyzing module ALU
INFO: [VRFC 10-2263] Analyzing Verilog file "D:/Minh_Hung/L05_Group_2_BTL_TKVM/L05_Group_2_BTL_TKVM.srcs/sources_1/new/Accumulator.v" into library xil_defaultlib
INFO: [VRFC 10-311] analyzing module Accumulator
INFO: [VRFC 10-2263] Analyzing Verilog file "D:/Minh_Hung/L05_Group_2_BTL_TKVM/L05_Group_2_BTL_TKVM.srcs/sources_1/new/Controller.v" into library xil_defaultlib
INFO: [VRFC 10-311] analyzing module Controller
WARNING: [VRFC 10-9336] redeclaration of ANSI port 'state' is not allowed [D:/Minh_Hung/L05_Group_2_BTL_TKVM/L05_Group_2_BTL_TKVM.srcs/sources_1/new/Controller.v:20]
INFO: [VRFC 10-2263] Analyzing Verilog file "D:/Minh_Hung/L05_Group_2_BTL_TKVM/L05_Group_2_BTL_TKVM.srcs/sources_1/new/DataMemory.v" into library xil_defaultlib
INFO: [VRFC 10-311] analyzing module dataMemory
INFO: [VRFC 10-2263] Analyzing Verilog file "D:/Minh_Hung/L05_Group_2_BTL_TKVM/L05_Group_2_BTL_TKVM.srcs/sources_1/new/Instruction_Memory.v" into library xil_defaultlib
INFO: [VRFC 10-311] analyzing module instructionMemory
INFO: [VRFC 10-2263] Analyzing Verilog file "D:/Minh_Hung/L05_Group_2_BTL_TKVM/L05_Group_2_BTL_TKVM.srcs/sources_1/new/Instruction_register.v" into library xil_defaultlib
INFO: [VRFC 10-311] analyzing module Instruction_Register
INFO: [VRFC 10-2263] Analyzing Verilog file "D:/Minh_Hung/L05_Group_2_BTL_TKVM/L05_Group_2_BTL_TKVM.srcs/sources_1/new/Program_counter.v" into library xil_defaultlib
INFO: [VRFC 10-311] analyzing module Program_counter
INFO: [VRFC 10-2263] Analyzing Verilog file "D:/Minh_Hung/L05_Group_2_BTL_TKVM/L05_Group_2_BTL_TKVM.srcs/sources_1/new/RISC_CPU.v" into library xil_defaultlib
INFO: [VRFC 10-311] analyzing module RISC_CPU
INFO: [VRFC 10-2263] Analyzing Verilog file "D:/Minh_Hung/L05_Group_2_BTL_TKVM/L05_Group_2_BTL_TKVM.srcs/sources_1/new/addr_mux.v" into library xil_defaultlib
INFO: [VRFC 10-311] analyzing module addr_mux
INFO: [VRFC 10-2263] Analyzing Verilog file "D:/Minh_Hung/L05_Group_2_BTL_TKVM/L05_Group_2_BTL_TKVM.srcs/sim_1/new/RISC_CPU_tb.v" into library xil_defaultlib
INFO: [VRFC 10-311] analyzing module RISC_CPU_tb
INFO: [USF-XSim-69] 'compile' step finished in '2' seconds
INFO: [USF-XSim-3] XSim::Elaborate design
INFO: [USF-XSim-61] Executing 'ELABORATE' step in 'D:/Minh_Hung/L05_Group_2_BTL_TKVM/L05_Group_2_BTL_TKVM.sim/sim_1/behav/xsim'
"xelab --incr --debug typical --relax --mt 2 -L xil_defaultlib -L unisims_ver -L unimacro_ver -L secureip --snapshot RISC_CPU_tb_behav xil_defaultlib.RISC_CPU_tb xil_defaultlib.glbl -log elaborate.log"
Vivado Simulator v2024.1
Copyright 1986-2022 Xilinx, Inc. All Rights Reserved.
Copyright 2022-2024 Advanced Micro Devices, Inc. All Rights Reserved.
Running: D:/Vivado/2024.1/bin/unwrapped/win64.o/xelab.exe --incr --debug typical --relax --mt 2 -L xil_defaultlib -L unisims_ver -L unimacro_ver -L secureip --snapshot RISC_CPU_tb_behav xil_defaultlib.RISC_CPU_tb xil_defaultlib.glbl -log elaborate.log 
Using 2 slave threads.
Starting static elaboration
Pass Through NonSizing Optimizer
Completed static elaboration
Starting simulation data flow analysis
WARNING: [XSIM 43-4099] "D:/Minh_Hung/L05_Group_2_BTL_TKVM/L05_Group_2_BTL_TKVM.srcs/sources_1/new/ALU.v" Line 1. Module ALU doesn't have a timescale but at least one module in design has a timescale.
WARNING: [XSIM 43-4099] "D:/Minh_Hung/L05_Group_2_BTL_TKVM/L05_Group_2_BTL_TKVM.srcs/sources_1/new/ALU.v" Line 1. Module ALU doesn't have a timescale but at least one module in design has a timescale.
Completed simulation data flow analysis
Time Resolution for simulation is 1ps
Compiling module xil_defaultlib.Controller
Compiling module xil_defaultlib.Program_counter
Compiling module xil_defaultlib.addr_mux
Compiling module xil_defaultlib.instructionMemory
Compiling module xil_defaultlib.Instruction_Register
Compiling module xil_defaultlib.dataMemory
Compiling module xil_defaultlib.ALU
Compiling module xil_defaultlib.Accumulator
Compiling module xil_defaultlib.RISC_CPU
Compiling module xil_defaultlib.RISC_CPU_tb
Compiling module xil_defaultlib.glbl
Built simulation snapshot RISC_CPU_tb_behav
INFO: [USF-XSim-69] 'elaborate' step finished in '2' seconds
INFO: [USF-XSim-4] XSim::Simulate design
INFO: [USF-XSim-61] Executing 'SIMULATE' step in 'D:/Minh_Hung/L05_Group_2_BTL_TKVM/L05_Group_2_BTL_TKVM.sim/sim_1/behav/xsim'
INFO: [USF-XSim-98] *** Running xsim
   with args "RISC_CPU_tb_behav -key {Behavioral:sim_1:Functional:RISC_CPU_tb} -tclbatch {RISC_CPU_tb.tcl} -log {simulate.log}"
INFO: [USF-XSim-8] Loading simulator feature
Time resolution is 1 ps
source RISC_CPU_tb.tcl
# set curr_wave [current_wave_config]
# if { [string length $curr_wave] == 0 } {
#   if { [llength [get_objects]] > 0} {
#     add_wave /
#     set_property needs_save false [current_wave_config]
#   } else {
#      send_msg_id Add_Wave-1 WARNING "No top level signals found. Simulator will start without a wave window. If you want to open a wave window go to 'File->New Waveform Configuration' or type 'create_wave_config' in the TCL console."
#   }
# }
# run 1000ns
Time: 0 | PC_out: 00 | Opcode: zzz | Operand: zzzzz | Accumulator: 0 | ALU_Result: x | Instr: xx | Data_Mem: xx | Wr_En: 0 | Mux_Sel: 1 | PC_En: 0 | SKZ: 0 | JMP: 0 | state: 0000 | ld_ac: 0 | alu_enable: 0
State INST_FETCH: 0000
Time: 15000 | PC_out: 00 | Opcode: zzz | Operand: zzzzz | Accumulator: 0 | ALU_Result: x | Instr: xx | Data_Mem: xx | Wr_En: 0 | Mux_Sel: 1 | PC_En: 0 | SKZ: 0 | JMP: 0 | state: 0001 | ld_ac: 0 | alu_enable: 0
State INST_LOAD: 0001
Time: 25000 | PC_out: 00 | Opcode: zzz | Operand: zzzzz | Accumulator: 0 | ALU_Result: x | Instr: fe | Data_Mem: xx | Wr_En: 0 | Mux_Sel: 1 | PC_En: 0 | SKZ: 0 | JMP: 0 | state: 0010 | ld_ac: 0 | alu_enable: 0
State IDLE: 0010
Time: 35000 | PC_out: 00 | Opcode: 111 | Operand: 11110 | Accumulator: 0 | ALU_Result: x | Instr: fe | Data_Mem: xx | Wr_En: 0 | Mux_Sel: 1 | PC_En: 0 | SKZ: 0 | JMP: 0 | state: 0011 | ld_ac: 0 | alu_enable: 0
State OP_ADDR: 0011
Time: 45000 | PC_out: 00 | Opcode: 111 | Operand: 11110 | Accumulator: 0 | ALU_Result: x | Instr: fe | Data_Mem: xx | Wr_En: 0 | Mux_Sel: 0 | PC_En: 0 | SKZ: 0 | JMP: 0 | state: 0100 | ld_ac: 0 | alu_enable: 0
State OP_FETCH: 0100
Time: 55000 | PC_out: 00 | Opcode: 111 | Operand: 11110 | Accumulator: 0 | ALU_Result: x | Instr: fe | Data_Mem: xx | Wr_En: 0 | Mux_Sel: 0 | PC_En: 0 | SKZ: 0 | JMP: 1 | state: 0101 | ld_ac: 0 | alu_enable: 0
State ALU_OP: 0101
Time: 65000 | PC_out: 00 | Opcode: 111 | Operand: 11110 | Accumulator: 0 | ALU_Result: x | Instr: fe | Data_Mem: xx | Wr_En: 0 | Mux_Sel: 0 | PC_En: 0 | SKZ: 0 | JMP: 1 | state: 0110 | ld_ac: 0 | alu_enable: 0
State STORE: 0110
Time: 75000 | PC_out: 00 | Opcode: 111 | Operand: 11110 | Accumulator: 0 | ALU_Result: x | Instr: fe | Data_Mem: xx | Wr_En: 0 | Mux_Sel: 1 | PC_En: 1 | SKZ: 0 | JMP: 1 | state: 0111 | ld_ac: 0 | alu_enable: 0
State INST_ADDR: 0111
Time: 85000 | PC_out: 1e | Opcode: 111 | Operand: 11110 | Accumulator: 0 | ALU_Result: x | Instr: fe | Data_Mem: xx | Wr_En: 0 | Mux_Sel: 1 | PC_En: 0 | SKZ: 0 | JMP: 0 | state: 0000 | ld_ac: 0 | alu_enable: 0
State INST_FETCH: 0000
Time: 95000 | PC_out: 1e | Opcode: 111 | Operand: 11110 | Accumulator: 0 | ALU_Result: x | Instr: fe | Data_Mem: xx | Wr_En: 0 | Mux_Sel: 1 | PC_En: 0 | SKZ: 0 | JMP: 0 | state: 0001 | ld_ac: 0 | alu_enable: 0
State INST_LOAD: 0001
Time: 105000 | PC_out: 1e | Opcode: 111 | Operand: 11110 | Accumulator: 0 | ALU_Result: x | Instr: e3 | Data_Mem: xx | Wr_En: 0 | Mux_Sel: 1 | PC_En: 0 | SKZ: 0 | JMP: 0 | state: 0010 | ld_ac: 0 | alu_enable: 0
State IDLE: 0010
Time: 115000 | PC_out: 1e | Opcode: 111 | Operand: 00011 | Accumulator: 0 | ALU_Result: x | Instr: e3 | Data_Mem: xx | Wr_En: 0 | Mux_Sel: 1 | PC_En: 0 | SKZ: 0 | JMP: 0 | state: 0011 | ld_ac: 0 | alu_enable: 0
State OP_ADDR: 0011
Time: 125000 | PC_out: 1e | Opcode: 111 | Operand: 00011 | Accumulator: 0 | ALU_Result: x | Instr: e3 | Data_Mem: xx | Wr_En: 0 | Mux_Sel: 0 | PC_En: 0 | SKZ: 0 | JMP: 0 | state: 0100 | ld_ac: 0 | alu_enable: 0
State OP_FETCH: 0100
Time: 135000 | PC_out: 1e | Opcode: 111 | Operand: 00011 | Accumulator: 0 | ALU_Result: x | Instr: e3 | Data_Mem: xx | Wr_En: 0 | Mux_Sel: 0 | PC_En: 0 | SKZ: 0 | JMP: 1 | state: 0101 | ld_ac: 0 | alu_enable: 0
State ALU_OP: 0101
Time: 145000 | PC_out: 1e | Opcode: 111 | Operand: 00011 | Accumulator: 0 | ALU_Result: x | Instr: e3 | Data_Mem: 00 | Wr_En: 0 | Mux_Sel: 0 | PC_En: 0 | SKZ: 0 | JMP: 1 | state: 0110 | ld_ac: 0 | alu_enable: 0
State STORE: 0110
Time: 155000 | PC_out: 1e | Opcode: 111 | Operand: 00011 | Accumulator: 0 | ALU_Result: x | Instr: e3 | Data_Mem: 00 | Wr_En: 0 | Mux_Sel: 1 | PC_En: 1 | SKZ: 0 | JMP: 1 | state: 0111 | ld_ac: 0 | alu_enable: 0
State INST_ADDR: 0111
Time: 165000 | PC_out: 03 | Opcode: 111 | Operand: 00011 | Accumulator: 0 | ALU_Result: x | Instr: e3 | Data_Mem: 00 | Wr_En: 0 | Mux_Sel: 1 | PC_En: 0 | SKZ: 0 | JMP: 0 | state: 0000 | ld_ac: 0 | alu_enable: 0
State INST_FETCH: 0000
Time: 175000 | PC_out: 03 | Opcode: 111 | Operand: 00011 | Accumulator: 0 | ALU_Result: x | Instr: e3 | Data_Mem: 00 | Wr_En: 0 | Mux_Sel: 1 | PC_En: 0 | SKZ: 0 | JMP: 0 | state: 0001 | ld_ac: 0 | alu_enable: 0
State INST_LOAD: 0001
Time: 185000 | PC_out: 03 | Opcode: 111 | Operand: 00011 | Accumulator: 0 | ALU_Result: x | Instr: ba | Data_Mem: 00 | Wr_En: 0 | Mux_Sel: 1 | PC_En: 0 | SKZ: 0 | JMP: 0 | state: 0010 | ld_ac: 0 | alu_enable: 0
State IDLE: 0010
Time: 195000 | PC_out: 03 | Opcode: 101 | Operand: 11010 | Accumulator: 0 | ALU_Result: x | Instr: ba | Data_Mem: 00 | Wr_En: 0 | Mux_Sel: 1 | PC_En: 0 | SKZ: 0 | JMP: 0 | state: 0011 | ld_ac: 0 | alu_enable: 0
State OP_ADDR: 0011
Time: 205000 | PC_out: 03 | Opcode: 101 | Operand: 11010 | Accumulator: 0 | ALU_Result: x | Instr: ba | Data_Mem: 00 | Wr_En: 0 | Mux_Sel: 0 | PC_En: 0 | SKZ: 0 | JMP: 0 | state: 0100 | ld_ac: 0 | alu_enable: 0
State OP_FETCH: 0100
Time: 215000 | PC_out: 03 | Opcode: 101 | Operand: 11010 | Accumulator: 0 | ALU_Result: x | Instr: ba | Data_Mem: 00 | Wr_En: 0 | Mux_Sel: 0 | PC_En: 0 | SKZ: 0 | JMP: 0 | state: 0101 | ld_ac: 0 | alu_enable: 1
State ALU_OP: 0101
Time: 225000 | PC_out: 03 | Opcode: 101 | Operand: 11010 | Accumulator: 0 | ALU_Result: 0 | Instr: ba | Data_Mem: 00 | Wr_En: 0 | Mux_Sel: 0 | PC_En: 0 | SKZ: 0 | JMP: 0 | state: 0110 | ld_ac: 1 | alu_enable: 1
State STORE: 0110
Time: 235000 | PC_out: 03 | Opcode: 101 | Operand: 11010 | Accumulator: 0 | ALU_Result: 0 | Instr: ba | Data_Mem: 00 | Wr_En: 0 | Mux_Sel: 1 | PC_En: 0 | SKZ: 0 | JMP: 0 | state: 0111 | ld_ac: 1 | alu_enable: 0
State INST_ADDR: 0111
Time: 245000 | PC_out: 03 | Opcode: 101 | Operand: 11010 | Accumulator: 0 | ALU_Result: 0 | Instr: ba | Data_Mem: 00 | Wr_En: 0 | Mux_Sel: 1 | PC_En: 1 | SKZ: 0 | JMP: 0 | state: 0000 | ld_ac: 0 | alu_enable: 0
State INST_FETCH: 0000
Time: 255000 | PC_out: 04 | Opcode: 101 | Operand: 11010 | Accumulator: 0 | ALU_Result: 0 | Instr: ba | Data_Mem: 00 | Wr_En: 0 | Mux_Sel: 1 | PC_En: 0 | SKZ: 0 | JMP: 0 | state: 0001 | ld_ac: 0 | alu_enable: 0
State INST_LOAD: 0001
Time: 265000 | PC_out: 04 | Opcode: 101 | Operand: 11010 | Accumulator: 0 | ALU_Result: 0 | Instr: ba | Data_Mem: 00 | Wr_En: 0 | Mux_Sel: 1 | PC_En: 0 | SKZ: 0 | JMP: 0 | state: 0010 | ld_ac: 0 | alu_enable: 0
State IDLE: 0010
Time: 275000 | PC_out: 04 | Opcode: 101 | Operand: 11010 | Accumulator: 0 | ALU_Result: 0 | Instr: 20 | Data_Mem: 00 | Wr_En: 0 | Mux_Sel: 1 | PC_En: 0 | SKZ: 0 | JMP: 0 | state: 0011 | ld_ac: 0 | alu_enable: 0
State OP_ADDR: 0011
Time: 285000 | PC_out: 04 | Opcode: 001 | Operand: 00000 | Accumulator: 0 | ALU_Result: 0 | Instr: 20 | Data_Mem: 00 | Wr_En: 0 | Mux_Sel: 0 | PC_En: 0 | SKZ: 0 | JMP: 0 | state: 0100 | ld_ac: 0 | alu_enable: 0
State OP_FETCH: 0100
Time: 295000 | PC_out: 04 | Opcode: 001 | Operand: 00000 | Accumulator: 0 | ALU_Result: 0 | Instr: 20 | Data_Mem: 00 | Wr_En: 0 | Mux_Sel: 0 | PC_En: 0 | SKZ: 1 | JMP: 0 | state: 0101 | ld_ac: 0 | alu_enable: 0
State ALU_OP: 0101
Time: 305000 | PC_out: 04 | Opcode: 001 | Operand: 00000 | Accumulator: 0 | ALU_Result: 0 | Instr: 20 | Data_Mem: 00 | Wr_En: 0 | Mux_Sel: 0 | PC_En: 0 | SKZ: 1 | JMP: 0 | state: 0110 | ld_ac: 0 | alu_enable: 0
State STORE: 0110
Time: 315000 | PC_out: 04 | Opcode: 001 | Operand: 00000 | Accumulator: 0 | ALU_Result: 0 | Instr: 20 | Data_Mem: 00 | Wr_En: 0 | Mux_Sel: 1 | PC_En: 1 | SKZ: 1 | JMP: 0 | state: 0111 | ld_ac: 0 | alu_enable: 0
State INST_ADDR: 0111
Time: 325000 | PC_out: 06 | Opcode: 001 | Operand: 00000 | Accumulator: 0 | ALU_Result: 0 | Instr: 20 | Data_Mem: 00 | Wr_En: 0 | Mux_Sel: 1 | PC_En: 0 | SKZ: 0 | JMP: 0 | state: 0000 | ld_ac: 0 | alu_enable: 0
State INST_FETCH: 0000
Time: 335000 | PC_out: 06 | Opcode: 001 | Operand: 00000 | Accumulator: 0 | ALU_Result: 0 | Instr: 20 | Data_Mem: 00 | Wr_En: 0 | Mux_Sel: 1 | PC_En: 0 | SKZ: 0 | JMP: 0 | state: 0001 | ld_ac: 0 | alu_enable: 0
State INST_LOAD: 0001
Time: 345000 | PC_out: 06 | Opcode: 001 | Operand: 00000 | Accumulator: 0 | ALU_Result: 0 | Instr: bb | Data_Mem: 00 | Wr_En: 0 | Mux_Sel: 1 | PC_En: 0 | SKZ: 0 | JMP: 0 | state: 0010 | ld_ac: 0 | alu_enable: 0
State IDLE: 0010
Time: 355000 | PC_out: 06 | Opcode: 101 | Operand: 11011 | Accumulator: 0 | ALU_Result: 0 | Instr: bb | Data_Mem: 00 | Wr_En: 0 | Mux_Sel: 1 | PC_En: 0 | SKZ: 0 | JMP: 0 | state: 0011 | ld_ac: 0 | alu_enable: 0
State OP_ADDR: 0011
Time: 365000 | PC_out: 06 | Opcode: 101 | Operand: 11011 | Accumulator: 0 | ALU_Result: 0 | Instr: bb | Data_Mem: 00 | Wr_En: 0 | Mux_Sel: 0 | PC_En: 0 | SKZ: 0 | JMP: 0 | state: 0100 | ld_ac: 0 | alu_enable: 0
State OP_FETCH: 0100
Time: 375000 | PC_out: 06 | Opcode: 101 | Operand: 11011 | Accumulator: 0 | ALU_Result: 0 | Instr: bb | Data_Mem: 00 | Wr_En: 0 | Mux_Sel: 0 | PC_En: 0 | SKZ: 0 | JMP: 0 | state: 0101 | ld_ac: 0 | alu_enable: 1
State ALU_OP: 0101
Time: 385000 | PC_out: 06 | Opcode: 101 | Operand: 11011 | Accumulator: 0 | ALU_Result: 0 | Instr: bb | Data_Mem: ff | Wr_En: 0 | Mux_Sel: 0 | PC_En: 0 | SKZ: 0 | JMP: 0 | state: 0110 | ld_ac: 1 | alu_enable: 1
State STORE: 0110
Time: 395000 | PC_out: 06 | Opcode: 101 | Operand: 11011 | Accumulator: 0 | ALU_Result: 255 | Instr: bb | Data_Mem: ff | Wr_En: 0 | Mux_Sel: 1 | PC_En: 0 | SKZ: 0 | JMP: 0 | state: 0111 | ld_ac: 1 | alu_enable: 0
State INST_ADDR: 0111
Time: 405000 | PC_out: 06 | Opcode: 101 | Operand: 11011 | Accumulator: 11111111 | ALU_Result: 255 | Instr: bb | Data_Mem: ff | Wr_En: 0 | Mux_Sel: 1 | PC_En: 1 | SKZ: 0 | JMP: 0 | state: 0000 | ld_ac: 0 | alu_enable: 0
State INST_FETCH: 0000
Time: 415000 | PC_out: 07 | Opcode: 101 | Operand: 11011 | Accumulator: 11111111 | ALU_Result: 255 | Instr: bb | Data_Mem: ff | Wr_En: 0 | Mux_Sel: 1 | PC_En: 0 | SKZ: 0 | JMP: 0 | state: 0001 | ld_ac: 0 | alu_enable: 0
State INST_LOAD: 0001
Time: 425000 | PC_out: 07 | Opcode: 101 | Operand: 11011 | Accumulator: 11111111 | ALU_Result: 255 | Instr: bb | Data_Mem: ff | Wr_En: 0 | Mux_Sel: 1 | PC_En: 0 | SKZ: 0 | JMP: 0 | state: 0010 | ld_ac: 0 | alu_enable: 0
State IDLE: 0010
Time: 435000 | PC_out: 07 | Opcode: 101 | Operand: 11011 | Accumulator: 11111111 | ALU_Result: 255 | Instr: 20 | Data_Mem: ff | Wr_En: 0 | Mux_Sel: 1 | PC_En: 0 | SKZ: 0 | JMP: 0 | state: 0011 | ld_ac: 0 | alu_enable: 0
State OP_ADDR: 0011
Time: 445000 | PC_out: 07 | Opcode: 001 | Operand: 00000 | Accumulator: 11111111 | ALU_Result: 255 | Instr: 20 | Data_Mem: ff | Wr_En: 0 | Mux_Sel: 0 | PC_En: 0 | SKZ: 0 | JMP: 0 | state: 0100 | ld_ac: 0 | alu_enable: 0
State OP_FETCH: 0100
Time: 455000 | PC_out: 07 | Opcode: 001 | Operand: 00000 | Accumulator: 11111111 | ALU_Result: 255 | Instr: 20 | Data_Mem: ff | Wr_En: 0 | Mux_Sel: 0 | PC_En: 0 | SKZ: 1 | JMP: 0 | state: 0101 | ld_ac: 0 | alu_enable: 0
State ALU_OP: 0101
Time: 465000 | PC_out: 07 | Opcode: 001 | Operand: 00000 | Accumulator: 11111111 | ALU_Result: 255 | Instr: 20 | Data_Mem: 00 | Wr_En: 0 | Mux_Sel: 0 | PC_En: 0 | SKZ: 1 | JMP: 0 | state: 0110 | ld_ac: 0 | alu_enable: 0
State STORE: 0110
Time: 475000 | PC_out: 07 | Opcode: 001 | Operand: 00000 | Accumulator: 11111111 | ALU_Result: 255 | Instr: 20 | Data_Mem: 00 | Wr_En: 0 | Mux_Sel: 1 | PC_En: 1 | SKZ: 1 | JMP: 0 | state: 0111 | ld_ac: 0 | alu_enable: 0
State INST_ADDR: 0111
Time: 485000 | PC_out: 08 | Opcode: 001 | Operand: 00000 | Accumulator: 11111111 | ALU_Result: 255 | Instr: 20 | Data_Mem: 00 | Wr_En: 0 | Mux_Sel: 1 | PC_En: 0 | SKZ: 0 | JMP: 0 | state: 0000 | ld_ac: 0 | alu_enable: 0
State INST_FETCH: 0000
Time: 495000 | PC_out: 08 | Opcode: 001 | Operand: 00000 | Accumulator: 11111111 | ALU_Result: 255 | Instr: 20 | Data_Mem: 00 | Wr_En: 0 | Mux_Sel: 1 | PC_En: 0 | SKZ: 0 | JMP: 0 | state: 0001 | ld_ac: 0 | alu_enable: 0
State INST_LOAD: 0001
Time: 505000 | PC_out: 08 | Opcode: 001 | Operand: 00000 | Accumulator: 11111111 | ALU_Result: 255 | Instr: ea | Data_Mem: 00 | Wr_En: 0 | Mux_Sel: 1 | PC_En: 0 | SKZ: 0 | JMP: 0 | state: 0010 | ld_ac: 0 | alu_enable: 0
State IDLE: 0010
Time: 515000 | PC_out: 08 | Opcode: 111 | Operand: 01010 | Accumulator: 11111111 | ALU_Result: 255 | Instr: ea | Data_Mem: 00 | Wr_En: 0 | Mux_Sel: 1 | PC_En: 0 | SKZ: 0 | JMP: 0 | state: 0011 | ld_ac: 0 | alu_enable: 0
State OP_ADDR: 0011
Time: 525000 | PC_out: 08 | Opcode: 111 | Operand: 01010 | Accumulator: 11111111 | ALU_Result: 255 | Instr: ea | Data_Mem: 00 | Wr_En: 0 | Mux_Sel: 0 | PC_En: 0 | SKZ: 0 | JMP: 0 | state: 0100 | ld_ac: 0 | alu_enable: 0
State OP_FETCH: 0100
Time: 535000 | PC_out: 08 | Opcode: 111 | Operand: 01010 | Accumulator: 11111111 | ALU_Result: 255 | Instr: ea | Data_Mem: 00 | Wr_En: 0 | Mux_Sel: 0 | PC_En: 0 | SKZ: 0 | JMP: 1 | state: 0101 | ld_ac: 0 | alu_enable: 0
State ALU_OP: 0101
Time: 545000 | PC_out: 08 | Opcode: 111 | Operand: 01010 | Accumulator: 11111111 | ALU_Result: 255 | Instr: ea | Data_Mem: 00 | Wr_En: 0 | Mux_Sel: 0 | PC_En: 0 | SKZ: 0 | JMP: 1 | state: 0110 | ld_ac: 0 | alu_enable: 0
State STORE: 0110
Time: 555000 | PC_out: 08 | Opcode: 111 | Operand: 01010 | Accumulator: 11111111 | ALU_Result: 255 | Instr: ea | Data_Mem: 00 | Wr_En: 0 | Mux_Sel: 1 | PC_En: 1 | SKZ: 0 | JMP: 1 | state: 0111 | ld_ac: 0 | alu_enable: 0
State INST_ADDR: 0111
Time: 565000 | PC_out: 0a | Opcode: 111 | Operand: 01010 | Accumulator: 11111111 | ALU_Result: 255 | Instr: ea | Data_Mem: 00 | Wr_En: 0 | Mux_Sel: 1 | PC_En: 0 | SKZ: 0 | JMP: 0 | state: 0000 | ld_ac: 0 | alu_enable: 0
State INST_FETCH: 0000
Time: 575000 | PC_out: 0a | Opcode: 111 | Operand: 01010 | Accumulator: 11111111 | ALU_Result: 255 | Instr: ea | Data_Mem: 00 | Wr_En: 0 | Mux_Sel: 1 | PC_En: 0 | SKZ: 0 | JMP: 0 | state: 0001 | ld_ac: 0 | alu_enable: 0
State INST_LOAD: 0001
Time: 585000 | PC_out: 0a | Opcode: 111 | Operand: 01010 | Accumulator: 11111111 | ALU_Result: 255 | Instr: dc | Data_Mem: 00 | Wr_En: 0 | Mux_Sel: 1 | PC_En: 0 | SKZ: 0 | JMP: 0 | state: 0010 | ld_ac: 0 | alu_enable: 0
State IDLE: 0010
Time: 595000 | PC_out: 0a | Opcode: 110 | Operand: 11100 | Accumulator: 11111111 | ALU_Result: 255 | Instr: dc | Data_Mem: 00 | Wr_En: 0 | Mux_Sel: 1 | PC_En: 0 | SKZ: 0 | JMP: 0 | state: 0011 | ld_ac: 0 | alu_enable: 0
State OP_ADDR: 0011
Time: 605000 | PC_out: 0a | Opcode: 110 | Operand: 11100 | Accumulator: 11111111 | ALU_Result: 255 | Instr: dc | Data_Mem: 00 | Wr_En: 0 | Mux_Sel: 0 | PC_En: 0 | SKZ: 0 | JMP: 0 | state: 0100 | ld_ac: 0 | alu_enable: 0
State OP_FETCH: 0100
Time: 615000 | PC_out: 0a | Opcode: 110 | Operand: 11100 | Accumulator: 11111111 | ALU_Result: 255 | Instr: dc | Data_Mem: 00 | Wr_En: 0 | Mux_Sel: 0 | PC_En: 0 | SKZ: 0 | JMP: 0 | state: 0101 | ld_ac: 0 | alu_enable: 0
State ALU_OP: 0101
Time: 625000 | PC_out: 0a | Opcode: 110 | Operand: 11100 | Accumulator: 11111111 | ALU_Result: 255 | Instr: dc | Data_Mem: aa | Wr_En: 0 | Mux_Sel: 0 | PC_En: 0 | SKZ: 0 | JMP: 0 | state: 0110 | ld_ac: 0 | alu_enable: 0
State STORE: 0110
Time: 635000 | PC_out: 0a | Opcode: 110 | Operand: 11100 | Accumulator: 11111111 | ALU_Result: 255 | Instr: dc | Data_Mem: ff | Wr_En: 1 | Mux_Sel: 1 | PC_En: 0 | SKZ: 0 | JMP: 0 | state: 0111 | ld_ac: 0 | alu_enable: 0
State INST_ADDR: 0111
Time: 645000 | PC_out: 0a | Opcode: 110 | Operand: 11100 | Accumulator: 11111111 | ALU_Result: 255 | Instr: dc | Data_Mem: aa | Wr_En: 0 | Mux_Sel: 1 | PC_En: 1 | SKZ: 0 | JMP: 0 | state: 0000 | ld_ac: 0 | alu_enable: 0
State INST_FETCH: 0000
Time: 655000 | PC_out: 0b | Opcode: 110 | Operand: 11100 | Accumulator: 11111111 | ALU_Result: 255 | Instr: dc | Data_Mem: ff | Wr_En: 0 | Mux_Sel: 1 | PC_En: 0 | SKZ: 0 | JMP: 0 | state: 0001 | ld_ac: 0 | alu_enable: 0
State INST_LOAD: 0001
Time: 665000 | PC_out: 0b | Opcode: 110 | Operand: 11100 | Accumulator: 11111111 | ALU_Result: 255 | Instr: dc | Data_Mem: ff | Wr_En: 0 | Mux_Sel: 1 | PC_En: 0 | SKZ: 0 | JMP: 0 | state: 0010 | ld_ac: 0 | alu_enable: 0
State IDLE: 0010
Time: 675000 | PC_out: 0b | Opcode: 110 | Operand: 11100 | Accumulator: 11111111 | ALU_Result: 255 | Instr: ba | Data_Mem: ff | Wr_En: 0 | Mux_Sel: 1 | PC_En: 0 | SKZ: 0 | JMP: 0 | state: 0011 | ld_ac: 0 | alu_enable: 0
State OP_ADDR: 0011
Time: 685000 | PC_out: 0b | Opcode: 101 | Operand: 11010 | Accumulator: 11111111 | ALU_Result: 255 | Instr: ba | Data_Mem: ff | Wr_En: 0 | Mux_Sel: 0 | PC_En: 0 | SKZ: 0 | JMP: 0 | state: 0100 | ld_ac: 0 | alu_enable: 0
State OP_FETCH: 0100
Time: 695000 | PC_out: 0b | Opcode: 101 | Operand: 11010 | Accumulator: 11111111 | ALU_Result: 255 | Instr: ba | Data_Mem: ff | Wr_En: 0 | Mux_Sel: 0 | PC_En: 0 | SKZ: 0 | JMP: 0 | state: 0101 | ld_ac: 0 | alu_enable: 1
State ALU_OP: 0101
Time: 705000 | PC_out: 0b | Opcode: 101 | Operand: 11010 | Accumulator: 11111111 | ALU_Result: 255 | Instr: ba | Data_Mem: 00 | Wr_En: 0 | Mux_Sel: 0 | PC_En: 0 | SKZ: 0 | JMP: 0 | state: 0110 | ld_ac: 1 | alu_enable: 1
State STORE: 0110
Time: 715000 | PC_out: 0b | Opcode: 101 | Operand: 11010 | Accumulator: 11111111 | ALU_Result: 0 | Instr: ba | Data_Mem: 00 | Wr_En: 0 | Mux_Sel: 1 | PC_En: 0 | SKZ: 0 | JMP: 0 | state: 0111 | ld_ac: 1 | alu_enable: 0
State INST_ADDR: 0111
Time: 725000 | PC_out: 0b | Opcode: 101 | Operand: 11010 | Accumulator: 0 | ALU_Result: 0 | Instr: ba | Data_Mem: 00 | Wr_En: 0 | Mux_Sel: 1 | PC_En: 1 | SKZ: 0 | JMP: 0 | state: 0000 | ld_ac: 0 | alu_enable: 0
State INST_FETCH: 0000
Time: 735000 | PC_out: 0c | Opcode: 101 | Operand: 11010 | Accumulator: 0 | ALU_Result: 0 | Instr: ba | Data_Mem: 00 | Wr_En: 0 | Mux_Sel: 1 | PC_En: 0 | SKZ: 0 | JMP: 0 | state: 0001 | ld_ac: 0 | alu_enable: 0
State INST_LOAD: 0001
Time: 745000 | PC_out: 0c | Opcode: 101 | Operand: 11010 | Accumulator: 0 | ALU_Result: 0 | Instr: ba | Data_Mem: 00 | Wr_En: 0 | Mux_Sel: 1 | PC_En: 0 | SKZ: 0 | JMP: 0 | state: 0010 | ld_ac: 0 | alu_enable: 0
State IDLE: 0010
Time: 755000 | PC_out: 0c | Opcode: 101 | Operand: 11010 | Accumulator: 0 | ALU_Result: 0 | Instr: dc | Data_Mem: 00 | Wr_En: 0 | Mux_Sel: 1 | PC_En: 0 | SKZ: 0 | JMP: 0 | state: 0011 | ld_ac: 0 | alu_enable: 0
State OP_ADDR: 0011
Time: 765000 | PC_out: 0c | Opcode: 110 | Operand: 11100 | Accumulator: 0 | ALU_Result: 0 | Instr: dc | Data_Mem: 00 | Wr_En: 0 | Mux_Sel: 0 | PC_En: 0 | SKZ: 0 | JMP: 0 | state: 0100 | ld_ac: 0 | alu_enable: 0
State OP_FETCH: 0100
Time: 775000 | PC_out: 0c | Opcode: 110 | Operand: 11100 | Accumulator: 0 | ALU_Result: 0 | Instr: dc | Data_Mem: 00 | Wr_En: 0 | Mux_Sel: 0 | PC_En: 0 | SKZ: 0 | JMP: 0 | state: 0101 | ld_ac: 0 | alu_enable: 0
State ALU_OP: 0101
Time: 785000 | PC_out: 0c | Opcode: 110 | Operand: 11100 | Accumulator: 0 | ALU_Result: 0 | Instr: dc | Data_Mem: ff | Wr_En: 0 | Mux_Sel: 0 | PC_En: 0 | SKZ: 0 | JMP: 0 | state: 0110 | ld_ac: 0 | alu_enable: 0
State STORE: 0110
Time: 795000 | PC_out: 0c | Opcode: 110 | Operand: 11100 | Accumulator: 0 | ALU_Result: 0 | Instr: dc | Data_Mem: 00 | Wr_En: 1 | Mux_Sel: 1 | PC_En: 0 | SKZ: 0 | JMP: 0 | state: 0111 | ld_ac: 0 | alu_enable: 0
State INST_ADDR: 0111
Time: 805000 | PC_out: 0c | Opcode: 110 | Operand: 11100 | Accumulator: 0 | ALU_Result: 0 | Instr: dc | Data_Mem: ff | Wr_En: 0 | Mux_Sel: 1 | PC_En: 1 | SKZ: 0 | JMP: 0 | state: 0000 | ld_ac: 0 | alu_enable: 0
State INST_FETCH: 0000
Time: 815000 | PC_out: 0d | Opcode: 110 | Operand: 11100 | Accumulator: 0 | ALU_Result: 0 | Instr: dc | Data_Mem: 00 | Wr_En: 0 | Mux_Sel: 1 | PC_En: 0 | SKZ: 0 | JMP: 0 | state: 0001 | ld_ac: 0 | alu_enable: 0
State INST_LOAD: 0001
Time: 825000 | PC_out: 0d | Opcode: 110 | Operand: 11100 | Accumulator: 0 | ALU_Result: 0 | Instr: dc | Data_Mem: 00 | Wr_En: 0 | Mux_Sel: 1 | PC_En: 0 | SKZ: 0 | JMP: 0 | state: 0010 | ld_ac: 0 | alu_enable: 0
State IDLE: 0010
Time: 835000 | PC_out: 0d | Opcode: 110 | Operand: 11100 | Accumulator: 0 | ALU_Result: 0 | Instr: bc | Data_Mem: 00 | Wr_En: 0 | Mux_Sel: 1 | PC_En: 0 | SKZ: 0 | JMP: 0 | state: 0011 | ld_ac: 0 | alu_enable: 0
State OP_ADDR: 0011
Time: 845000 | PC_out: 0d | Opcode: 101 | Operand: 11100 | Accumulator: 0 | ALU_Result: 0 | Instr: bc | Data_Mem: 00 | Wr_En: 0 | Mux_Sel: 0 | PC_En: 0 | SKZ: 0 | JMP: 0 | state: 0100 | ld_ac: 0 | alu_enable: 0
State OP_FETCH: 0100
Time: 855000 | PC_out: 0d | Opcode: 101 | Operand: 11100 | Accumulator: 0 | ALU_Result: 0 | Instr: bc | Data_Mem: 00 | Wr_En: 0 | Mux_Sel: 0 | PC_En: 0 | SKZ: 0 | JMP: 0 | state: 0101 | ld_ac: 0 | alu_enable: 1
State ALU_OP: 0101
Time: 865000 | PC_out: 0d | Opcode: 101 | Operand: 11100 | Accumulator: 0 | ALU_Result: 0 | Instr: bc | Data_Mem: 00 | Wr_En: 0 | Mux_Sel: 0 | PC_En: 0 | SKZ: 0 | JMP: 0 | state: 0110 | ld_ac: 1 | alu_enable: 1
State STORE: 0110
Time: 875000 | PC_out: 0d | Opcode: 101 | Operand: 11100 | Accumulator: 0 | ALU_Result: 0 | Instr: bc | Data_Mem: 00 | Wr_En: 0 | Mux_Sel: 1 | PC_En: 0 | SKZ: 0 | JMP: 0 | state: 0111 | ld_ac: 1 | alu_enable: 0
State INST_ADDR: 0111
Time: 885000 | PC_out: 0d | Opcode: 101 | Operand: 11100 | Accumulator: 0 | ALU_Result: 0 | Instr: bc | Data_Mem: 00 | Wr_En: 0 | Mux_Sel: 1 | PC_En: 1 | SKZ: 0 | JMP: 0 | state: 0000 | ld_ac: 0 | alu_enable: 0
State INST_FETCH: 0000
Time: 895000 | PC_out: 0e | Opcode: 101 | Operand: 11100 | Accumulator: 0 | ALU_Result: 0 | Instr: bc | Data_Mem: 00 | Wr_En: 0 | Mux_Sel: 1 | PC_En: 0 | SKZ: 0 | JMP: 0 | state: 0001 | ld_ac: 0 | alu_enable: 0
State INST_LOAD: 0001
Time: 905000 | PC_out: 0e | Opcode: 101 | Operand: 11100 | Accumulator: 0 | ALU_Result: 0 | Instr: bc | Data_Mem: 00 | Wr_En: 0 | Mux_Sel: 1 | PC_En: 0 | SKZ: 0 | JMP: 0 | state: 0010 | ld_ac: 0 | alu_enable: 0
State IDLE: 0010
Time: 915000 | PC_out: 0e | Opcode: 101 | Operand: 11100 | Accumulator: 0 | ALU_Result: 0 | Instr: 20 | Data_Mem: 00 | Wr_En: 0 | Mux_Sel: 1 | PC_En: 0 | SKZ: 0 | JMP: 0 | state: 0011 | ld_ac: 0 | alu_enable: 0
State OP_ADDR: 0011
Time: 925000 | PC_out: 0e | Opcode: 001 | Operand: 00000 | Accumulator: 0 | ALU_Result: 0 | Instr: 20 | Data_Mem: 00 | Wr_En: 0 | Mux_Sel: 0 | PC_En: 0 | SKZ: 0 | JMP: 0 | state: 0100 | ld_ac: 0 | alu_enable: 0
State OP_FETCH: 0100
Time: 935000 | PC_out: 0e | Opcode: 001 | Operand: 00000 | Accumulator: 0 | ALU_Result: 0 | Instr: 20 | Data_Mem: 00 | Wr_En: 0 | Mux_Sel: 0 | PC_En: 0 | SKZ: 1 | JMP: 0 | state: 0101 | ld_ac: 0 | alu_enable: 0
State ALU_OP: 0101
Time: 945000 | PC_out: 0e | Opcode: 001 | Operand: 00000 | Accumulator: 0 | ALU_Result: 0 | Instr: 20 | Data_Mem: 00 | Wr_En: 0 | Mux_Sel: 0 | PC_En: 0 | SKZ: 1 | JMP: 0 | state: 0110 | ld_ac: 0 | alu_enable: 0
State STORE: 0110
Time: 955000 | PC_out: 0e | Opcode: 001 | Operand: 00000 | Accumulator: 0 | ALU_Result: 0 | Instr: 20 | Data_Mem: 00 | Wr_En: 0 | Mux_Sel: 1 | PC_En: 1 | SKZ: 1 | JMP: 0 | state: 0111 | ld_ac: 0 | alu_enable: 0
State INST_ADDR: 0111
Time: 965000 | PC_out: 10 | Opcode: 001 | Operand: 00000 | Accumulator: 0 | ALU_Result: 0 | Instr: 20 | Data_Mem: 00 | Wr_En: 0 | Mux_Sel: 1 | PC_En: 0 | SKZ: 0 | JMP: 0 | state: 0000 | ld_ac: 0 | alu_enable: 0
State INST_FETCH: 0000
Time: 975000 | PC_out: 10 | Opcode: 001 | Operand: 00000 | Accumulator: 0 | ALU_Result: 0 | Instr: 20 | Data_Mem: 00 | Wr_En: 0 | Mux_Sel: 1 | PC_En: 0 | SKZ: 0 | JMP: 0 | state: 0001 | ld_ac: 0 | alu_enable: 0
State INST_LOAD: 0001
Time: 985000 | PC_out: 10 | Opcode: 001 | Operand: 00000 | Accumulator: 0 | ALU_Result: 0 | Instr: 9b | Data_Mem: 00 | Wr_En: 0 | Mux_Sel: 1 | PC_En: 0 | SKZ: 0 | JMP: 0 | state: 0010 | ld_ac: 0 | alu_enable: 0
State IDLE: 0010
Time: 995000 | PC_out: 10 | Opcode: 100 | Operand: 11011 | Accumulator: 0 | ALU_Result: 0 | Instr: 9b | Data_Mem: 00 | Wr_En: 0 | Mux_Sel: 1 | PC_En: 0 | SKZ: 0 | JMP: 0 | state: 0011 | ld_ac: 0 | alu_enable: 0
INFO: [USF-XSim-96] XSim completed. Design snapshot 'RISC_CPU_tb_behav' loaded.
INFO: [USF-XSim-97] XSim simulation ran for 1000ns
launch_simulation: Time (s): cpu = 00:00:02 ; elapsed = 00:00:05 . Memory (MB): peak = 2872.879 ; gain = 37.297
close_sim
INFO: [Simtcl 6-16] Simulation closed
launch_simulation
Command: launch_simulation 
INFO: [Vivado 12-12493] Simulation top is 'RISC_CPU_tb'
WARNING: [Vivado 12-13340] Unable to auto find GCC executables from simulator install path! (path not set)
INFO: [Vivado 12-5682] Launching behavioral simulation in 'D:/Minh_Hung/L05_Group_2_BTL_TKVM/L05_Group_2_BTL_TKVM.sim/sim_1/behav/xsim'
INFO: [SIM-utils-51] Simulation object is 'sim_1'
INFO: [SIM-utils-72] Using boost library from 'D:/Vivado/2024.1/tps/boost_1_72_0'
INFO: [SIM-utils-54] Inspecting design source files for 'RISC_CPU_tb' in fileset 'sim_1'...
INFO: [SIM-utils-43] Exported 'D:/Minh_Hung/L05_Group_2_BTL_TKVM/L05_Group_2_BTL_TKVM.sim/sim_1/behav/xsim/data_init.mem'
INFO: [SIM-utils-43] Exported 'D:/Minh_Hung/L05_Group_2_BTL_TKVM/L05_Group_2_BTL_TKVM.sim/sim_1/behav/xsim/instruction_file.mem'
INFO: [USF-XSim-97] Finding global include files...
INFO: [USF-XSim-98] Fetching design files from 'sim_1'...
INFO: [USF-XSim-2] XSim::Compile design
INFO: [USF-XSim-61] Executing 'COMPILE and ANALYZE' step in 'D:/Minh_Hung/L05_Group_2_BTL_TKVM/L05_Group_2_BTL_TKVM.sim/sim_1/behav/xsim'
"xvlog --incr --relax -prj RISC_CPU_tb_vlog.prj"
INFO: [VRFC 10-2263] Analyzing Verilog file "D:/Minh_Hung/L05_Group_2_BTL_TKVM/L05_Group_2_BTL_TKVM.srcs/sources_1/new/ALU.v" into library xil_defaultlib
INFO: [VRFC 10-311] analyzing module ALU
INFO: [VRFC 10-2263] Analyzing Verilog file "D:/Minh_Hung/L05_Group_2_BTL_TKVM/L05_Group_2_BTL_TKVM.srcs/sources_1/new/Accumulator.v" into library xil_defaultlib
INFO: [VRFC 10-311] analyzing module Accumulator
INFO: [VRFC 10-2263] Analyzing Verilog file "D:/Minh_Hung/L05_Group_2_BTL_TKVM/L05_Group_2_BTL_TKVM.srcs/sources_1/new/Controller.v" into library xil_defaultlib
INFO: [VRFC 10-311] analyzing module Controller
WARNING: [VRFC 10-9336] redeclaration of ANSI port 'state' is not allowed [D:/Minh_Hung/L05_Group_2_BTL_TKVM/L05_Group_2_BTL_TKVM.srcs/sources_1/new/Controller.v:20]
INFO: [VRFC 10-2263] Analyzing Verilog file "D:/Minh_Hung/L05_Group_2_BTL_TKVM/L05_Group_2_BTL_TKVM.srcs/sources_1/new/DataMemory.v" into library xil_defaultlib
INFO: [VRFC 10-311] analyzing module dataMemory
INFO: [VRFC 10-2263] Analyzing Verilog file "D:/Minh_Hung/L05_Group_2_BTL_TKVM/L05_Group_2_BTL_TKVM.srcs/sources_1/new/Instruction_Memory.v" into library xil_defaultlib
INFO: [VRFC 10-311] analyzing module instructionMemory
INFO: [VRFC 10-2263] Analyzing Verilog file "D:/Minh_Hung/L05_Group_2_BTL_TKVM/L05_Group_2_BTL_TKVM.srcs/sources_1/new/Instruction_register.v" into library xil_defaultlib
INFO: [VRFC 10-311] analyzing module Instruction_Register
INFO: [VRFC 10-2263] Analyzing Verilog file "D:/Minh_Hung/L05_Group_2_BTL_TKVM/L05_Group_2_BTL_TKVM.srcs/sources_1/new/Program_counter.v" into library xil_defaultlib
INFO: [VRFC 10-311] analyzing module Program_counter
INFO: [VRFC 10-2263] Analyzing Verilog file "D:/Minh_Hung/L05_Group_2_BTL_TKVM/L05_Group_2_BTL_TKVM.srcs/sources_1/new/RISC_CPU.v" into library xil_defaultlib
INFO: [VRFC 10-311] analyzing module RISC_CPU
INFO: [VRFC 10-2263] Analyzing Verilog file "D:/Minh_Hung/L05_Group_2_BTL_TKVM/L05_Group_2_BTL_TKVM.srcs/sources_1/new/addr_mux.v" into library xil_defaultlib
INFO: [VRFC 10-311] analyzing module addr_mux
INFO: [VRFC 10-2263] Analyzing Verilog file "D:/Minh_Hung/L05_Group_2_BTL_TKVM/L05_Group_2_BTL_TKVM.srcs/sim_1/new/RISC_CPU_tb.v" into library xil_defaultlib
INFO: [VRFC 10-311] analyzing module RISC_CPU_tb
INFO: [USF-XSim-69] 'compile' step finished in '2' seconds
INFO: [USF-XSim-3] XSim::Elaborate design
INFO: [USF-XSim-61] Executing 'ELABORATE' step in 'D:/Minh_Hung/L05_Group_2_BTL_TKVM/L05_Group_2_BTL_TKVM.sim/sim_1/behav/xsim'
"xelab --incr --debug typical --relax --mt 2 -L xil_defaultlib -L unisims_ver -L unimacro_ver -L secureip --snapshot RISC_CPU_tb_behav xil_defaultlib.RISC_CPU_tb xil_defaultlib.glbl -log elaborate.log"
Vivado Simulator v2024.1
Copyright 1986-2022 Xilinx, Inc. All Rights Reserved.
Copyright 2022-2024 Advanced Micro Devices, Inc. All Rights Reserved.
Running: D:/Vivado/2024.1/bin/unwrapped/win64.o/xelab.exe --incr --debug typical --relax --mt 2 -L xil_defaultlib -L unisims_ver -L unimacro_ver -L secureip --snapshot RISC_CPU_tb_behav xil_defaultlib.RISC_CPU_tb xil_defaultlib.glbl -log elaborate.log 
Using 2 slave threads.
Starting static elaboration
Pass Through NonSizing Optimizer
Completed static elaboration
Starting simulation data flow analysis
WARNING: [XSIM 43-4099] "D:/Minh_Hung/L05_Group_2_BTL_TKVM/L05_Group_2_BTL_TKVM.srcs/sources_1/new/ALU.v" Line 1. Module ALU doesn't have a timescale but at least one module in design has a timescale.
WARNING: [XSIM 43-4099] "D:/Minh_Hung/L05_Group_2_BTL_TKVM/L05_Group_2_BTL_TKVM.srcs/sources_1/new/ALU.v" Line 1. Module ALU doesn't have a timescale but at least one module in design has a timescale.
Completed simulation data flow analysis
Time Resolution for simulation is 1ps
Compiling module xil_defaultlib.Controller
Compiling module xil_defaultlib.Program_counter
Compiling module xil_defaultlib.addr_mux
Compiling module xil_defaultlib.instructionMemory
Compiling module xil_defaultlib.Instruction_Register
Compiling module xil_defaultlib.dataMemory
Compiling module xil_defaultlib.ALU
Compiling module xil_defaultlib.Accumulator
Compiling module xil_defaultlib.RISC_CPU
Compiling module xil_defaultlib.RISC_CPU_tb
Compiling module xil_defaultlib.glbl
Built simulation snapshot RISC_CPU_tb_behav
INFO: [USF-XSim-69] 'elaborate' step finished in '2' seconds
INFO: [USF-XSim-4] XSim::Simulate design
INFO: [USF-XSim-61] Executing 'SIMULATE' step in 'D:/Minh_Hung/L05_Group_2_BTL_TKVM/L05_Group_2_BTL_TKVM.sim/sim_1/behav/xsim'
INFO: [USF-XSim-98] *** Running xsim
   with args "RISC_CPU_tb_behav -key {Behavioral:sim_1:Functional:RISC_CPU_tb} -tclbatch {RISC_CPU_tb.tcl} -log {simulate.log}"
INFO: [USF-XSim-8] Loading simulator feature
Time resolution is 1 ps
source RISC_CPU_tb.tcl
# set curr_wave [current_wave_config]
# if { [string length $curr_wave] == 0 } {
#   if { [llength [get_objects]] > 0} {
#     add_wave /
#     set_property needs_save false [current_wave_config]
#   } else {
#      send_msg_id Add_Wave-1 WARNING "No top level signals found. Simulator will start without a wave window. If you want to open a wave window go to 'File->New Waveform Configuration' or type 'create_wave_config' in the TCL console."
#   }
# }
# run 1000ns
Time: 0 | PC_out: 00 | Opcode: zzz | Operand: zzzzz | Accumulator: 0 | ALU_Result: x | Instr: xx | Data_Mem: xx | Wr_En: 0 | Mux_Sel: 1 | PC_En: 0 | SKZ: 0 | JMP: 0 | state: 0000 | ld_ac: 0 | alu_enable: 0
State INST_FETCH: 0000
Time: 3000 | PC_out: 00 | Opcode: zzz | Operand: zzzzz | Accumulator: 0 | ALU_Result: x | Instr: xx | Data_Mem: xx | Wr_En: 0 | Mux_Sel: 1 | PC_En: 0 | SKZ: 0 | JMP: 0 | state: 0001 | ld_ac: 0 | alu_enable: 0
State INST_LOAD: 0001
Time: 5000 | PC_out: 00 | Opcode: zzz | Operand: zzzzz | Accumulator: 0 | ALU_Result: x | Instr: fe | Data_Mem: xx | Wr_En: 0 | Mux_Sel: 1 | PC_En: 0 | SKZ: 0 | JMP: 0 | state: 0010 | ld_ac: 0 | alu_enable: 0
State IDLE: 0010
Time: 7000 | PC_out: 00 | Opcode: 111 | Operand: 11110 | Accumulator: 0 | ALU_Result: x | Instr: fe | Data_Mem: xx | Wr_En: 0 | Mux_Sel: 1 | PC_En: 0 | SKZ: 0 | JMP: 0 | state: 0011 | ld_ac: 0 | alu_enable: 0
State OP_ADDR: 0011
Time: 9000 | PC_out: 00 | Opcode: 111 | Operand: 11110 | Accumulator: 0 | ALU_Result: x | Instr: fe | Data_Mem: xx | Wr_En: 0 | Mux_Sel: 0 | PC_En: 0 | SKZ: 0 | JMP: 0 | state: 0100 | ld_ac: 0 | alu_enable: 0
State OP_FETCH: 0100
Time: 11000 | PC_out: 00 | Opcode: 111 | Operand: 11110 | Accumulator: 0 | ALU_Result: x | Instr: fe | Data_Mem: xx | Wr_En: 0 | Mux_Sel: 0 | PC_En: 0 | SKZ: 0 | JMP: 1 | state: 0101 | ld_ac: 0 | alu_enable: 0
State ALU_OP: 0101
Time: 13000 | PC_out: 00 | Opcode: 111 | Operand: 11110 | Accumulator: 0 | ALU_Result: x | Instr: fe | Data_Mem: xx | Wr_En: 0 | Mux_Sel: 0 | PC_En: 0 | SKZ: 0 | JMP: 1 | state: 0110 | ld_ac: 0 | alu_enable: 0
State STORE: 0110
Time: 15000 | PC_out: 00 | Opcode: 111 | Operand: 11110 | Accumulator: 0 | ALU_Result: x | Instr: fe | Data_Mem: xx | Wr_En: 0 | Mux_Sel: 1 | PC_En: 1 | SKZ: 0 | JMP: 1 | state: 0111 | ld_ac: 0 | alu_enable: 0
State INST_ADDR: 0111
Time: 17000 | PC_out: 1e | Opcode: 111 | Operand: 11110 | Accumulator: 0 | ALU_Result: x | Instr: fe | Data_Mem: xx | Wr_En: 0 | Mux_Sel: 1 | PC_En: 0 | SKZ: 0 | JMP: 0 | state: 0000 | ld_ac: 0 | alu_enable: 0
State INST_FETCH: 0000
Time: 19000 | PC_out: 1e | Opcode: 111 | Operand: 11110 | Accumulator: 0 | ALU_Result: x | Instr: fe | Data_Mem: xx | Wr_En: 0 | Mux_Sel: 1 | PC_En: 0 | SKZ: 0 | JMP: 0 | state: 0001 | ld_ac: 0 | alu_enable: 0
State INST_LOAD: 0001
Time: 21000 | PC_out: 1e | Opcode: 111 | Operand: 11110 | Accumulator: 0 | ALU_Result: x | Instr: e3 | Data_Mem: xx | Wr_En: 0 | Mux_Sel: 1 | PC_En: 0 | SKZ: 0 | JMP: 0 | state: 0010 | ld_ac: 0 | alu_enable: 0
State IDLE: 0010
Time: 23000 | PC_out: 1e | Opcode: 111 | Operand: 00011 | Accumulator: 0 | ALU_Result: x | Instr: e3 | Data_Mem: xx | Wr_En: 0 | Mux_Sel: 1 | PC_En: 0 | SKZ: 0 | JMP: 0 | state: 0011 | ld_ac: 0 | alu_enable: 0
State OP_ADDR: 0011
Time: 25000 | PC_out: 1e | Opcode: 111 | Operand: 00011 | Accumulator: 0 | ALU_Result: x | Instr: e3 | Data_Mem: xx | Wr_En: 0 | Mux_Sel: 0 | PC_En: 0 | SKZ: 0 | JMP: 0 | state: 0100 | ld_ac: 0 | alu_enable: 0
State OP_FETCH: 0100
Time: 27000 | PC_out: 1e | Opcode: 111 | Operand: 00011 | Accumulator: 0 | ALU_Result: x | Instr: e3 | Data_Mem: xx | Wr_En: 0 | Mux_Sel: 0 | PC_En: 0 | SKZ: 0 | JMP: 1 | state: 0101 | ld_ac: 0 | alu_enable: 0
State ALU_OP: 0101
Time: 29000 | PC_out: 1e | Opcode: 111 | Operand: 00011 | Accumulator: 0 | ALU_Result: x | Instr: e3 | Data_Mem: 00 | Wr_En: 0 | Mux_Sel: 0 | PC_En: 0 | SKZ: 0 | JMP: 1 | state: 0110 | ld_ac: 0 | alu_enable: 0
State STORE: 0110
Time: 31000 | PC_out: 1e | Opcode: 111 | Operand: 00011 | Accumulator: 0 | ALU_Result: x | Instr: e3 | Data_Mem: 00 | Wr_En: 0 | Mux_Sel: 1 | PC_En: 1 | SKZ: 0 | JMP: 1 | state: 0111 | ld_ac: 0 | alu_enable: 0
State INST_ADDR: 0111
Time: 33000 | PC_out: 03 | Opcode: 111 | Operand: 00011 | Accumulator: 0 | ALU_Result: x | Instr: e3 | Data_Mem: 00 | Wr_En: 0 | Mux_Sel: 1 | PC_En: 0 | SKZ: 0 | JMP: 0 | state: 0000 | ld_ac: 0 | alu_enable: 0
State INST_FETCH: 0000
Time: 35000 | PC_out: 03 | Opcode: 111 | Operand: 00011 | Accumulator: 0 | ALU_Result: x | Instr: e3 | Data_Mem: 00 | Wr_En: 0 | Mux_Sel: 1 | PC_En: 0 | SKZ: 0 | JMP: 0 | state: 0001 | ld_ac: 0 | alu_enable: 0
State INST_LOAD: 0001
Time: 37000 | PC_out: 03 | Opcode: 111 | Operand: 00011 | Accumulator: 0 | ALU_Result: x | Instr: ba | Data_Mem: 00 | Wr_En: 0 | Mux_Sel: 1 | PC_En: 0 | SKZ: 0 | JMP: 0 | state: 0010 | ld_ac: 0 | alu_enable: 0
State IDLE: 0010
Time: 39000 | PC_out: 03 | Opcode: 101 | Operand: 11010 | Accumulator: 0 | ALU_Result: x | Instr: ba | Data_Mem: 00 | Wr_En: 0 | Mux_Sel: 1 | PC_En: 0 | SKZ: 0 | JMP: 0 | state: 0011 | ld_ac: 0 | alu_enable: 0
State OP_ADDR: 0011
Time: 41000 | PC_out: 03 | Opcode: 101 | Operand: 11010 | Accumulator: 0 | ALU_Result: x | Instr: ba | Data_Mem: 00 | Wr_En: 0 | Mux_Sel: 0 | PC_En: 0 | SKZ: 0 | JMP: 0 | state: 0100 | ld_ac: 0 | alu_enable: 0
State OP_FETCH: 0100
Time: 43000 | PC_out: 03 | Opcode: 101 | Operand: 11010 | Accumulator: 0 | ALU_Result: x | Instr: ba | Data_Mem: 00 | Wr_En: 0 | Mux_Sel: 0 | PC_En: 0 | SKZ: 0 | JMP: 0 | state: 0101 | ld_ac: 0 | alu_enable: 1
State ALU_OP: 0101
Time: 45000 | PC_out: 03 | Opcode: 101 | Operand: 11010 | Accumulator: 0 | ALU_Result: 0 | Instr: ba | Data_Mem: 00 | Wr_En: 0 | Mux_Sel: 0 | PC_En: 0 | SKZ: 0 | JMP: 0 | state: 0110 | ld_ac: 1 | alu_enable: 1
State STORE: 0110
Time: 47000 | PC_out: 03 | Opcode: 101 | Operand: 11010 | Accumulator: 0 | ALU_Result: 0 | Instr: ba | Data_Mem: 00 | Wr_En: 0 | Mux_Sel: 1 | PC_En: 0 | SKZ: 0 | JMP: 0 | state: 0111 | ld_ac: 1 | alu_enable: 0
State INST_ADDR: 0111
Time: 49000 | PC_out: 03 | Opcode: 101 | Operand: 11010 | Accumulator: 0 | ALU_Result: 0 | Instr: ba | Data_Mem: 00 | Wr_En: 0 | Mux_Sel: 1 | PC_En: 1 | SKZ: 0 | JMP: 0 | state: 0000 | ld_ac: 0 | alu_enable: 0
State INST_FETCH: 0000
Time: 51000 | PC_out: 04 | Opcode: 101 | Operand: 11010 | Accumulator: 0 | ALU_Result: 0 | Instr: ba | Data_Mem: 00 | Wr_En: 0 | Mux_Sel: 1 | PC_En: 0 | SKZ: 0 | JMP: 0 | state: 0001 | ld_ac: 0 | alu_enable: 0
State INST_LOAD: 0001
Time: 53000 | PC_out: 04 | Opcode: 101 | Operand: 11010 | Accumulator: 0 | ALU_Result: 0 | Instr: ba | Data_Mem: 00 | Wr_En: 0 | Mux_Sel: 1 | PC_En: 0 | SKZ: 0 | JMP: 0 | state: 0010 | ld_ac: 0 | alu_enable: 0
State IDLE: 0010
Time: 55000 | PC_out: 04 | Opcode: 101 | Operand: 11010 | Accumulator: 0 | ALU_Result: 0 | Instr: 20 | Data_Mem: 00 | Wr_En: 0 | Mux_Sel: 1 | PC_En: 0 | SKZ: 0 | JMP: 0 | state: 0011 | ld_ac: 0 | alu_enable: 0
State OP_ADDR: 0011
Time: 57000 | PC_out: 04 | Opcode: 001 | Operand: 00000 | Accumulator: 0 | ALU_Result: 0 | Instr: 20 | Data_Mem: 00 | Wr_En: 0 | Mux_Sel: 0 | PC_En: 0 | SKZ: 0 | JMP: 0 | state: 0100 | ld_ac: 0 | alu_enable: 0
State OP_FETCH: 0100
Time: 59000 | PC_out: 04 | Opcode: 001 | Operand: 00000 | Accumulator: 0 | ALU_Result: 0 | Instr: 20 | Data_Mem: 00 | Wr_En: 0 | Mux_Sel: 0 | PC_En: 0 | SKZ: 1 | JMP: 0 | state: 0101 | ld_ac: 0 | alu_enable: 0
State ALU_OP: 0101
Time: 61000 | PC_out: 04 | Opcode: 001 | Operand: 00000 | Accumulator: 0 | ALU_Result: 0 | Instr: 20 | Data_Mem: 00 | Wr_En: 0 | Mux_Sel: 0 | PC_En: 0 | SKZ: 1 | JMP: 0 | state: 0110 | ld_ac: 0 | alu_enable: 0
State STORE: 0110
Time: 63000 | PC_out: 04 | Opcode: 001 | Operand: 00000 | Accumulator: 0 | ALU_Result: 0 | Instr: 20 | Data_Mem: 00 | Wr_En: 0 | Mux_Sel: 1 | PC_En: 1 | SKZ: 1 | JMP: 0 | state: 0111 | ld_ac: 0 | alu_enable: 0
State INST_ADDR: 0111
Time: 65000 | PC_out: 06 | Opcode: 001 | Operand: 00000 | Accumulator: 0 | ALU_Result: 0 | Instr: 20 | Data_Mem: 00 | Wr_En: 0 | Mux_Sel: 1 | PC_En: 0 | SKZ: 0 | JMP: 0 | state: 0000 | ld_ac: 0 | alu_enable: 0
State INST_FETCH: 0000
Time: 67000 | PC_out: 06 | Opcode: 001 | Operand: 00000 | Accumulator: 0 | ALU_Result: 0 | Instr: 20 | Data_Mem: 00 | Wr_En: 0 | Mux_Sel: 1 | PC_En: 0 | SKZ: 0 | JMP: 0 | state: 0001 | ld_ac: 0 | alu_enable: 0
State INST_LOAD: 0001
Time: 69000 | PC_out: 06 | Opcode: 001 | Operand: 00000 | Accumulator: 0 | ALU_Result: 0 | Instr: bb | Data_Mem: 00 | Wr_En: 0 | Mux_Sel: 1 | PC_En: 0 | SKZ: 0 | JMP: 0 | state: 0010 | ld_ac: 0 | alu_enable: 0
State IDLE: 0010
Time: 71000 | PC_out: 06 | Opcode: 101 | Operand: 11011 | Accumulator: 0 | ALU_Result: 0 | Instr: bb | Data_Mem: 00 | Wr_En: 0 | Mux_Sel: 1 | PC_En: 0 | SKZ: 0 | JMP: 0 | state: 0011 | ld_ac: 0 | alu_enable: 0
State OP_ADDR: 0011
Time: 73000 | PC_out: 06 | Opcode: 101 | Operand: 11011 | Accumulator: 0 | ALU_Result: 0 | Instr: bb | Data_Mem: 00 | Wr_En: 0 | Mux_Sel: 0 | PC_En: 0 | SKZ: 0 | JMP: 0 | state: 0100 | ld_ac: 0 | alu_enable: 0
State OP_FETCH: 0100
Time: 75000 | PC_out: 06 | Opcode: 101 | Operand: 11011 | Accumulator: 0 | ALU_Result: 0 | Instr: bb | Data_Mem: 00 | Wr_En: 0 | Mux_Sel: 0 | PC_En: 0 | SKZ: 0 | JMP: 0 | state: 0101 | ld_ac: 0 | alu_enable: 1
State ALU_OP: 0101
Time: 77000 | PC_out: 06 | Opcode: 101 | Operand: 11011 | Accumulator: 0 | ALU_Result: 0 | Instr: bb | Data_Mem: ff | Wr_En: 0 | Mux_Sel: 0 | PC_En: 0 | SKZ: 0 | JMP: 0 | state: 0110 | ld_ac: 1 | alu_enable: 1
State STORE: 0110
Time: 79000 | PC_out: 06 | Opcode: 101 | Operand: 11011 | Accumulator: 0 | ALU_Result: 255 | Instr: bb | Data_Mem: ff | Wr_En: 0 | Mux_Sel: 1 | PC_En: 0 | SKZ: 0 | JMP: 0 | state: 0111 | ld_ac: 1 | alu_enable: 0
State INST_ADDR: 0111
Time: 81000 | PC_out: 06 | Opcode: 101 | Operand: 11011 | Accumulator: 11111111 | ALU_Result: 255 | Instr: bb | Data_Mem: ff | Wr_En: 0 | Mux_Sel: 1 | PC_En: 1 | SKZ: 0 | JMP: 0 | state: 0000 | ld_ac: 0 | alu_enable: 0
State INST_FETCH: 0000
Time: 83000 | PC_out: 07 | Opcode: 101 | Operand: 11011 | Accumulator: 11111111 | ALU_Result: 255 | Instr: bb | Data_Mem: ff | Wr_En: 0 | Mux_Sel: 1 | PC_En: 0 | SKZ: 0 | JMP: 0 | state: 0001 | ld_ac: 0 | alu_enable: 0
State INST_LOAD: 0001
Time: 85000 | PC_out: 07 | Opcode: 101 | Operand: 11011 | Accumulator: 11111111 | ALU_Result: 255 | Instr: bb | Data_Mem: ff | Wr_En: 0 | Mux_Sel: 1 | PC_En: 0 | SKZ: 0 | JMP: 0 | state: 0010 | ld_ac: 0 | alu_enable: 0
State IDLE: 0010
Time: 87000 | PC_out: 07 | Opcode: 101 | Operand: 11011 | Accumulator: 11111111 | ALU_Result: 255 | Instr: 20 | Data_Mem: ff | Wr_En: 0 | Mux_Sel: 1 | PC_En: 0 | SKZ: 0 | JMP: 0 | state: 0011 | ld_ac: 0 | alu_enable: 0
State OP_ADDR: 0011
Time: 89000 | PC_out: 07 | Opcode: 001 | Operand: 00000 | Accumulator: 11111111 | ALU_Result: 255 | Instr: 20 | Data_Mem: ff | Wr_En: 0 | Mux_Sel: 0 | PC_En: 0 | SKZ: 0 | JMP: 0 | state: 0100 | ld_ac: 0 | alu_enable: 0
State OP_FETCH: 0100
Time: 91000 | PC_out: 07 | Opcode: 001 | Operand: 00000 | Accumulator: 11111111 | ALU_Result: 255 | Instr: 20 | Data_Mem: ff | Wr_En: 0 | Mux_Sel: 0 | PC_En: 0 | SKZ: 1 | JMP: 0 | state: 0101 | ld_ac: 0 | alu_enable: 0
State ALU_OP: 0101
Time: 93000 | PC_out: 07 | Opcode: 001 | Operand: 00000 | Accumulator: 11111111 | ALU_Result: 255 | Instr: 20 | Data_Mem: 00 | Wr_En: 0 | Mux_Sel: 0 | PC_En: 0 | SKZ: 1 | JMP: 0 | state: 0110 | ld_ac: 0 | alu_enable: 0
State STORE: 0110
Time: 95000 | PC_out: 07 | Opcode: 001 | Operand: 00000 | Accumulator: 11111111 | ALU_Result: 255 | Instr: 20 | Data_Mem: 00 | Wr_En: 0 | Mux_Sel: 1 | PC_En: 1 | SKZ: 1 | JMP: 0 | state: 0111 | ld_ac: 0 | alu_enable: 0
State INST_ADDR: 0111
Time: 97000 | PC_out: 08 | Opcode: 001 | Operand: 00000 | Accumulator: 11111111 | ALU_Result: 255 | Instr: 20 | Data_Mem: 00 | Wr_En: 0 | Mux_Sel: 1 | PC_En: 0 | SKZ: 0 | JMP: 0 | state: 0000 | ld_ac: 0 | alu_enable: 0
State INST_FETCH: 0000
Time: 99000 | PC_out: 08 | Opcode: 001 | Operand: 00000 | Accumulator: 11111111 | ALU_Result: 255 | Instr: 20 | Data_Mem: 00 | Wr_En: 0 | Mux_Sel: 1 | PC_En: 0 | SKZ: 0 | JMP: 0 | state: 0001 | ld_ac: 0 | alu_enable: 0
State INST_LOAD: 0001
Time: 101000 | PC_out: 08 | Opcode: 001 | Operand: 00000 | Accumulator: 11111111 | ALU_Result: 255 | Instr: ea | Data_Mem: 00 | Wr_En: 0 | Mux_Sel: 1 | PC_En: 0 | SKZ: 0 | JMP: 0 | state: 0010 | ld_ac: 0 | alu_enable: 0
State IDLE: 0010
Time: 103000 | PC_out: 08 | Opcode: 111 | Operand: 01010 | Accumulator: 11111111 | ALU_Result: 255 | Instr: ea | Data_Mem: 00 | Wr_En: 0 | Mux_Sel: 1 | PC_En: 0 | SKZ: 0 | JMP: 0 | state: 0011 | ld_ac: 0 | alu_enable: 0
State OP_ADDR: 0011
Time: 105000 | PC_out: 08 | Opcode: 111 | Operand: 01010 | Accumulator: 11111111 | ALU_Result: 255 | Instr: ea | Data_Mem: 00 | Wr_En: 0 | Mux_Sel: 0 | PC_En: 0 | SKZ: 0 | JMP: 0 | state: 0100 | ld_ac: 0 | alu_enable: 0
State OP_FETCH: 0100
Time: 107000 | PC_out: 08 | Opcode: 111 | Operand: 01010 | Accumulator: 11111111 | ALU_Result: 255 | Instr: ea | Data_Mem: 00 | Wr_En: 0 | Mux_Sel: 0 | PC_En: 0 | SKZ: 0 | JMP: 1 | state: 0101 | ld_ac: 0 | alu_enable: 0
State ALU_OP: 0101
Time: 109000 | PC_out: 08 | Opcode: 111 | Operand: 01010 | Accumulator: 11111111 | ALU_Result: 255 | Instr: ea | Data_Mem: 00 | Wr_En: 0 | Mux_Sel: 0 | PC_En: 0 | SKZ: 0 | JMP: 1 | state: 0110 | ld_ac: 0 | alu_enable: 0
State STORE: 0110
Time: 111000 | PC_out: 08 | Opcode: 111 | Operand: 01010 | Accumulator: 11111111 | ALU_Result: 255 | Instr: ea | Data_Mem: 00 | Wr_En: 0 | Mux_Sel: 1 | PC_En: 1 | SKZ: 0 | JMP: 1 | state: 0111 | ld_ac: 0 | alu_enable: 0
State INST_ADDR: 0111
Time: 113000 | PC_out: 0a | Opcode: 111 | Operand: 01010 | Accumulator: 11111111 | ALU_Result: 255 | Instr: ea | Data_Mem: 00 | Wr_En: 0 | Mux_Sel: 1 | PC_En: 0 | SKZ: 0 | JMP: 0 | state: 0000 | ld_ac: 0 | alu_enable: 0
State INST_FETCH: 0000
Time: 115000 | PC_out: 0a | Opcode: 111 | Operand: 01010 | Accumulator: 11111111 | ALU_Result: 255 | Instr: ea | Data_Mem: 00 | Wr_En: 0 | Mux_Sel: 1 | PC_En: 0 | SKZ: 0 | JMP: 0 | state: 0001 | ld_ac: 0 | alu_enable: 0
State INST_LOAD: 0001
Time: 117000 | PC_out: 0a | Opcode: 111 | Operand: 01010 | Accumulator: 11111111 | ALU_Result: 255 | Instr: dc | Data_Mem: 00 | Wr_En: 0 | Mux_Sel: 1 | PC_En: 0 | SKZ: 0 | JMP: 0 | state: 0010 | ld_ac: 0 | alu_enable: 0
State IDLE: 0010
Time: 119000 | PC_out: 0a | Opcode: 110 | Operand: 11100 | Accumulator: 11111111 | ALU_Result: 255 | Instr: dc | Data_Mem: 00 | Wr_En: 0 | Mux_Sel: 1 | PC_En: 0 | SKZ: 0 | JMP: 0 | state: 0011 | ld_ac: 0 | alu_enable: 0
State OP_ADDR: 0011
Time: 121000 | PC_out: 0a | Opcode: 110 | Operand: 11100 | Accumulator: 11111111 | ALU_Result: 255 | Instr: dc | Data_Mem: 00 | Wr_En: 0 | Mux_Sel: 0 | PC_En: 0 | SKZ: 0 | JMP: 0 | state: 0100 | ld_ac: 0 | alu_enable: 0
State OP_FETCH: 0100
Time: 123000 | PC_out: 0a | Opcode: 110 | Operand: 11100 | Accumulator: 11111111 | ALU_Result: 255 | Instr: dc | Data_Mem: 00 | Wr_En: 0 | Mux_Sel: 0 | PC_En: 0 | SKZ: 0 | JMP: 0 | state: 0101 | ld_ac: 0 | alu_enable: 0
State ALU_OP: 0101
Time: 125000 | PC_out: 0a | Opcode: 110 | Operand: 11100 | Accumulator: 11111111 | ALU_Result: 255 | Instr: dc | Data_Mem: aa | Wr_En: 0 | Mux_Sel: 0 | PC_En: 0 | SKZ: 0 | JMP: 0 | state: 0110 | ld_ac: 0 | alu_enable: 0
State STORE: 0110
Time: 127000 | PC_out: 0a | Opcode: 110 | Operand: 11100 | Accumulator: 11111111 | ALU_Result: 255 | Instr: dc | Data_Mem: ff | Wr_En: 1 | Mux_Sel: 1 | PC_En: 0 | SKZ: 0 | JMP: 0 | state: 0111 | ld_ac: 0 | alu_enable: 0
State INST_ADDR: 0111
Time: 129000 | PC_out: 0a | Opcode: 110 | Operand: 11100 | Accumulator: 11111111 | ALU_Result: 255 | Instr: dc | Data_Mem: aa | Wr_En: 0 | Mux_Sel: 1 | PC_En: 1 | SKZ: 0 | JMP: 0 | state: 0000 | ld_ac: 0 | alu_enable: 0
State INST_FETCH: 0000
Time: 131000 | PC_out: 0b | Opcode: 110 | Operand: 11100 | Accumulator: 11111111 | ALU_Result: 255 | Instr: dc | Data_Mem: ff | Wr_En: 0 | Mux_Sel: 1 | PC_En: 0 | SKZ: 0 | JMP: 0 | state: 0001 | ld_ac: 0 | alu_enable: 0
State INST_LOAD: 0001
Time: 133000 | PC_out: 0b | Opcode: 110 | Operand: 11100 | Accumulator: 11111111 | ALU_Result: 255 | Instr: dc | Data_Mem: ff | Wr_En: 0 | Mux_Sel: 1 | PC_En: 0 | SKZ: 0 | JMP: 0 | state: 0010 | ld_ac: 0 | alu_enable: 0
State IDLE: 0010
Time: 135000 | PC_out: 0b | Opcode: 110 | Operand: 11100 | Accumulator: 11111111 | ALU_Result: 255 | Instr: ba | Data_Mem: ff | Wr_En: 0 | Mux_Sel: 1 | PC_En: 0 | SKZ: 0 | JMP: 0 | state: 0011 | ld_ac: 0 | alu_enable: 0
State OP_ADDR: 0011
Time: 137000 | PC_out: 0b | Opcode: 101 | Operand: 11010 | Accumulator: 11111111 | ALU_Result: 255 | Instr: ba | Data_Mem: ff | Wr_En: 0 | Mux_Sel: 0 | PC_En: 0 | SKZ: 0 | JMP: 0 | state: 0100 | ld_ac: 0 | alu_enable: 0
State OP_FETCH: 0100
Time: 139000 | PC_out: 0b | Opcode: 101 | Operand: 11010 | Accumulator: 11111111 | ALU_Result: 255 | Instr: ba | Data_Mem: ff | Wr_En: 0 | Mux_Sel: 0 | PC_En: 0 | SKZ: 0 | JMP: 0 | state: 0101 | ld_ac: 0 | alu_enable: 1
State ALU_OP: 0101
Time: 141000 | PC_out: 0b | Opcode: 101 | Operand: 11010 | Accumulator: 11111111 | ALU_Result: 255 | Instr: ba | Data_Mem: 00 | Wr_En: 0 | Mux_Sel: 0 | PC_En: 0 | SKZ: 0 | JMP: 0 | state: 0110 | ld_ac: 1 | alu_enable: 1
State STORE: 0110
Time: 143000 | PC_out: 0b | Opcode: 101 | Operand: 11010 | Accumulator: 11111111 | ALU_Result: 0 | Instr: ba | Data_Mem: 00 | Wr_En: 0 | Mux_Sel: 1 | PC_En: 0 | SKZ: 0 | JMP: 0 | state: 0111 | ld_ac: 1 | alu_enable: 0
State INST_ADDR: 0111
Time: 145000 | PC_out: 0b | Opcode: 101 | Operand: 11010 | Accumulator: 0 | ALU_Result: 0 | Instr: ba | Data_Mem: 00 | Wr_En: 0 | Mux_Sel: 1 | PC_En: 1 | SKZ: 0 | JMP: 0 | state: 0000 | ld_ac: 0 | alu_enable: 0
State INST_FETCH: 0000
Time: 147000 | PC_out: 0c | Opcode: 101 | Operand: 11010 | Accumulator: 0 | ALU_Result: 0 | Instr: ba | Data_Mem: 00 | Wr_En: 0 | Mux_Sel: 1 | PC_En: 0 | SKZ: 0 | JMP: 0 | state: 0001 | ld_ac: 0 | alu_enable: 0
State INST_LOAD: 0001
Time: 149000 | PC_out: 0c | Opcode: 101 | Operand: 11010 | Accumulator: 0 | ALU_Result: 0 | Instr: ba | Data_Mem: 00 | Wr_En: 0 | Mux_Sel: 1 | PC_En: 0 | SKZ: 0 | JMP: 0 | state: 0010 | ld_ac: 0 | alu_enable: 0
State IDLE: 0010
Time: 151000 | PC_out: 0c | Opcode: 101 | Operand: 11010 | Accumulator: 0 | ALU_Result: 0 | Instr: dc | Data_Mem: 00 | Wr_En: 0 | Mux_Sel: 1 | PC_En: 0 | SKZ: 0 | JMP: 0 | state: 0011 | ld_ac: 0 | alu_enable: 0
State OP_ADDR: 0011
Time: 153000 | PC_out: 0c | Opcode: 110 | Operand: 11100 | Accumulator: 0 | ALU_Result: 0 | Instr: dc | Data_Mem: 00 | Wr_En: 0 | Mux_Sel: 0 | PC_En: 0 | SKZ: 0 | JMP: 0 | state: 0100 | ld_ac: 0 | alu_enable: 0
State OP_FETCH: 0100
Time: 155000 | PC_out: 0c | Opcode: 110 | Operand: 11100 | Accumulator: 0 | ALU_Result: 0 | Instr: dc | Data_Mem: 00 | Wr_En: 0 | Mux_Sel: 0 | PC_En: 0 | SKZ: 0 | JMP: 0 | state: 0101 | ld_ac: 0 | alu_enable: 0
State ALU_OP: 0101
Time: 157000 | PC_out: 0c | Opcode: 110 | Operand: 11100 | Accumulator: 0 | ALU_Result: 0 | Instr: dc | Data_Mem: ff | Wr_En: 0 | Mux_Sel: 0 | PC_En: 0 | SKZ: 0 | JMP: 0 | state: 0110 | ld_ac: 0 | alu_enable: 0
State STORE: 0110
Time: 159000 | PC_out: 0c | Opcode: 110 | Operand: 11100 | Accumulator: 0 | ALU_Result: 0 | Instr: dc | Data_Mem: 00 | Wr_En: 1 | Mux_Sel: 1 | PC_En: 0 | SKZ: 0 | JMP: 0 | state: 0111 | ld_ac: 0 | alu_enable: 0
State INST_ADDR: 0111
Time: 161000 | PC_out: 0c | Opcode: 110 | Operand: 11100 | Accumulator: 0 | ALU_Result: 0 | Instr: dc | Data_Mem: ff | Wr_En: 0 | Mux_Sel: 1 | PC_En: 1 | SKZ: 0 | JMP: 0 | state: 0000 | ld_ac: 0 | alu_enable: 0
State INST_FETCH: 0000
Time: 163000 | PC_out: 0d | Opcode: 110 | Operand: 11100 | Accumulator: 0 | ALU_Result: 0 | Instr: dc | Data_Mem: 00 | Wr_En: 0 | Mux_Sel: 1 | PC_En: 0 | SKZ: 0 | JMP: 0 | state: 0001 | ld_ac: 0 | alu_enable: 0
State INST_LOAD: 0001
Time: 165000 | PC_out: 0d | Opcode: 110 | Operand: 11100 | Accumulator: 0 | ALU_Result: 0 | Instr: dc | Data_Mem: 00 | Wr_En: 0 | Mux_Sel: 1 | PC_En: 0 | SKZ: 0 | JMP: 0 | state: 0010 | ld_ac: 0 | alu_enable: 0
State IDLE: 0010
Time: 167000 | PC_out: 0d | Opcode: 110 | Operand: 11100 | Accumulator: 0 | ALU_Result: 0 | Instr: bc | Data_Mem: 00 | Wr_En: 0 | Mux_Sel: 1 | PC_En: 0 | SKZ: 0 | JMP: 0 | state: 0011 | ld_ac: 0 | alu_enable: 0
State OP_ADDR: 0011
Time: 169000 | PC_out: 0d | Opcode: 101 | Operand: 11100 | Accumulator: 0 | ALU_Result: 0 | Instr: bc | Data_Mem: 00 | Wr_En: 0 | Mux_Sel: 0 | PC_En: 0 | SKZ: 0 | JMP: 0 | state: 0100 | ld_ac: 0 | alu_enable: 0
State OP_FETCH: 0100
Time: 171000 | PC_out: 0d | Opcode: 101 | Operand: 11100 | Accumulator: 0 | ALU_Result: 0 | Instr: bc | Data_Mem: 00 | Wr_En: 0 | Mux_Sel: 0 | PC_En: 0 | SKZ: 0 | JMP: 0 | state: 0101 | ld_ac: 0 | alu_enable: 1
State ALU_OP: 0101
Time: 173000 | PC_out: 0d | Opcode: 101 | Operand: 11100 | Accumulator: 0 | ALU_Result: 0 | Instr: bc | Data_Mem: 00 | Wr_En: 0 | Mux_Sel: 0 | PC_En: 0 | SKZ: 0 | JMP: 0 | state: 0110 | ld_ac: 1 | alu_enable: 1
State STORE: 0110
Time: 175000 | PC_out: 0d | Opcode: 101 | Operand: 11100 | Accumulator: 0 | ALU_Result: 0 | Instr: bc | Data_Mem: 00 | Wr_En: 0 | Mux_Sel: 1 | PC_En: 0 | SKZ: 0 | JMP: 0 | state: 0111 | ld_ac: 1 | alu_enable: 0
State INST_ADDR: 0111
Time: 177000 | PC_out: 0d | Opcode: 101 | Operand: 11100 | Accumulator: 0 | ALU_Result: 0 | Instr: bc | Data_Mem: 00 | Wr_En: 0 | Mux_Sel: 1 | PC_En: 1 | SKZ: 0 | JMP: 0 | state: 0000 | ld_ac: 0 | alu_enable: 0
State INST_FETCH: 0000
Time: 179000 | PC_out: 0e | Opcode: 101 | Operand: 11100 | Accumulator: 0 | ALU_Result: 0 | Instr: bc | Data_Mem: 00 | Wr_En: 0 | Mux_Sel: 1 | PC_En: 0 | SKZ: 0 | JMP: 0 | state: 0001 | ld_ac: 0 | alu_enable: 0
State INST_LOAD: 0001
Time: 181000 | PC_out: 0e | Opcode: 101 | Operand: 11100 | Accumulator: 0 | ALU_Result: 0 | Instr: bc | Data_Mem: 00 | Wr_En: 0 | Mux_Sel: 1 | PC_En: 0 | SKZ: 0 | JMP: 0 | state: 0010 | ld_ac: 0 | alu_enable: 0
State IDLE: 0010
Time: 183000 | PC_out: 0e | Opcode: 101 | Operand: 11100 | Accumulator: 0 | ALU_Result: 0 | Instr: 20 | Data_Mem: 00 | Wr_En: 0 | Mux_Sel: 1 | PC_En: 0 | SKZ: 0 | JMP: 0 | state: 0011 | ld_ac: 0 | alu_enable: 0
State OP_ADDR: 0011
Time: 185000 | PC_out: 0e | Opcode: 001 | Operand: 00000 | Accumulator: 0 | ALU_Result: 0 | Instr: 20 | Data_Mem: 00 | Wr_En: 0 | Mux_Sel: 0 | PC_En: 0 | SKZ: 0 | JMP: 0 | state: 0100 | ld_ac: 0 | alu_enable: 0
State OP_FETCH: 0100
Time: 187000 | PC_out: 0e | Opcode: 001 | Operand: 00000 | Accumulator: 0 | ALU_Result: 0 | Instr: 20 | Data_Mem: 00 | Wr_En: 0 | Mux_Sel: 0 | PC_En: 0 | SKZ: 1 | JMP: 0 | state: 0101 | ld_ac: 0 | alu_enable: 0
State ALU_OP: 0101
Time: 189000 | PC_out: 0e | Opcode: 001 | Operand: 00000 | Accumulator: 0 | ALU_Result: 0 | Instr: 20 | Data_Mem: 00 | Wr_En: 0 | Mux_Sel: 0 | PC_En: 0 | SKZ: 1 | JMP: 0 | state: 0110 | ld_ac: 0 | alu_enable: 0
State STORE: 0110
Time: 191000 | PC_out: 0e | Opcode: 001 | Operand: 00000 | Accumulator: 0 | ALU_Result: 0 | Instr: 20 | Data_Mem: 00 | Wr_En: 0 | Mux_Sel: 1 | PC_En: 1 | SKZ: 1 | JMP: 0 | state: 0111 | ld_ac: 0 | alu_enable: 0
State INST_ADDR: 0111
Time: 193000 | PC_out: 10 | Opcode: 001 | Operand: 00000 | Accumulator: 0 | ALU_Result: 0 | Instr: 20 | Data_Mem: 00 | Wr_En: 0 | Mux_Sel: 1 | PC_En: 0 | SKZ: 0 | JMP: 0 | state: 0000 | ld_ac: 0 | alu_enable: 0
State INST_FETCH: 0000
Time: 195000 | PC_out: 10 | Opcode: 001 | Operand: 00000 | Accumulator: 0 | ALU_Result: 0 | Instr: 20 | Data_Mem: 00 | Wr_En: 0 | Mux_Sel: 1 | PC_En: 0 | SKZ: 0 | JMP: 0 | state: 0001 | ld_ac: 0 | alu_enable: 0
State INST_LOAD: 0001
Time: 197000 | PC_out: 10 | Opcode: 001 | Operand: 00000 | Accumulator: 0 | ALU_Result: 0 | Instr: 9b | Data_Mem: 00 | Wr_En: 0 | Mux_Sel: 1 | PC_En: 0 | SKZ: 0 | JMP: 0 | state: 0010 | ld_ac: 0 | alu_enable: 0
State IDLE: 0010
Time: 199000 | PC_out: 10 | Opcode: 100 | Operand: 11011 | Accumulator: 0 | ALU_Result: 0 | Instr: 9b | Data_Mem: 00 | Wr_En: 0 | Mux_Sel: 1 | PC_En: 0 | SKZ: 0 | JMP: 0 | state: 0011 | ld_ac: 0 | alu_enable: 0
State OP_ADDR: 0011
Time: 201000 | PC_out: 10 | Opcode: 100 | Operand: 11011 | Accumulator: 0 | ALU_Result: 0 | Instr: 9b | Data_Mem: 00 | Wr_En: 0 | Mux_Sel: 0 | PC_En: 0 | SKZ: 0 | JMP: 0 | state: 0100 | ld_ac: 0 | alu_enable: 0
State OP_FETCH: 0100
Time: 203000 | PC_out: 10 | Opcode: 100 | Operand: 11011 | Accumulator: 0 | ALU_Result: 0 | Instr: 9b | Data_Mem: 00 | Wr_En: 0 | Mux_Sel: 0 | PC_En: 0 | SKZ: 0 | JMP: 0 | state: 0101 | ld_ac: 0 | alu_enable: 1
State ALU_OP: 0101
Time: 205000 | PC_out: 10 | Opcode: 100 | Operand: 11011 | Accumulator: 0 | ALU_Result: 0 | Instr: 9b | Data_Mem: ff | Wr_En: 0 | Mux_Sel: 0 | PC_En: 0 | SKZ: 0 | JMP: 0 | state: 0110 | ld_ac: 1 | alu_enable: 1
State STORE: 0110
Time: 207000 | PC_out: 10 | Opcode: 100 | Operand: 11011 | Accumulator: 0 | ALU_Result: 255 | Instr: 9b | Data_Mem: ff | Wr_En: 0 | Mux_Sel: 1 | PC_En: 0 | SKZ: 0 | JMP: 0 | state: 0111 | ld_ac: 1 | alu_enable: 0
State INST_ADDR: 0111
Time: 209000 | PC_out: 10 | Opcode: 100 | Operand: 11011 | Accumulator: 11111111 | ALU_Result: 255 | Instr: 9b | Data_Mem: ff | Wr_En: 0 | Mux_Sel: 1 | PC_En: 1 | SKZ: 0 | JMP: 0 | state: 0000 | ld_ac: 0 | alu_enable: 0
State INST_FETCH: 0000
Time: 211000 | PC_out: 11 | Opcode: 100 | Operand: 11011 | Accumulator: 11111111 | ALU_Result: 255 | Instr: 9b | Data_Mem: ff | Wr_En: 0 | Mux_Sel: 1 | PC_En: 0 | SKZ: 0 | JMP: 0 | state: 0001 | ld_ac: 0 | alu_enable: 0
State INST_LOAD: 0001
Time: 213000 | PC_out: 11 | Opcode: 100 | Operand: 11011 | Accumulator: 11111111 | ALU_Result: 255 | Instr: 9b | Data_Mem: ff | Wr_En: 0 | Mux_Sel: 1 | PC_En: 0 | SKZ: 0 | JMP: 0 | state: 0010 | ld_ac: 0 | alu_enable: 0
State IDLE: 0010
Time: 215000 | PC_out: 11 | Opcode: 100 | Operand: 11011 | Accumulator: 11111111 | ALU_Result: 255 | Instr: 20 | Data_Mem: ff | Wr_En: 0 | Mux_Sel: 1 | PC_En: 0 | SKZ: 0 | JMP: 0 | state: 0011 | ld_ac: 0 | alu_enable: 0
State OP_ADDR: 0011
Time: 217000 | PC_out: 11 | Opcode: 001 | Operand: 00000 | Accumulator: 11111111 | ALU_Result: 255 | Instr: 20 | Data_Mem: ff | Wr_En: 0 | Mux_Sel: 0 | PC_En: 0 | SKZ: 0 | JMP: 0 | state: 0100 | ld_ac: 0 | alu_enable: 0
State OP_FETCH: 0100
Time: 219000 | PC_out: 11 | Opcode: 001 | Operand: 00000 | Accumulator: 11111111 | ALU_Result: 255 | Instr: 20 | Data_Mem: ff | Wr_En: 0 | Mux_Sel: 0 | PC_En: 0 | SKZ: 1 | JMP: 0 | state: 0101 | ld_ac: 0 | alu_enable: 0
State ALU_OP: 0101
Time: 221000 | PC_out: 11 | Opcode: 001 | Operand: 00000 | Accumulator: 11111111 | ALU_Result: 255 | Instr: 20 | Data_Mem: 00 | Wr_En: 0 | Mux_Sel: 0 | PC_En: 0 | SKZ: 1 | JMP: 0 | state: 0110 | ld_ac: 0 | alu_enable: 0
State STORE: 0110
Time: 223000 | PC_out: 11 | Opcode: 001 | Operand: 00000 | Accumulator: 11111111 | ALU_Result: 255 | Instr: 20 | Data_Mem: 00 | Wr_En: 0 | Mux_Sel: 1 | PC_En: 1 | SKZ: 1 | JMP: 0 | state: 0111 | ld_ac: 0 | alu_enable: 0
State INST_ADDR: 0111
Time: 225000 | PC_out: 12 | Opcode: 001 | Operand: 00000 | Accumulator: 11111111 | ALU_Result: 255 | Instr: 20 | Data_Mem: 00 | Wr_En: 0 | Mux_Sel: 1 | PC_En: 0 | SKZ: 0 | JMP: 0 | state: 0000 | ld_ac: 0 | alu_enable: 0
State INST_FETCH: 0000
Time: 227000 | PC_out: 12 | Opcode: 001 | Operand: 00000 | Accumulator: 11111111 | ALU_Result: 255 | Instr: 20 | Data_Mem: 00 | Wr_En: 0 | Mux_Sel: 1 | PC_En: 0 | SKZ: 0 | JMP: 0 | state: 0001 | ld_ac: 0 | alu_enable: 0
State INST_LOAD: 0001
Time: 229000 | PC_out: 12 | Opcode: 001 | Operand: 00000 | Accumulator: 11111111 | ALU_Result: 255 | Instr: f4 | Data_Mem: 00 | Wr_En: 0 | Mux_Sel: 1 | PC_En: 0 | SKZ: 0 | JMP: 0 | state: 0010 | ld_ac: 0 | alu_enable: 0
State IDLE: 0010
Time: 231000 | PC_out: 12 | Opcode: 111 | Operand: 10100 | Accumulator: 11111111 | ALU_Result: 255 | Instr: f4 | Data_Mem: 00 | Wr_En: 0 | Mux_Sel: 1 | PC_En: 0 | SKZ: 0 | JMP: 0 | state: 0011 | ld_ac: 0 | alu_enable: 0
State OP_ADDR: 0011
Time: 233000 | PC_out: 12 | Opcode: 111 | Operand: 10100 | Accumulator: 11111111 | ALU_Result: 255 | Instr: f4 | Data_Mem: 00 | Wr_En: 0 | Mux_Sel: 0 | PC_En: 0 | SKZ: 0 | JMP: 0 | state: 0100 | ld_ac: 0 | alu_enable: 0
State OP_FETCH: 0100
Time: 235000 | PC_out: 12 | Opcode: 111 | Operand: 10100 | Accumulator: 11111111 | ALU_Result: 255 | Instr: f4 | Data_Mem: 00 | Wr_En: 0 | Mux_Sel: 0 | PC_En: 0 | SKZ: 0 | JMP: 1 | state: 0101 | ld_ac: 0 | alu_enable: 0
State ALU_OP: 0101
Time: 237000 | PC_out: 12 | Opcode: 111 | Operand: 10100 | Accumulator: 11111111 | ALU_Result: 255 | Instr: f4 | Data_Mem: 00 | Wr_En: 0 | Mux_Sel: 0 | PC_En: 0 | SKZ: 0 | JMP: 1 | state: 0110 | ld_ac: 0 | alu_enable: 0
State STORE: 0110
Time: 239000 | PC_out: 12 | Opcode: 111 | Operand: 10100 | Accumulator: 11111111 | ALU_Result: 255 | Instr: f4 | Data_Mem: 00 | Wr_En: 0 | Mux_Sel: 1 | PC_En: 1 | SKZ: 0 | JMP: 1 | state: 0111 | ld_ac: 0 | alu_enable: 0
State INST_ADDR: 0111
Time: 241000 | PC_out: 14 | Opcode: 111 | Operand: 10100 | Accumulator: 11111111 | ALU_Result: 255 | Instr: f4 | Data_Mem: 00 | Wr_En: 0 | Mux_Sel: 1 | PC_En: 0 | SKZ: 0 | JMP: 0 | state: 0000 | ld_ac: 0 | alu_enable: 0
State INST_FETCH: 0000
Time: 243000 | PC_out: 14 | Opcode: 111 | Operand: 10100 | Accumulator: 11111111 | ALU_Result: 255 | Instr: f4 | Data_Mem: 00 | Wr_En: 0 | Mux_Sel: 1 | PC_En: 0 | SKZ: 0 | JMP: 0 | state: 0001 | ld_ac: 0 | alu_enable: 0
State INST_LOAD: 0001
Time: 245000 | PC_out: 14 | Opcode: 111 | Operand: 10100 | Accumulator: 11111111 | ALU_Result: 255 | Instr: 9b | Data_Mem: 00 | Wr_En: 0 | Mux_Sel: 1 | PC_En: 0 | SKZ: 0 | JMP: 0 | state: 0010 | ld_ac: 0 | alu_enable: 0
State IDLE: 0010
Time: 247000 | PC_out: 14 | Opcode: 100 | Operand: 11011 | Accumulator: 11111111 | ALU_Result: 255 | Instr: 9b | Data_Mem: 00 | Wr_En: 0 | Mux_Sel: 1 | PC_En: 0 | SKZ: 0 | JMP: 0 | state: 0011 | ld_ac: 0 | alu_enable: 0
State OP_ADDR: 0011
Time: 249000 | PC_out: 14 | Opcode: 100 | Operand: 11011 | Accumulator: 11111111 | ALU_Result: 255 | Instr: 9b | Data_Mem: 00 | Wr_En: 0 | Mux_Sel: 0 | PC_En: 0 | SKZ: 0 | JMP: 0 | state: 0100 | ld_ac: 0 | alu_enable: 0
State OP_FETCH: 0100
Time: 251000 | PC_out: 14 | Opcode: 100 | Operand: 11011 | Accumulator: 11111111 | ALU_Result: 255 | Instr: 9b | Data_Mem: 00 | Wr_En: 0 | Mux_Sel: 0 | PC_En: 0 | SKZ: 0 | JMP: 0 | state: 0101 | ld_ac: 0 | alu_enable: 1
State ALU_OP: 0101
Time: 253000 | PC_out: 14 | Opcode: 100 | Operand: 11011 | Accumulator: 11111111 | ALU_Result: 255 | Instr: 9b | Data_Mem: ff | Wr_En: 0 | Mux_Sel: 0 | PC_En: 0 | SKZ: 0 | JMP: 0 | state: 0110 | ld_ac: 1 | alu_enable: 1
State STORE: 0110
Time: 255000 | PC_out: 14 | Opcode: 100 | Operand: 11011 | Accumulator: 11111111 | ALU_Result: 0 | Instr: 9b | Data_Mem: ff | Wr_En: 0 | Mux_Sel: 1 | PC_En: 0 | SKZ: 0 | JMP: 0 | state: 0111 | ld_ac: 1 | alu_enable: 0
State INST_ADDR: 0111
Time: 257000 | PC_out: 14 | Opcode: 100 | Operand: 11011 | Accumulator: 0 | ALU_Result: 0 | Instr: 9b | Data_Mem: ff | Wr_En: 0 | Mux_Sel: 1 | PC_En: 1 | SKZ: 0 | JMP: 0 | state: 0000 | ld_ac: 0 | alu_enable: 0
State INST_FETCH: 0000
Time: 259000 | PC_out: 15 | Opcode: 100 | Operand: 11011 | Accumulator: 0 | ALU_Result: 0 | Instr: 9b | Data_Mem: ff | Wr_En: 0 | Mux_Sel: 1 | PC_En: 0 | SKZ: 0 | JMP: 0 | state: 0001 | ld_ac: 0 | alu_enable: 0
State INST_LOAD: 0001
Time: 261000 | PC_out: 15 | Opcode: 100 | Operand: 11011 | Accumulator: 0 | ALU_Result: 0 | Instr: 9b | Data_Mem: ff | Wr_En: 0 | Mux_Sel: 1 | PC_En: 0 | SKZ: 0 | JMP: 0 | state: 0010 | ld_ac: 0 | alu_enable: 0
State IDLE: 0010
Time: 263000 | PC_out: 15 | Opcode: 100 | Operand: 11011 | Accumulator: 0 | ALU_Result: 0 | Instr: 20 | Data_Mem: ff | Wr_En: 0 | Mux_Sel: 1 | PC_En: 0 | SKZ: 0 | JMP: 0 | state: 0011 | ld_ac: 0 | alu_enable: 0
State OP_ADDR: 0011
Time: 265000 | PC_out: 15 | Opcode: 001 | Operand: 00000 | Accumulator: 0 | ALU_Result: 0 | Instr: 20 | Data_Mem: ff | Wr_En: 0 | Mux_Sel: 0 | PC_En: 0 | SKZ: 0 | JMP: 0 | state: 0100 | ld_ac: 0 | alu_enable: 0
State OP_FETCH: 0100
Time: 267000 | PC_out: 15 | Opcode: 001 | Operand: 00000 | Accumulator: 0 | ALU_Result: 0 | Instr: 20 | Data_Mem: ff | Wr_En: 0 | Mux_Sel: 0 | PC_En: 0 | SKZ: 1 | JMP: 0 | state: 0101 | ld_ac: 0 | alu_enable: 0
State ALU_OP: 0101
Time: 269000 | PC_out: 15 | Opcode: 001 | Operand: 00000 | Accumulator: 0 | ALU_Result: 0 | Instr: 20 | Data_Mem: 00 | Wr_En: 0 | Mux_Sel: 0 | PC_En: 0 | SKZ: 1 | JMP: 0 | state: 0110 | ld_ac: 0 | alu_enable: 0
State STORE: 0110
Time: 271000 | PC_out: 15 | Opcode: 001 | Operand: 00000 | Accumulator: 0 | ALU_Result: 0 | Instr: 20 | Data_Mem: 00 | Wr_En: 0 | Mux_Sel: 1 | PC_En: 1 | SKZ: 1 | JMP: 0 | state: 0111 | ld_ac: 0 | alu_enable: 0
State INST_ADDR: 0111
Time: 273000 | PC_out: 17 | Opcode: 001 | Operand: 00000 | Accumulator: 0 | ALU_Result: 0 | Instr: 20 | Data_Mem: 00 | Wr_En: 0 | Mux_Sel: 1 | PC_En: 0 | SKZ: 0 | JMP: 0 | state: 0000 | ld_ac: 0 | alu_enable: 0
State INST_FETCH: 0000
Time: 275000 | PC_out: 17 | Opcode: 001 | Operand: 00000 | Accumulator: 0 | ALU_Result: 0 | Instr: 20 | Data_Mem: 00 | Wr_En: 0 | Mux_Sel: 1 | PC_En: 0 | SKZ: 0 | JMP: 0 | state: 0001 | ld_ac: 0 | alu_enable: 0
State INST_LOAD: 0001
Time: 277000 | PC_out: 17 | Opcode: 001 | Operand: 00000 | Accumulator: 0 | ALU_Result: 0 | Instr: 00 | Data_Mem: 00 | Wr_En: 0 | Mux_Sel: 1 | PC_En: 0 | SKZ: 0 | JMP: 0 | state: 0010 | ld_ac: 0 | alu_enable: 0
State IDLE: 0010
Time: 279000 | PC_out: 17 | Opcode: 000 | Operand: 00000 | Accumulator: 0 | ALU_Result: 0 | Instr: 00 | Data_Mem: 00 | Wr_En: 0 | Mux_Sel: 1 | PC_En: 0 | SKZ: 0 | JMP: 0 | state: 0011 | ld_ac: 0 | alu_enable: 0
State OP_ADDR: 0011
Time: 281000 | PC_out: 17 | Opcode: 000 | Operand: 00000 | Accumulator: 0 | ALU_Result: 0 | Instr: 00 | Data_Mem: 00 | Wr_En: 0 | Mux_Sel: 0 | PC_En: 0 | SKZ: 0 | JMP: 0 | state: 0100 | ld_ac: 0 | alu_enable: 0
State OP_FETCH: 0100
Time: 283000 | PC_out: 17 | Opcode: 000 | Operand: 00000 | Accumulator: 0 | ALU_Result: 0 | Instr: 00 | Data_Mem: 00 | Wr_En: 0 | Mux_Sel: 0 | PC_En: 0 | SKZ: 0 | JMP: 0 | state: 1000 | ld_ac: 0 | alu_enable: 0
INFO: [USF-XSim-96] XSim completed. Design snapshot 'RISC_CPU_tb_behav' loaded.
INFO: [USF-XSim-97] XSim simulation ran for 1000ns
launch_simulation: Time (s): cpu = 00:00:01 ; elapsed = 00:00:05 . Memory (MB): peak = 2872.879 ; gain = 0.000
close_sim
INFO: [Simtcl 6-16] Simulation closed
close [ open D:/Minh_Hung/L05_Group_2_BTL_TKVM/L05_Group_2_BTL_TKVM.srcs/sources_1/new/RISC_CPU_FOR_SYNTHESIS.v w ]
add_files D:/Minh_Hung/L05_Group_2_BTL_TKVM/L05_Group_2_BTL_TKVM.srcs/sources_1/new/RISC_CPU_FOR_SYNTHESIS.v
update_compile_order -fileset sources_1
set_property top RISC_CPU_FOR_SYNTHESIS [current_fileset]
update_compile_order -fileset sources_1
file mkdir D:/Minh_Hung/L05_Group_2_BTL_TKVM/L05_Group_2_BTL_TKVM.srcs/constrs_1
add_files -fileset constrs_1 -norecurse D:/Minh_Hung/L05_Group_2_BTL_TKVM/Arty-Z7-20-Extension-board-Master.xdc
reset_run synth_1
INFO: [Project 1-1161] Replacing file D:/Minh_Hung/L05_Group_2_BTL_TKVM/L05_Group_2_BTL_TKVM.srcs/utils_1/imports/synth_1/Program_counter.dcp with file D:/Minh_Hung/L05_Group_2_BTL_TKVM/L05_Group_2_BTL_TKVM.runs/synth_1/top.dcp
WARNING: [Vivado 12-1017] Problems encountered:
1. Failed to delete one or more files in run directory D:/Minh_Hung/L05_Group_2_BTL_TKVM/L05_Group_2_BTL_TKVM.runs/synth_1

launch_runs synth_1 -jobs 8
[Fri Apr 11 21:37:48 2025] Launched synth_1...
Run output will be captured here: D:/Minh_Hung/L05_Group_2_BTL_TKVM/L05_Group_2_BTL_TKVM.runs/synth_1/runme.log
open_run synth_1 -name synth_1
Design is defaulting to impl run constrset: constrs_1
Design is defaulting to synth run part: xc7z020clg400-1
INFO: [Device 21-403] Loading part xc7z020clg400-1
INFO: [Device 21-9227] Part: xc7z020clg400-1 does not have CEAM library.
Netlist sorting complete. Time (s): cpu = 00:00:00 ; elapsed = 00:00:00.001 . Memory (MB): peak = 2872.879 ; gain = 0.000
INFO: [Netlist 29-17] Analyzing 17 Unisim elements for replacement
INFO: [Netlist 29-28] Unisim Transformation completed in 0 CPU seconds
INFO: [Project 1-479] Netlist was created with Vivado 2024.1
INFO: [Project 1-570] Preparing netlist for logic optimization
Parsing XDC File [D:/Minh_Hung/L05_Group_2_BTL_TKVM/Arty-Z7-20-Extension-board-Master.xdc]
Finished Parsing XDC File [D:/Minh_Hung/L05_Group_2_BTL_TKVM/Arty-Z7-20-Extension-board-Master.xdc]
INFO: [Opt 31-138] Pushed 0 inverter(s) to 0 load pin(s).
Netlist sorting complete. Time (s): cpu = 00:00:00 ; elapsed = 00:00:00 . Memory (MB): peak = 2872.879 ; gain = 0.000
INFO: [Project 1-111] Unisim Transformation Summary:
  A total of 8 instances were transformed.
  RAM32X1S => RAM32X1S (RAMS32): 8 instances

open_run: Time (s): cpu = 00:00:11 ; elapsed = 00:00:06 . Memory (MB): peak = 2877.578 ; gain = 4.699
report_timing_summary -delay_type min_max -report_unconstrained -check_timing_verbose -max_paths 10 -input_pins -routable_nets -name timing_1
INFO: [Timing 38-35] Done setting XDC timing constraints.
INFO: [Timing 38-91] UpdateTimingParams: Speed grade: -1, Delay Type: min_max.
INFO: [Timing 38-191] Multithreading enabled for timing update using a maximum of 2 CPUs
launch_simulation -mode post-synthesis -type timing
Command: launch_simulation  -mode post-synthesis -type timing
INFO: [Vivado 12-12493] Simulation top is 'RISC_CPU_tb'
WARNING: [Vivado 12-13340] Unable to auto find GCC executables from simulator install path! (path not set)
INFO: [Vivado 12-5682] Launching post-synthesis timing simulation in 'D:/Minh_Hung/L05_Group_2_BTL_TKVM/L05_Group_2_BTL_TKVM.sim/sim_1/synth/timing/xsim'
INFO: [SIM-utils-51] Simulation object is 'sim_1'
INFO: [SIM-utils-72] Using boost library from 'D:/Vivado/2024.1/tps/boost_1_72_0'
INFO: [SIM-utils-24] Writing simulation netlist file for design 'synth_1'...
INFO: [SIM-utils-25] write_verilog -mode timesim -nolib -sdf_anno true -force -file "D:/Minh_Hung/L05_Group_2_BTL_TKVM/L05_Group_2_BTL_TKVM.sim/sim_1/synth/timing/xsim/RISC_CPU_tb_time_synth.v"
INFO: [SIM-utils-27] Writing SDF file...
INFO: [SIM-utils-28] write_sdf -mode timesim -process_corner slow -force -file "D:/Minh_Hung/L05_Group_2_BTL_TKVM/L05_Group_2_BTL_TKVM.sim/sim_1/synth/timing/xsim/RISC_CPU_tb_time_synth.sdf"
INFO: [SIM-utils-36] Netlist generated:D:/Minh_Hung/L05_Group_2_BTL_TKVM/L05_Group_2_BTL_TKVM.sim/sim_1/synth/timing/xsim/RISC_CPU_tb_time_synth.v
INFO: [SIM-utils-37] SDF generated:D:/Minh_Hung/L05_Group_2_BTL_TKVM/L05_Group_2_BTL_TKVM.sim/sim_1/synth/timing/xsim/RISC_CPU_tb_time_synth.sdf
INFO: [SIM-utils-54] Inspecting design source files for 'RISC_CPU_tb' in fileset 'sim_1'...
INFO: [SIM-utils-43] Exported 'D:/Minh_Hung/L05_Group_2_BTL_TKVM/L05_Group_2_BTL_TKVM.sim/sim_1/synth/timing/xsim/data_init.mem'
INFO: [SIM-utils-43] Exported 'D:/Minh_Hung/L05_Group_2_BTL_TKVM/L05_Group_2_BTL_TKVM.sim/sim_1/synth/timing/xsim/instruction_file.mem'
INFO: [USF-XSim-2] XSim::Compile design
INFO: [USF-XSim-61] Executing 'COMPILE and ANALYZE' step in 'D:/Minh_Hung/L05_Group_2_BTL_TKVM/L05_Group_2_BTL_TKVM.sim/sim_1/synth/timing/xsim'
"xvlog --incr --relax -prj RISC_CPU_tb_vlog.prj"
INFO: [VRFC 10-2263] Analyzing Verilog file "D:/Minh_Hung/L05_Group_2_BTL_TKVM/L05_Group_2_BTL_TKVM.sim/sim_1/synth/timing/xsim/RISC_CPU_tb_time_synth.v" into library xil_defaultlib
INFO: [VRFC 10-311] analyzing module RAM32X1S_UNIQ_BASE_
INFO: [VRFC 10-311] analyzing module RAM32X1S_HD1
INFO: [VRFC 10-311] analyzing module RAM32X1S_HD2
INFO: [VRFC 10-311] analyzing module RAM32X1S_HD3
INFO: [VRFC 10-311] analyzing module RAM32X1S_HD4
INFO: [VRFC 10-311] analyzing module RAM32X1S_HD5
INFO: [VRFC 10-311] analyzing module RAM32X1S_HD6
INFO: [VRFC 10-311] analyzing module RAM32X1S_HD7
INFO: [VRFC 10-311] analyzing module ALU
INFO: [VRFC 10-311] analyzing module Accumulator
INFO: [VRFC 10-311] analyzing module Controller
INFO: [VRFC 10-311] analyzing module Instruction_Register
INFO: [VRFC 10-311] analyzing module Program_counter
INFO: [VRFC 10-311] analyzing module RISC_CPU_FOR_SYNTHESIS
INFO: [VRFC 10-311] analyzing module addr_mux
INFO: [VRFC 10-311] analyzing module clock_divider
INFO: [VRFC 10-311] analyzing module dataMemory
INFO: [VRFC 10-311] analyzing module instructionMemory
INFO: [VRFC 10-311] analyzing module glbl
INFO: [VRFC 10-2263] Analyzing Verilog file "D:/Minh_Hung/L05_Group_2_BTL_TKVM/L05_Group_2_BTL_TKVM.srcs/sources_1/new/ALU.v" into library xil_defaultlib
INFO: [VRFC 10-311] analyzing module ALU
WARNING: [VRFC 10-3609] overwriting previous definition of module 'ALU' [D:/Minh_Hung/L05_Group_2_BTL_TKVM/L05_Group_2_BTL_TKVM.srcs/sources_1/new/ALU.v:1]
INFO: [VRFC 10-2263] Analyzing Verilog file "D:/Minh_Hung/L05_Group_2_BTL_TKVM/L05_Group_2_BTL_TKVM.srcs/sources_1/new/Accumulator.v" into library xil_defaultlib
INFO: [VRFC 10-311] analyzing module Accumulator
WARNING: [VRFC 10-3609] overwriting previous definition of module 'Accumulator' [D:/Minh_Hung/L05_Group_2_BTL_TKVM/L05_Group_2_BTL_TKVM.srcs/sources_1/new/Accumulator.v:23]
INFO: [VRFC 10-2263] Analyzing Verilog file "D:/Minh_Hung/L05_Group_2_BTL_TKVM/L05_Group_2_BTL_TKVM.srcs/sources_1/new/Controller.v" into library xil_defaultlib
INFO: [VRFC 10-311] analyzing module Controller
WARNING: [VRFC 10-9336] redeclaration of ANSI port 'state' is not allowed [D:/Minh_Hung/L05_Group_2_BTL_TKVM/L05_Group_2_BTL_TKVM.srcs/sources_1/new/Controller.v:20]
WARNING: [VRFC 10-3609] overwriting previous definition of module 'Controller' [D:/Minh_Hung/L05_Group_2_BTL_TKVM/L05_Group_2_BTL_TKVM.srcs/sources_1/new/Controller.v:1]
INFO: [VRFC 10-2263] Analyzing Verilog file "D:/Minh_Hung/L05_Group_2_BTL_TKVM/L05_Group_2_BTL_TKVM.srcs/sources_1/new/DataMemory.v" into library xil_defaultlib
INFO: [VRFC 10-311] analyzing module dataMemory
WARNING: [VRFC 10-3609] overwriting previous definition of module 'dataMemory' [D:/Minh_Hung/L05_Group_2_BTL_TKVM/L05_Group_2_BTL_TKVM.srcs/sources_1/new/DataMemory.v:22]
INFO: [VRFC 10-2263] Analyzing Verilog file "D:/Minh_Hung/L05_Group_2_BTL_TKVM/L05_Group_2_BTL_TKVM.srcs/sources_1/new/Instruction_Memory.v" into library xil_defaultlib
INFO: [VRFC 10-311] analyzing module instructionMemory
WARNING: [VRFC 10-3609] overwriting previous definition of module 'instructionMemory' [D:/Minh_Hung/L05_Group_2_BTL_TKVM/L05_Group_2_BTL_TKVM.srcs/sources_1/new/Instruction_Memory.v:23]
INFO: [VRFC 10-2263] Analyzing Verilog file "D:/Minh_Hung/L05_Group_2_BTL_TKVM/L05_Group_2_BTL_TKVM.srcs/sources_1/new/Instruction_register.v" into library xil_defaultlib
INFO: [VRFC 10-311] analyzing module Instruction_Register
WARNING: [VRFC 10-3609] overwriting previous definition of module 'Instruction_Register' [D:/Minh_Hung/L05_Group_2_BTL_TKVM/L05_Group_2_BTL_TKVM.srcs/sources_1/new/Instruction_register.v:22]
INFO: [VRFC 10-2263] Analyzing Verilog file "D:/Minh_Hung/L05_Group_2_BTL_TKVM/L05_Group_2_BTL_TKVM.srcs/sources_1/new/Program_counter.v" into library xil_defaultlib
INFO: [VRFC 10-311] analyzing module Program_counter
WARNING: [VRFC 10-3609] overwriting previous definition of module 'Program_counter' [D:/Minh_Hung/L05_Group_2_BTL_TKVM/L05_Group_2_BTL_TKVM.srcs/sources_1/new/Program_counter.v:23]
INFO: [VRFC 10-2263] Analyzing Verilog file "D:/Minh_Hung/L05_Group_2_BTL_TKVM/L05_Group_2_BTL_TKVM.srcs/sources_1/new/RISC_CPU.v" into library xil_defaultlib
INFO: [VRFC 10-311] analyzing module RISC_CPU
INFO: [VRFC 10-2263] Analyzing Verilog file "D:/Minh_Hung/L05_Group_2_BTL_TKVM/L05_Group_2_BTL_TKVM.srcs/sources_1/new/addr_mux.v" into library xil_defaultlib
INFO: [VRFC 10-311] analyzing module addr_mux
WARNING: [VRFC 10-3609] overwriting previous definition of module 'addr_mux' [D:/Minh_Hung/L05_Group_2_BTL_TKVM/L05_Group_2_BTL_TKVM.srcs/sources_1/new/addr_mux.v:1]
INFO: [VRFC 10-2263] Analyzing Verilog file "D:/Minh_Hung/L05_Group_2_BTL_TKVM/L05_Group_2_BTL_TKVM.srcs/sim_1/new/RISC_CPU_tb.v" into library xil_defaultlib
INFO: [VRFC 10-311] analyzing module RISC_CPU_tb
INFO: [USF-XSim-69] 'compile' step finished in '3' seconds
INFO: [USF-XSim-3] XSim::Elaborate design
INFO: [USF-XSim-61] Executing 'ELABORATE' step in 'D:/Minh_Hung/L05_Group_2_BTL_TKVM/L05_Group_2_BTL_TKVM.sim/sim_1/synth/timing/xsim'
"xelab --incr --debug typical --relax --mt 2 --maxdelay -L xil_defaultlib -L simprims_ver -L secureip --snapshot RISC_CPU_tb_time_synth -transport_int_delays -pulse_r 0 -pulse_int_r 0 -pulse_e 0 -pulse_int_e 0 xil_defaultlib.RISC_CPU_tb xil_defaultlib.glbl -log elaborate.log"
Vivado Simulator v2024.1
Copyright 1986-2022 Xilinx, Inc. All Rights Reserved.
Copyright 2022-2024 Advanced Micro Devices, Inc. All Rights Reserved.
Running: D:/Vivado/2024.1/bin/unwrapped/win64.o/xelab.exe --incr --debug typical --relax --mt 2 --maxdelay -L xil_defaultlib -L simprims_ver -L secureip --snapshot RISC_CPU_tb_time_synth -transport_int_delays -pulse_r 0 -pulse_int_r 0 -pulse_e 0 -pulse_int_e 0 xil_defaultlib.RISC_CPU_tb xil_defaultlib.glbl -log elaborate.log 
Using 2 slave threads.
Starting static elaboration
Pass Through NonSizing Optimizer
Completed static elaboration
Starting simulation data flow analysis
Completed simulation data flow analysis
Time Resolution for simulation is 1ps
Compiling module xil_defaultlib.Controller
Compiling module xil_defaultlib.Program_counter
Compiling module xil_defaultlib.addr_mux
Compiling module xil_defaultlib.instructionMemory
Compiling module xil_defaultlib.Instruction_Register
Compiling module xil_defaultlib.dataMemory
Compiling module xil_defaultlib.ALU
Compiling module xil_defaultlib.Accumulator
Compiling module xil_defaultlib.RISC_CPU
Compiling module xil_defaultlib.RISC_CPU_tb
Compiling module xil_defaultlib.glbl
Built simulation snapshot RISC_CPU_tb_time_synth
INFO: [USF-XSim-69] 'elaborate' step finished in '2' seconds
INFO: [USF-XSim-4] XSim::Simulate design
INFO: [USF-XSim-61] Executing 'SIMULATE' step in 'D:/Minh_Hung/L05_Group_2_BTL_TKVM/L05_Group_2_BTL_TKVM.sim/sim_1/synth/timing/xsim'
INFO: [USF-XSim-98] *** Running xsim
   with args "RISC_CPU_tb_time_synth -key {Post-Synthesis:sim_1:Timing:RISC_CPU_tb} -tclbatch {RISC_CPU_tb.tcl} -log {simulate.log}"
INFO: [USF-XSim-8] Loading simulator feature
Time resolution is 1 ps
source RISC_CPU_tb.tcl
# set curr_wave [current_wave_config]
# if { [string length $curr_wave] == 0 } {
#   if { [llength [get_objects]] > 0} {
#     add_wave /
#     set_property needs_save false [current_wave_config]
#   } else {
#      send_msg_id Add_Wave-1 WARNING "No top level signals found. Simulator will start without a wave window. If you want to open a wave window go to 'File->New Waveform Configuration' or type 'create_wave_config' in the TCL console."
#   }
# }
# run 1000ns
Time: 0 | PC_out: 00 | Opcode: zzz | Operand: zzzzz | Accumulator: 0 | ALU_Result: x | Instr: xx | Data_Mem: xx | Wr_En: 0 | Mux_Sel: 1 | PC_En: 0 | SKZ: 0 | JMP: 0 | state: 0000 | ld_ac: 0 | alu_enable: 0
State INST_FETCH: 0000
Time: 3000 | PC_out: 00 | Opcode: zzz | Operand: zzzzz | Accumulator: 0 | ALU_Result: x | Instr: xx | Data_Mem: xx | Wr_En: 0 | Mux_Sel: 1 | PC_En: 0 | SKZ: 0 | JMP: 0 | state: 0001 | ld_ac: 0 | alu_enable: 0
State INST_LOAD: 0001
Time: 5000 | PC_out: 00 | Opcode: zzz | Operand: zzzzz | Accumulator: 0 | ALU_Result: x | Instr: fe | Data_Mem: xx | Wr_En: 0 | Mux_Sel: 1 | PC_En: 0 | SKZ: 0 | JMP: 0 | state: 0010 | ld_ac: 0 | alu_enable: 0
State IDLE: 0010
Time: 7000 | PC_out: 00 | Opcode: 111 | Operand: 11110 | Accumulator: 0 | ALU_Result: x | Instr: fe | Data_Mem: xx | Wr_En: 0 | Mux_Sel: 1 | PC_En: 0 | SKZ: 0 | JMP: 0 | state: 0011 | ld_ac: 0 | alu_enable: 0
State OP_ADDR: 0011
Time: 9000 | PC_out: 00 | Opcode: 111 | Operand: 11110 | Accumulator: 0 | ALU_Result: x | Instr: fe | Data_Mem: xx | Wr_En: 0 | Mux_Sel: 0 | PC_En: 0 | SKZ: 0 | JMP: 0 | state: 0100 | ld_ac: 0 | alu_enable: 0
State OP_FETCH: 0100
Time: 11000 | PC_out: 00 | Opcode: 111 | Operand: 11110 | Accumulator: 0 | ALU_Result: x | Instr: fe | Data_Mem: xx | Wr_En: 0 | Mux_Sel: 0 | PC_En: 0 | SKZ: 0 | JMP: 1 | state: 0101 | ld_ac: 0 | alu_enable: 0
State ALU_OP: 0101
Time: 13000 | PC_out: 00 | Opcode: 111 | Operand: 11110 | Accumulator: 0 | ALU_Result: x | Instr: fe | Data_Mem: xx | Wr_En: 0 | Mux_Sel: 0 | PC_En: 0 | SKZ: 0 | JMP: 1 | state: 0110 | ld_ac: 0 | alu_enable: 0
State STORE: 0110
Time: 15000 | PC_out: 00 | Opcode: 111 | Operand: 11110 | Accumulator: 0 | ALU_Result: x | Instr: fe | Data_Mem: xx | Wr_En: 0 | Mux_Sel: 1 | PC_En: 1 | SKZ: 0 | JMP: 1 | state: 0111 | ld_ac: 0 | alu_enable: 0
State INST_ADDR: 0111
Time: 17000 | PC_out: 1e | Opcode: 111 | Operand: 11110 | Accumulator: 0 | ALU_Result: x | Instr: fe | Data_Mem: xx | Wr_En: 0 | Mux_Sel: 1 | PC_En: 0 | SKZ: 0 | JMP: 0 | state: 0000 | ld_ac: 0 | alu_enable: 0
State INST_FETCH: 0000
Time: 19000 | PC_out: 1e | Opcode: 111 | Operand: 11110 | Accumulator: 0 | ALU_Result: x | Instr: fe | Data_Mem: xx | Wr_En: 0 | Mux_Sel: 1 | PC_En: 0 | SKZ: 0 | JMP: 0 | state: 0001 | ld_ac: 0 | alu_enable: 0
State INST_LOAD: 0001
Time: 21000 | PC_out: 1e | Opcode: 111 | Operand: 11110 | Accumulator: 0 | ALU_Result: x | Instr: e3 | Data_Mem: xx | Wr_En: 0 | Mux_Sel: 1 | PC_En: 0 | SKZ: 0 | JMP: 0 | state: 0010 | ld_ac: 0 | alu_enable: 0
State IDLE: 0010
Time: 23000 | PC_out: 1e | Opcode: 111 | Operand: 00011 | Accumulator: 0 | ALU_Result: x | Instr: e3 | Data_Mem: xx | Wr_En: 0 | Mux_Sel: 1 | PC_En: 0 | SKZ: 0 | JMP: 0 | state: 0011 | ld_ac: 0 | alu_enable: 0
State OP_ADDR: 0011
Time: 25000 | PC_out: 1e | Opcode: 111 | Operand: 00011 | Accumulator: 0 | ALU_Result: x | Instr: e3 | Data_Mem: xx | Wr_En: 0 | Mux_Sel: 0 | PC_En: 0 | SKZ: 0 | JMP: 0 | state: 0100 | ld_ac: 0 | alu_enable: 0
State OP_FETCH: 0100
Time: 27000 | PC_out: 1e | Opcode: 111 | Operand: 00011 | Accumulator: 0 | ALU_Result: x | Instr: e3 | Data_Mem: xx | Wr_En: 0 | Mux_Sel: 0 | PC_En: 0 | SKZ: 0 | JMP: 1 | state: 0101 | ld_ac: 0 | alu_enable: 0
State ALU_OP: 0101
Time: 29000 | PC_out: 1e | Opcode: 111 | Operand: 00011 | Accumulator: 0 | ALU_Result: x | Instr: e3 | Data_Mem: 00 | Wr_En: 0 | Mux_Sel: 0 | PC_En: 0 | SKZ: 0 | JMP: 1 | state: 0110 | ld_ac: 0 | alu_enable: 0
State STORE: 0110
Time: 31000 | PC_out: 1e | Opcode: 111 | Operand: 00011 | Accumulator: 0 | ALU_Result: x | Instr: e3 | Data_Mem: 00 | Wr_En: 0 | Mux_Sel: 1 | PC_En: 1 | SKZ: 0 | JMP: 1 | state: 0111 | ld_ac: 0 | alu_enable: 0
State INST_ADDR: 0111
Time: 33000 | PC_out: 03 | Opcode: 111 | Operand: 00011 | Accumulator: 0 | ALU_Result: x | Instr: e3 | Data_Mem: 00 | Wr_En: 0 | Mux_Sel: 1 | PC_En: 0 | SKZ: 0 | JMP: 0 | state: 0000 | ld_ac: 0 | alu_enable: 0
State INST_FETCH: 0000
Time: 35000 | PC_out: 03 | Opcode: 111 | Operand: 00011 | Accumulator: 0 | ALU_Result: x | Instr: e3 | Data_Mem: 00 | Wr_En: 0 | Mux_Sel: 1 | PC_En: 0 | SKZ: 0 | JMP: 0 | state: 0001 | ld_ac: 0 | alu_enable: 0
State INST_LOAD: 0001
Time: 37000 | PC_out: 03 | Opcode: 111 | Operand: 00011 | Accumulator: 0 | ALU_Result: x | Instr: ba | Data_Mem: 00 | Wr_En: 0 | Mux_Sel: 1 | PC_En: 0 | SKZ: 0 | JMP: 0 | state: 0010 | ld_ac: 0 | alu_enable: 0
State IDLE: 0010
Time: 39000 | PC_out: 03 | Opcode: 101 | Operand: 11010 | Accumulator: 0 | ALU_Result: x | Instr: ba | Data_Mem: 00 | Wr_En: 0 | Mux_Sel: 1 | PC_En: 0 | SKZ: 0 | JMP: 0 | state: 0011 | ld_ac: 0 | alu_enable: 0
State OP_ADDR: 0011
Time: 41000 | PC_out: 03 | Opcode: 101 | Operand: 11010 | Accumulator: 0 | ALU_Result: x | Instr: ba | Data_Mem: 00 | Wr_En: 0 | Mux_Sel: 0 | PC_En: 0 | SKZ: 0 | JMP: 0 | state: 0100 | ld_ac: 0 | alu_enable: 0
State OP_FETCH: 0100
Time: 43000 | PC_out: 03 | Opcode: 101 | Operand: 11010 | Accumulator: 0 | ALU_Result: x | Instr: ba | Data_Mem: 00 | Wr_En: 0 | Mux_Sel: 0 | PC_En: 0 | SKZ: 0 | JMP: 0 | state: 0101 | ld_ac: 0 | alu_enable: 1
State ALU_OP: 0101
Time: 45000 | PC_out: 03 | Opcode: 101 | Operand: 11010 | Accumulator: 0 | ALU_Result: 0 | Instr: ba | Data_Mem: 00 | Wr_En: 0 | Mux_Sel: 0 | PC_En: 0 | SKZ: 0 | JMP: 0 | state: 0110 | ld_ac: 1 | alu_enable: 1
State STORE: 0110
Time: 47000 | PC_out: 03 | Opcode: 101 | Operand: 11010 | Accumulator: 0 | ALU_Result: 0 | Instr: ba | Data_Mem: 00 | Wr_En: 0 | Mux_Sel: 1 | PC_En: 0 | SKZ: 0 | JMP: 0 | state: 0111 | ld_ac: 1 | alu_enable: 0
State INST_ADDR: 0111
Time: 49000 | PC_out: 03 | Opcode: 101 | Operand: 11010 | Accumulator: 0 | ALU_Result: 0 | Instr: ba | Data_Mem: 00 | Wr_En: 0 | Mux_Sel: 1 | PC_En: 1 | SKZ: 0 | JMP: 0 | state: 0000 | ld_ac: 0 | alu_enable: 0
State INST_FETCH: 0000
Time: 51000 | PC_out: 04 | Opcode: 101 | Operand: 11010 | Accumulator: 0 | ALU_Result: 0 | Instr: ba | Data_Mem: 00 | Wr_En: 0 | Mux_Sel: 1 | PC_En: 0 | SKZ: 0 | JMP: 0 | state: 0001 | ld_ac: 0 | alu_enable: 0
State INST_LOAD: 0001
Time: 53000 | PC_out: 04 | Opcode: 101 | Operand: 11010 | Accumulator: 0 | ALU_Result: 0 | Instr: ba | Data_Mem: 00 | Wr_En: 0 | Mux_Sel: 1 | PC_En: 0 | SKZ: 0 | JMP: 0 | state: 0010 | ld_ac: 0 | alu_enable: 0
State IDLE: 0010
Time: 55000 | PC_out: 04 | Opcode: 101 | Operand: 11010 | Accumulator: 0 | ALU_Result: 0 | Instr: 20 | Data_Mem: 00 | Wr_En: 0 | Mux_Sel: 1 | PC_En: 0 | SKZ: 0 | JMP: 0 | state: 0011 | ld_ac: 0 | alu_enable: 0
State OP_ADDR: 0011
Time: 57000 | PC_out: 04 | Opcode: 001 | Operand: 00000 | Accumulator: 0 | ALU_Result: 0 | Instr: 20 | Data_Mem: 00 | Wr_En: 0 | Mux_Sel: 0 | PC_En: 0 | SKZ: 0 | JMP: 0 | state: 0100 | ld_ac: 0 | alu_enable: 0
State OP_FETCH: 0100
Time: 59000 | PC_out: 04 | Opcode: 001 | Operand: 00000 | Accumulator: 0 | ALU_Result: 0 | Instr: 20 | Data_Mem: 00 | Wr_En: 0 | Mux_Sel: 0 | PC_En: 0 | SKZ: 1 | JMP: 0 | state: 0101 | ld_ac: 0 | alu_enable: 0
State ALU_OP: 0101
Time: 61000 | PC_out: 04 | Opcode: 001 | Operand: 00000 | Accumulator: 0 | ALU_Result: 0 | Instr: 20 | Data_Mem: 00 | Wr_En: 0 | Mux_Sel: 0 | PC_En: 0 | SKZ: 1 | JMP: 0 | state: 0110 | ld_ac: 0 | alu_enable: 0
State STORE: 0110
Time: 63000 | PC_out: 04 | Opcode: 001 | Operand: 00000 | Accumulator: 0 | ALU_Result: 0 | Instr: 20 | Data_Mem: 00 | Wr_En: 0 | Mux_Sel: 1 | PC_En: 1 | SKZ: 1 | JMP: 0 | state: 0111 | ld_ac: 0 | alu_enable: 0
State INST_ADDR: 0111
Time: 65000 | PC_out: 06 | Opcode: 001 | Operand: 00000 | Accumulator: 0 | ALU_Result: 0 | Instr: 20 | Data_Mem: 00 | Wr_En: 0 | Mux_Sel: 1 | PC_En: 0 | SKZ: 0 | JMP: 0 | state: 0000 | ld_ac: 0 | alu_enable: 0
State INST_FETCH: 0000
Time: 67000 | PC_out: 06 | Opcode: 001 | Operand: 00000 | Accumulator: 0 | ALU_Result: 0 | Instr: 20 | Data_Mem: 00 | Wr_En: 0 | Mux_Sel: 1 | PC_En: 0 | SKZ: 0 | JMP: 0 | state: 0001 | ld_ac: 0 | alu_enable: 0
State INST_LOAD: 0001
Time: 69000 | PC_out: 06 | Opcode: 001 | Operand: 00000 | Accumulator: 0 | ALU_Result: 0 | Instr: bb | Data_Mem: 00 | Wr_En: 0 | Mux_Sel: 1 | PC_En: 0 | SKZ: 0 | JMP: 0 | state: 0010 | ld_ac: 0 | alu_enable: 0
State IDLE: 0010
Time: 71000 | PC_out: 06 | Opcode: 101 | Operand: 11011 | Accumulator: 0 | ALU_Result: 0 | Instr: bb | Data_Mem: 00 | Wr_En: 0 | Mux_Sel: 1 | PC_En: 0 | SKZ: 0 | JMP: 0 | state: 0011 | ld_ac: 0 | alu_enable: 0
State OP_ADDR: 0011
Time: 73000 | PC_out: 06 | Opcode: 101 | Operand: 11011 | Accumulator: 0 | ALU_Result: 0 | Instr: bb | Data_Mem: 00 | Wr_En: 0 | Mux_Sel: 0 | PC_En: 0 | SKZ: 0 | JMP: 0 | state: 0100 | ld_ac: 0 | alu_enable: 0
State OP_FETCH: 0100
Time: 75000 | PC_out: 06 | Opcode: 101 | Operand: 11011 | Accumulator: 0 | ALU_Result: 0 | Instr: bb | Data_Mem: 00 | Wr_En: 0 | Mux_Sel: 0 | PC_En: 0 | SKZ: 0 | JMP: 0 | state: 0101 | ld_ac: 0 | alu_enable: 1
State ALU_OP: 0101
Time: 77000 | PC_out: 06 | Opcode: 101 | Operand: 11011 | Accumulator: 0 | ALU_Result: 0 | Instr: bb | Data_Mem: ff | Wr_En: 0 | Mux_Sel: 0 | PC_En: 0 | SKZ: 0 | JMP: 0 | state: 0110 | ld_ac: 1 | alu_enable: 1
State STORE: 0110
Time: 79000 | PC_out: 06 | Opcode: 101 | Operand: 11011 | Accumulator: 0 | ALU_Result: 255 | Instr: bb | Data_Mem: ff | Wr_En: 0 | Mux_Sel: 1 | PC_En: 0 | SKZ: 0 | JMP: 0 | state: 0111 | ld_ac: 1 | alu_enable: 0
State INST_ADDR: 0111
Time: 81000 | PC_out: 06 | Opcode: 101 | Operand: 11011 | Accumulator: 11111111 | ALU_Result: 255 | Instr: bb | Data_Mem: ff | Wr_En: 0 | Mux_Sel: 1 | PC_En: 1 | SKZ: 0 | JMP: 0 | state: 0000 | ld_ac: 0 | alu_enable: 0
State INST_FETCH: 0000
Time: 83000 | PC_out: 07 | Opcode: 101 | Operand: 11011 | Accumulator: 11111111 | ALU_Result: 255 | Instr: bb | Data_Mem: ff | Wr_En: 0 | Mux_Sel: 1 | PC_En: 0 | SKZ: 0 | JMP: 0 | state: 0001 | ld_ac: 0 | alu_enable: 0
State INST_LOAD: 0001
Time: 85000 | PC_out: 07 | Opcode: 101 | Operand: 11011 | Accumulator: 11111111 | ALU_Result: 255 | Instr: bb | Data_Mem: ff | Wr_En: 0 | Mux_Sel: 1 | PC_En: 0 | SKZ: 0 | JMP: 0 | state: 0010 | ld_ac: 0 | alu_enable: 0
State IDLE: 0010
Time: 87000 | PC_out: 07 | Opcode: 101 | Operand: 11011 | Accumulator: 11111111 | ALU_Result: 255 | Instr: 20 | Data_Mem: ff | Wr_En: 0 | Mux_Sel: 1 | PC_En: 0 | SKZ: 0 | JMP: 0 | state: 0011 | ld_ac: 0 | alu_enable: 0
State OP_ADDR: 0011
Time: 89000 | PC_out: 07 | Opcode: 001 | Operand: 00000 | Accumulator: 11111111 | ALU_Result: 255 | Instr: 20 | Data_Mem: ff | Wr_En: 0 | Mux_Sel: 0 | PC_En: 0 | SKZ: 0 | JMP: 0 | state: 0100 | ld_ac: 0 | alu_enable: 0
State OP_FETCH: 0100
Time: 91000 | PC_out: 07 | Opcode: 001 | Operand: 00000 | Accumulator: 11111111 | ALU_Result: 255 | Instr: 20 | Data_Mem: ff | Wr_En: 0 | Mux_Sel: 0 | PC_En: 0 | SKZ: 1 | JMP: 0 | state: 0101 | ld_ac: 0 | alu_enable: 0
State ALU_OP: 0101
Time: 93000 | PC_out: 07 | Opcode: 001 | Operand: 00000 | Accumulator: 11111111 | ALU_Result: 255 | Instr: 20 | Data_Mem: 00 | Wr_En: 0 | Mux_Sel: 0 | PC_En: 0 | SKZ: 1 | JMP: 0 | state: 0110 | ld_ac: 0 | alu_enable: 0
State STORE: 0110
Time: 95000 | PC_out: 07 | Opcode: 001 | Operand: 00000 | Accumulator: 11111111 | ALU_Result: 255 | Instr: 20 | Data_Mem: 00 | Wr_En: 0 | Mux_Sel: 1 | PC_En: 1 | SKZ: 1 | JMP: 0 | state: 0111 | ld_ac: 0 | alu_enable: 0
State INST_ADDR: 0111
Time: 97000 | PC_out: 08 | Opcode: 001 | Operand: 00000 | Accumulator: 11111111 | ALU_Result: 255 | Instr: 20 | Data_Mem: 00 | Wr_En: 0 | Mux_Sel: 1 | PC_En: 0 | SKZ: 0 | JMP: 0 | state: 0000 | ld_ac: 0 | alu_enable: 0
State INST_FETCH: 0000
Time: 99000 | PC_out: 08 | Opcode: 001 | Operand: 00000 | Accumulator: 11111111 | ALU_Result: 255 | Instr: 20 | Data_Mem: 00 | Wr_En: 0 | Mux_Sel: 1 | PC_En: 0 | SKZ: 0 | JMP: 0 | state: 0001 | ld_ac: 0 | alu_enable: 0
State INST_LOAD: 0001
Time: 101000 | PC_out: 08 | Opcode: 001 | Operand: 00000 | Accumulator: 11111111 | ALU_Result: 255 | Instr: ea | Data_Mem: 00 | Wr_En: 0 | Mux_Sel: 1 | PC_En: 0 | SKZ: 0 | JMP: 0 | state: 0010 | ld_ac: 0 | alu_enable: 0
State IDLE: 0010
Time: 103000 | PC_out: 08 | Opcode: 111 | Operand: 01010 | Accumulator: 11111111 | ALU_Result: 255 | Instr: ea | Data_Mem: 00 | Wr_En: 0 | Mux_Sel: 1 | PC_En: 0 | SKZ: 0 | JMP: 0 | state: 0011 | ld_ac: 0 | alu_enable: 0
State OP_ADDR: 0011
Time: 105000 | PC_out: 08 | Opcode: 111 | Operand: 01010 | Accumulator: 11111111 | ALU_Result: 255 | Instr: ea | Data_Mem: 00 | Wr_En: 0 | Mux_Sel: 0 | PC_En: 0 | SKZ: 0 | JMP: 0 | state: 0100 | ld_ac: 0 | alu_enable: 0
State OP_FETCH: 0100
Time: 107000 | PC_out: 08 | Opcode: 111 | Operand: 01010 | Accumulator: 11111111 | ALU_Result: 255 | Instr: ea | Data_Mem: 00 | Wr_En: 0 | Mux_Sel: 0 | PC_En: 0 | SKZ: 0 | JMP: 1 | state: 0101 | ld_ac: 0 | alu_enable: 0
State ALU_OP: 0101
Time: 109000 | PC_out: 08 | Opcode: 111 | Operand: 01010 | Accumulator: 11111111 | ALU_Result: 255 | Instr: ea | Data_Mem: 00 | Wr_En: 0 | Mux_Sel: 0 | PC_En: 0 | SKZ: 0 | JMP: 1 | state: 0110 | ld_ac: 0 | alu_enable: 0
State STORE: 0110
Time: 111000 | PC_out: 08 | Opcode: 111 | Operand: 01010 | Accumulator: 11111111 | ALU_Result: 255 | Instr: ea | Data_Mem: 00 | Wr_En: 0 | Mux_Sel: 1 | PC_En: 1 | SKZ: 0 | JMP: 1 | state: 0111 | ld_ac: 0 | alu_enable: 0
State INST_ADDR: 0111
Time: 113000 | PC_out: 0a | Opcode: 111 | Operand: 01010 | Accumulator: 11111111 | ALU_Result: 255 | Instr: ea | Data_Mem: 00 | Wr_En: 0 | Mux_Sel: 1 | PC_En: 0 | SKZ: 0 | JMP: 0 | state: 0000 | ld_ac: 0 | alu_enable: 0
State INST_FETCH: 0000
Time: 115000 | PC_out: 0a | Opcode: 111 | Operand: 01010 | Accumulator: 11111111 | ALU_Result: 255 | Instr: ea | Data_Mem: 00 | Wr_En: 0 | Mux_Sel: 1 | PC_En: 0 | SKZ: 0 | JMP: 0 | state: 0001 | ld_ac: 0 | alu_enable: 0
State INST_LOAD: 0001
Time: 117000 | PC_out: 0a | Opcode: 111 | Operand: 01010 | Accumulator: 11111111 | ALU_Result: 255 | Instr: dc | Data_Mem: 00 | Wr_En: 0 | Mux_Sel: 1 | PC_En: 0 | SKZ: 0 | JMP: 0 | state: 0010 | ld_ac: 0 | alu_enable: 0
State IDLE: 0010
Time: 119000 | PC_out: 0a | Opcode: 110 | Operand: 11100 | Accumulator: 11111111 | ALU_Result: 255 | Instr: dc | Data_Mem: 00 | Wr_En: 0 | Mux_Sel: 1 | PC_En: 0 | SKZ: 0 | JMP: 0 | state: 0011 | ld_ac: 0 | alu_enable: 0
State OP_ADDR: 0011
Time: 121000 | PC_out: 0a | Opcode: 110 | Operand: 11100 | Accumulator: 11111111 | ALU_Result: 255 | Instr: dc | Data_Mem: 00 | Wr_En: 0 | Mux_Sel: 0 | PC_En: 0 | SKZ: 0 | JMP: 0 | state: 0100 | ld_ac: 0 | alu_enable: 0
State OP_FETCH: 0100
Time: 123000 | PC_out: 0a | Opcode: 110 | Operand: 11100 | Accumulator: 11111111 | ALU_Result: 255 | Instr: dc | Data_Mem: 00 | Wr_En: 0 | Mux_Sel: 0 | PC_En: 0 | SKZ: 0 | JMP: 0 | state: 0101 | ld_ac: 0 | alu_enable: 0
State ALU_OP: 0101
Time: 125000 | PC_out: 0a | Opcode: 110 | Operand: 11100 | Accumulator: 11111111 | ALU_Result: 255 | Instr: dc | Data_Mem: aa | Wr_En: 0 | Mux_Sel: 0 | PC_En: 0 | SKZ: 0 | JMP: 0 | state: 0110 | ld_ac: 0 | alu_enable: 0
State STORE: 0110
Time: 127000 | PC_out: 0a | Opcode: 110 | Operand: 11100 | Accumulator: 11111111 | ALU_Result: 255 | Instr: dc | Data_Mem: ff | Wr_En: 1 | Mux_Sel: 1 | PC_En: 0 | SKZ: 0 | JMP: 0 | state: 0111 | ld_ac: 0 | alu_enable: 0
State INST_ADDR: 0111
Time: 129000 | PC_out: 0a | Opcode: 110 | Operand: 11100 | Accumulator: 11111111 | ALU_Result: 255 | Instr: dc | Data_Mem: aa | Wr_En: 0 | Mux_Sel: 1 | PC_En: 1 | SKZ: 0 | JMP: 0 | state: 0000 | ld_ac: 0 | alu_enable: 0
State INST_FETCH: 0000
Time: 131000 | PC_out: 0b | Opcode: 110 | Operand: 11100 | Accumulator: 11111111 | ALU_Result: 255 | Instr: dc | Data_Mem: ff | Wr_En: 0 | Mux_Sel: 1 | PC_En: 0 | SKZ: 0 | JMP: 0 | state: 0001 | ld_ac: 0 | alu_enable: 0
State INST_LOAD: 0001
Time: 133000 | PC_out: 0b | Opcode: 110 | Operand: 11100 | Accumulator: 11111111 | ALU_Result: 255 | Instr: dc | Data_Mem: ff | Wr_En: 0 | Mux_Sel: 1 | PC_En: 0 | SKZ: 0 | JMP: 0 | state: 0010 | ld_ac: 0 | alu_enable: 0
State IDLE: 0010
Time: 135000 | PC_out: 0b | Opcode: 110 | Operand: 11100 | Accumulator: 11111111 | ALU_Result: 255 | Instr: ba | Data_Mem: ff | Wr_En: 0 | Mux_Sel: 1 | PC_En: 0 | SKZ: 0 | JMP: 0 | state: 0011 | ld_ac: 0 | alu_enable: 0
State OP_ADDR: 0011
Time: 137000 | PC_out: 0b | Opcode: 101 | Operand: 11010 | Accumulator: 11111111 | ALU_Result: 255 | Instr: ba | Data_Mem: ff | Wr_En: 0 | Mux_Sel: 0 | PC_En: 0 | SKZ: 0 | JMP: 0 | state: 0100 | ld_ac: 0 | alu_enable: 0
State OP_FETCH: 0100
Time: 139000 | PC_out: 0b | Opcode: 101 | Operand: 11010 | Accumulator: 11111111 | ALU_Result: 255 | Instr: ba | Data_Mem: ff | Wr_En: 0 | Mux_Sel: 0 | PC_En: 0 | SKZ: 0 | JMP: 0 | state: 0101 | ld_ac: 0 | alu_enable: 1
State ALU_OP: 0101
Time: 141000 | PC_out: 0b | Opcode: 101 | Operand: 11010 | Accumulator: 11111111 | ALU_Result: 255 | Instr: ba | Data_Mem: 00 | Wr_En: 0 | Mux_Sel: 0 | PC_En: 0 | SKZ: 0 | JMP: 0 | state: 0110 | ld_ac: 1 | alu_enable: 1
State STORE: 0110
Time: 143000 | PC_out: 0b | Opcode: 101 | Operand: 11010 | Accumulator: 11111111 | ALU_Result: 0 | Instr: ba | Data_Mem: 00 | Wr_En: 0 | Mux_Sel: 1 | PC_En: 0 | SKZ: 0 | JMP: 0 | state: 0111 | ld_ac: 1 | alu_enable: 0
State INST_ADDR: 0111
Time: 145000 | PC_out: 0b | Opcode: 101 | Operand: 11010 | Accumulator: 0 | ALU_Result: 0 | Instr: ba | Data_Mem: 00 | Wr_En: 0 | Mux_Sel: 1 | PC_En: 1 | SKZ: 0 | JMP: 0 | state: 0000 | ld_ac: 0 | alu_enable: 0
State INST_FETCH: 0000
Time: 147000 | PC_out: 0c | Opcode: 101 | Operand: 11010 | Accumulator: 0 | ALU_Result: 0 | Instr: ba | Data_Mem: 00 | Wr_En: 0 | Mux_Sel: 1 | PC_En: 0 | SKZ: 0 | JMP: 0 | state: 0001 | ld_ac: 0 | alu_enable: 0
State INST_LOAD: 0001
Time: 149000 | PC_out: 0c | Opcode: 101 | Operand: 11010 | Accumulator: 0 | ALU_Result: 0 | Instr: ba | Data_Mem: 00 | Wr_En: 0 | Mux_Sel: 1 | PC_En: 0 | SKZ: 0 | JMP: 0 | state: 0010 | ld_ac: 0 | alu_enable: 0
State IDLE: 0010
Time: 151000 | PC_out: 0c | Opcode: 101 | Operand: 11010 | Accumulator: 0 | ALU_Result: 0 | Instr: dc | Data_Mem: 00 | Wr_En: 0 | Mux_Sel: 1 | PC_En: 0 | SKZ: 0 | JMP: 0 | state: 0011 | ld_ac: 0 | alu_enable: 0
State OP_ADDR: 0011
Time: 153000 | PC_out: 0c | Opcode: 110 | Operand: 11100 | Accumulator: 0 | ALU_Result: 0 | Instr: dc | Data_Mem: 00 | Wr_En: 0 | Mux_Sel: 0 | PC_En: 0 | SKZ: 0 | JMP: 0 | state: 0100 | ld_ac: 0 | alu_enable: 0
State OP_FETCH: 0100
Time: 155000 | PC_out: 0c | Opcode: 110 | Operand: 11100 | Accumulator: 0 | ALU_Result: 0 | Instr: dc | Data_Mem: 00 | Wr_En: 0 | Mux_Sel: 0 | PC_En: 0 | SKZ: 0 | JMP: 0 | state: 0101 | ld_ac: 0 | alu_enable: 0
State ALU_OP: 0101
Time: 157000 | PC_out: 0c | Opcode: 110 | Operand: 11100 | Accumulator: 0 | ALU_Result: 0 | Instr: dc | Data_Mem: ff | Wr_En: 0 | Mux_Sel: 0 | PC_En: 0 | SKZ: 0 | JMP: 0 | state: 0110 | ld_ac: 0 | alu_enable: 0
State STORE: 0110
Time: 159000 | PC_out: 0c | Opcode: 110 | Operand: 11100 | Accumulator: 0 | ALU_Result: 0 | Instr: dc | Data_Mem: 00 | Wr_En: 1 | Mux_Sel: 1 | PC_En: 0 | SKZ: 0 | JMP: 0 | state: 0111 | ld_ac: 0 | alu_enable: 0
State INST_ADDR: 0111
Time: 161000 | PC_out: 0c | Opcode: 110 | Operand: 11100 | Accumulator: 0 | ALU_Result: 0 | Instr: dc | Data_Mem: ff | Wr_En: 0 | Mux_Sel: 1 | PC_En: 1 | SKZ: 0 | JMP: 0 | state: 0000 | ld_ac: 0 | alu_enable: 0
State INST_FETCH: 0000
Time: 163000 | PC_out: 0d | Opcode: 110 | Operand: 11100 | Accumulator: 0 | ALU_Result: 0 | Instr: dc | Data_Mem: 00 | Wr_En: 0 | Mux_Sel: 1 | PC_En: 0 | SKZ: 0 | JMP: 0 | state: 0001 | ld_ac: 0 | alu_enable: 0
State INST_LOAD: 0001
Time: 165000 | PC_out: 0d | Opcode: 110 | Operand: 11100 | Accumulator: 0 | ALU_Result: 0 | Instr: dc | Data_Mem: 00 | Wr_En: 0 | Mux_Sel: 1 | PC_En: 0 | SKZ: 0 | JMP: 0 | state: 0010 | ld_ac: 0 | alu_enable: 0
State IDLE: 0010
Time: 167000 | PC_out: 0d | Opcode: 110 | Operand: 11100 | Accumulator: 0 | ALU_Result: 0 | Instr: bc | Data_Mem: 00 | Wr_En: 0 | Mux_Sel: 1 | PC_En: 0 | SKZ: 0 | JMP: 0 | state: 0011 | ld_ac: 0 | alu_enable: 0
State OP_ADDR: 0011
Time: 169000 | PC_out: 0d | Opcode: 101 | Operand: 11100 | Accumulator: 0 | ALU_Result: 0 | Instr: bc | Data_Mem: 00 | Wr_En: 0 | Mux_Sel: 0 | PC_En: 0 | SKZ: 0 | JMP: 0 | state: 0100 | ld_ac: 0 | alu_enable: 0
State OP_FETCH: 0100
Time: 171000 | PC_out: 0d | Opcode: 101 | Operand: 11100 | Accumulator: 0 | ALU_Result: 0 | Instr: bc | Data_Mem: 00 | Wr_En: 0 | Mux_Sel: 0 | PC_En: 0 | SKZ: 0 | JMP: 0 | state: 0101 | ld_ac: 0 | alu_enable: 1
State ALU_OP: 0101
Time: 173000 | PC_out: 0d | Opcode: 101 | Operand: 11100 | Accumulator: 0 | ALU_Result: 0 | Instr: bc | Data_Mem: 00 | Wr_En: 0 | Mux_Sel: 0 | PC_En: 0 | SKZ: 0 | JMP: 0 | state: 0110 | ld_ac: 1 | alu_enable: 1
State STORE: 0110
Time: 175000 | PC_out: 0d | Opcode: 101 | Operand: 11100 | Accumulator: 0 | ALU_Result: 0 | Instr: bc | Data_Mem: 00 | Wr_En: 0 | Mux_Sel: 1 | PC_En: 0 | SKZ: 0 | JMP: 0 | state: 0111 | ld_ac: 1 | alu_enable: 0
State INST_ADDR: 0111
Time: 177000 | PC_out: 0d | Opcode: 101 | Operand: 11100 | Accumulator: 0 | ALU_Result: 0 | Instr: bc | Data_Mem: 00 | Wr_En: 0 | Mux_Sel: 1 | PC_En: 1 | SKZ: 0 | JMP: 0 | state: 0000 | ld_ac: 0 | alu_enable: 0
State INST_FETCH: 0000
Time: 179000 | PC_out: 0e | Opcode: 101 | Operand: 11100 | Accumulator: 0 | ALU_Result: 0 | Instr: bc | Data_Mem: 00 | Wr_En: 0 | Mux_Sel: 1 | PC_En: 0 | SKZ: 0 | JMP: 0 | state: 0001 | ld_ac: 0 | alu_enable: 0
State INST_LOAD: 0001
Time: 181000 | PC_out: 0e | Opcode: 101 | Operand: 11100 | Accumulator: 0 | ALU_Result: 0 | Instr: bc | Data_Mem: 00 | Wr_En: 0 | Mux_Sel: 1 | PC_En: 0 | SKZ: 0 | JMP: 0 | state: 0010 | ld_ac: 0 | alu_enable: 0
State IDLE: 0010
Time: 183000 | PC_out: 0e | Opcode: 101 | Operand: 11100 | Accumulator: 0 | ALU_Result: 0 | Instr: 20 | Data_Mem: 00 | Wr_En: 0 | Mux_Sel: 1 | PC_En: 0 | SKZ: 0 | JMP: 0 | state: 0011 | ld_ac: 0 | alu_enable: 0
State OP_ADDR: 0011
Time: 185000 | PC_out: 0e | Opcode: 001 | Operand: 00000 | Accumulator: 0 | ALU_Result: 0 | Instr: 20 | Data_Mem: 00 | Wr_En: 0 | Mux_Sel: 0 | PC_En: 0 | SKZ: 0 | JMP: 0 | state: 0100 | ld_ac: 0 | alu_enable: 0
State OP_FETCH: 0100
Time: 187000 | PC_out: 0e | Opcode: 001 | Operand: 00000 | Accumulator: 0 | ALU_Result: 0 | Instr: 20 | Data_Mem: 00 | Wr_En: 0 | Mux_Sel: 0 | PC_En: 0 | SKZ: 1 | JMP: 0 | state: 0101 | ld_ac: 0 | alu_enable: 0
State ALU_OP: 0101
Time: 189000 | PC_out: 0e | Opcode: 001 | Operand: 00000 | Accumulator: 0 | ALU_Result: 0 | Instr: 20 | Data_Mem: 00 | Wr_En: 0 | Mux_Sel: 0 | PC_En: 0 | SKZ: 1 | JMP: 0 | state: 0110 | ld_ac: 0 | alu_enable: 0
State STORE: 0110
Time: 191000 | PC_out: 0e | Opcode: 001 | Operand: 00000 | Accumulator: 0 | ALU_Result: 0 | Instr: 20 | Data_Mem: 00 | Wr_En: 0 | Mux_Sel: 1 | PC_En: 1 | SKZ: 1 | JMP: 0 | state: 0111 | ld_ac: 0 | alu_enable: 0
State INST_ADDR: 0111
Time: 193000 | PC_out: 10 | Opcode: 001 | Operand: 00000 | Accumulator: 0 | ALU_Result: 0 | Instr: 20 | Data_Mem: 00 | Wr_En: 0 | Mux_Sel: 1 | PC_En: 0 | SKZ: 0 | JMP: 0 | state: 0000 | ld_ac: 0 | alu_enable: 0
State INST_FETCH: 0000
Time: 195000 | PC_out: 10 | Opcode: 001 | Operand: 00000 | Accumulator: 0 | ALU_Result: 0 | Instr: 20 | Data_Mem: 00 | Wr_En: 0 | Mux_Sel: 1 | PC_En: 0 | SKZ: 0 | JMP: 0 | state: 0001 | ld_ac: 0 | alu_enable: 0
State INST_LOAD: 0001
Time: 197000 | PC_out: 10 | Opcode: 001 | Operand: 00000 | Accumulator: 0 | ALU_Result: 0 | Instr: 9b | Data_Mem: 00 | Wr_En: 0 | Mux_Sel: 1 | PC_En: 0 | SKZ: 0 | JMP: 0 | state: 0010 | ld_ac: 0 | alu_enable: 0
State IDLE: 0010
Time: 199000 | PC_out: 10 | Opcode: 100 | Operand: 11011 | Accumulator: 0 | ALU_Result: 0 | Instr: 9b | Data_Mem: 00 | Wr_En: 0 | Mux_Sel: 1 | PC_En: 0 | SKZ: 0 | JMP: 0 | state: 0011 | ld_ac: 0 | alu_enable: 0
State OP_ADDR: 0011
Time: 201000 | PC_out: 10 | Opcode: 100 | Operand: 11011 | Accumulator: 0 | ALU_Result: 0 | Instr: 9b | Data_Mem: 00 | Wr_En: 0 | Mux_Sel: 0 | PC_En: 0 | SKZ: 0 | JMP: 0 | state: 0100 | ld_ac: 0 | alu_enable: 0
State OP_FETCH: 0100
Time: 203000 | PC_out: 10 | Opcode: 100 | Operand: 11011 | Accumulator: 0 | ALU_Result: 0 | Instr: 9b | Data_Mem: 00 | Wr_En: 0 | Mux_Sel: 0 | PC_En: 0 | SKZ: 0 | JMP: 0 | state: 0101 | ld_ac: 0 | alu_enable: 1
State ALU_OP: 0101
Time: 205000 | PC_out: 10 | Opcode: 100 | Operand: 11011 | Accumulator: 0 | ALU_Result: 0 | Instr: 9b | Data_Mem: ff | Wr_En: 0 | Mux_Sel: 0 | PC_En: 0 | SKZ: 0 | JMP: 0 | state: 0110 | ld_ac: 1 | alu_enable: 1
State STORE: 0110
Time: 207000 | PC_out: 10 | Opcode: 100 | Operand: 11011 | Accumulator: 0 | ALU_Result: 255 | Instr: 9b | Data_Mem: ff | Wr_En: 0 | Mux_Sel: 1 | PC_En: 0 | SKZ: 0 | JMP: 0 | state: 0111 | ld_ac: 1 | alu_enable: 0
State INST_ADDR: 0111
Time: 209000 | PC_out: 10 | Opcode: 100 | Operand: 11011 | Accumulator: 11111111 | ALU_Result: 255 | Instr: 9b | Data_Mem: ff | Wr_En: 0 | Mux_Sel: 1 | PC_En: 1 | SKZ: 0 | JMP: 0 | state: 0000 | ld_ac: 0 | alu_enable: 0
State INST_FETCH: 0000
Time: 211000 | PC_out: 11 | Opcode: 100 | Operand: 11011 | Accumulator: 11111111 | ALU_Result: 255 | Instr: 9b | Data_Mem: ff | Wr_En: 0 | Mux_Sel: 1 | PC_En: 0 | SKZ: 0 | JMP: 0 | state: 0001 | ld_ac: 0 | alu_enable: 0
State INST_LOAD: 0001
Time: 213000 | PC_out: 11 | Opcode: 100 | Operand: 11011 | Accumulator: 11111111 | ALU_Result: 255 | Instr: 9b | Data_Mem: ff | Wr_En: 0 | Mux_Sel: 1 | PC_En: 0 | SKZ: 0 | JMP: 0 | state: 0010 | ld_ac: 0 | alu_enable: 0
State IDLE: 0010
Time: 215000 | PC_out: 11 | Opcode: 100 | Operand: 11011 | Accumulator: 11111111 | ALU_Result: 255 | Instr: 20 | Data_Mem: ff | Wr_En: 0 | Mux_Sel: 1 | PC_En: 0 | SKZ: 0 | JMP: 0 | state: 0011 | ld_ac: 0 | alu_enable: 0
State OP_ADDR: 0011
Time: 217000 | PC_out: 11 | Opcode: 001 | Operand: 00000 | Accumulator: 11111111 | ALU_Result: 255 | Instr: 20 | Data_Mem: ff | Wr_En: 0 | Mux_Sel: 0 | PC_En: 0 | SKZ: 0 | JMP: 0 | state: 0100 | ld_ac: 0 | alu_enable: 0
State OP_FETCH: 0100
Time: 219000 | PC_out: 11 | Opcode: 001 | Operand: 00000 | Accumulator: 11111111 | ALU_Result: 255 | Instr: 20 | Data_Mem: ff | Wr_En: 0 | Mux_Sel: 0 | PC_En: 0 | SKZ: 1 | JMP: 0 | state: 0101 | ld_ac: 0 | alu_enable: 0
State ALU_OP: 0101
Time: 221000 | PC_out: 11 | Opcode: 001 | Operand: 00000 | Accumulator: 11111111 | ALU_Result: 255 | Instr: 20 | Data_Mem: 00 | Wr_En: 0 | Mux_Sel: 0 | PC_En: 0 | SKZ: 1 | JMP: 0 | state: 0110 | ld_ac: 0 | alu_enable: 0
State STORE: 0110
Time: 223000 | PC_out: 11 | Opcode: 001 | Operand: 00000 | Accumulator: 11111111 | ALU_Result: 255 | Instr: 20 | Data_Mem: 00 | Wr_En: 0 | Mux_Sel: 1 | PC_En: 1 | SKZ: 1 | JMP: 0 | state: 0111 | ld_ac: 0 | alu_enable: 0
State INST_ADDR: 0111
Time: 225000 | PC_out: 12 | Opcode: 001 | Operand: 00000 | Accumulator: 11111111 | ALU_Result: 255 | Instr: 20 | Data_Mem: 00 | Wr_En: 0 | Mux_Sel: 1 | PC_En: 0 | SKZ: 0 | JMP: 0 | state: 0000 | ld_ac: 0 | alu_enable: 0
State INST_FETCH: 0000
Time: 227000 | PC_out: 12 | Opcode: 001 | Operand: 00000 | Accumulator: 11111111 | ALU_Result: 255 | Instr: 20 | Data_Mem: 00 | Wr_En: 0 | Mux_Sel: 1 | PC_En: 0 | SKZ: 0 | JMP: 0 | state: 0001 | ld_ac: 0 | alu_enable: 0
State INST_LOAD: 0001
Time: 229000 | PC_out: 12 | Opcode: 001 | Operand: 00000 | Accumulator: 11111111 | ALU_Result: 255 | Instr: f4 | Data_Mem: 00 | Wr_En: 0 | Mux_Sel: 1 | PC_En: 0 | SKZ: 0 | JMP: 0 | state: 0010 | ld_ac: 0 | alu_enable: 0
State IDLE: 0010
Time: 231000 | PC_out: 12 | Opcode: 111 | Operand: 10100 | Accumulator: 11111111 | ALU_Result: 255 | Instr: f4 | Data_Mem: 00 | Wr_En: 0 | Mux_Sel: 1 | PC_En: 0 | SKZ: 0 | JMP: 0 | state: 0011 | ld_ac: 0 | alu_enable: 0
State OP_ADDR: 0011
Time: 233000 | PC_out: 12 | Opcode: 111 | Operand: 10100 | Accumulator: 11111111 | ALU_Result: 255 | Instr: f4 | Data_Mem: 00 | Wr_En: 0 | Mux_Sel: 0 | PC_En: 0 | SKZ: 0 | JMP: 0 | state: 0100 | ld_ac: 0 | alu_enable: 0
State OP_FETCH: 0100
Time: 235000 | PC_out: 12 | Opcode: 111 | Operand: 10100 | Accumulator: 11111111 | ALU_Result: 255 | Instr: f4 | Data_Mem: 00 | Wr_En: 0 | Mux_Sel: 0 | PC_En: 0 | SKZ: 0 | JMP: 1 | state: 0101 | ld_ac: 0 | alu_enable: 0
State ALU_OP: 0101
Time: 237000 | PC_out: 12 | Opcode: 111 | Operand: 10100 | Accumulator: 11111111 | ALU_Result: 255 | Instr: f4 | Data_Mem: 00 | Wr_En: 0 | Mux_Sel: 0 | PC_En: 0 | SKZ: 0 | JMP: 1 | state: 0110 | ld_ac: 0 | alu_enable: 0
State STORE: 0110
Time: 239000 | PC_out: 12 | Opcode: 111 | Operand: 10100 | Accumulator: 11111111 | ALU_Result: 255 | Instr: f4 | Data_Mem: 00 | Wr_En: 0 | Mux_Sel: 1 | PC_En: 1 | SKZ: 0 | JMP: 1 | state: 0111 | ld_ac: 0 | alu_enable: 0
State INST_ADDR: 0111
Time: 241000 | PC_out: 14 | Opcode: 111 | Operand: 10100 | Accumulator: 11111111 | ALU_Result: 255 | Instr: f4 | Data_Mem: 00 | Wr_En: 0 | Mux_Sel: 1 | PC_En: 0 | SKZ: 0 | JMP: 0 | state: 0000 | ld_ac: 0 | alu_enable: 0
State INST_FETCH: 0000
Time: 243000 | PC_out: 14 | Opcode: 111 | Operand: 10100 | Accumulator: 11111111 | ALU_Result: 255 | Instr: f4 | Data_Mem: 00 | Wr_En: 0 | Mux_Sel: 1 | PC_En: 0 | SKZ: 0 | JMP: 0 | state: 0001 | ld_ac: 0 | alu_enable: 0
State INST_LOAD: 0001
Time: 245000 | PC_out: 14 | Opcode: 111 | Operand: 10100 | Accumulator: 11111111 | ALU_Result: 255 | Instr: 9b | Data_Mem: 00 | Wr_En: 0 | Mux_Sel: 1 | PC_En: 0 | SKZ: 0 | JMP: 0 | state: 0010 | ld_ac: 0 | alu_enable: 0
State IDLE: 0010
Time: 247000 | PC_out: 14 | Opcode: 100 | Operand: 11011 | Accumulator: 11111111 | ALU_Result: 255 | Instr: 9b | Data_Mem: 00 | Wr_En: 0 | Mux_Sel: 1 | PC_En: 0 | SKZ: 0 | JMP: 0 | state: 0011 | ld_ac: 0 | alu_enable: 0
State OP_ADDR: 0011
Time: 249000 | PC_out: 14 | Opcode: 100 | Operand: 11011 | Accumulator: 11111111 | ALU_Result: 255 | Instr: 9b | Data_Mem: 00 | Wr_En: 0 | Mux_Sel: 0 | PC_En: 0 | SKZ: 0 | JMP: 0 | state: 0100 | ld_ac: 0 | alu_enable: 0
State OP_FETCH: 0100
Time: 251000 | PC_out: 14 | Opcode: 100 | Operand: 11011 | Accumulator: 11111111 | ALU_Result: 255 | Instr: 9b | Data_Mem: 00 | Wr_En: 0 | Mux_Sel: 0 | PC_En: 0 | SKZ: 0 | JMP: 0 | state: 0101 | ld_ac: 0 | alu_enable: 1
State ALU_OP: 0101
Time: 253000 | PC_out: 14 | Opcode: 100 | Operand: 11011 | Accumulator: 11111111 | ALU_Result: 255 | Instr: 9b | Data_Mem: ff | Wr_En: 0 | Mux_Sel: 0 | PC_En: 0 | SKZ: 0 | JMP: 0 | state: 0110 | ld_ac: 1 | alu_enable: 1
State STORE: 0110
Time: 255000 | PC_out: 14 | Opcode: 100 | Operand: 11011 | Accumulator: 11111111 | ALU_Result: 0 | Instr: 9b | Data_Mem: ff | Wr_En: 0 | Mux_Sel: 1 | PC_En: 0 | SKZ: 0 | JMP: 0 | state: 0111 | ld_ac: 1 | alu_enable: 0
State INST_ADDR: 0111
Time: 257000 | PC_out: 14 | Opcode: 100 | Operand: 11011 | Accumulator: 0 | ALU_Result: 0 | Instr: 9b | Data_Mem: ff | Wr_En: 0 | Mux_Sel: 1 | PC_En: 1 | SKZ: 0 | JMP: 0 | state: 0000 | ld_ac: 0 | alu_enable: 0
State INST_FETCH: 0000
Time: 259000 | PC_out: 15 | Opcode: 100 | Operand: 11011 | Accumulator: 0 | ALU_Result: 0 | Instr: 9b | Data_Mem: ff | Wr_En: 0 | Mux_Sel: 1 | PC_En: 0 | SKZ: 0 | JMP: 0 | state: 0001 | ld_ac: 0 | alu_enable: 0
State INST_LOAD: 0001
Time: 261000 | PC_out: 15 | Opcode: 100 | Operand: 11011 | Accumulator: 0 | ALU_Result: 0 | Instr: 9b | Data_Mem: ff | Wr_En: 0 | Mux_Sel: 1 | PC_En: 0 | SKZ: 0 | JMP: 0 | state: 0010 | ld_ac: 0 | alu_enable: 0
State IDLE: 0010
Time: 263000 | PC_out: 15 | Opcode: 100 | Operand: 11011 | Accumulator: 0 | ALU_Result: 0 | Instr: 20 | Data_Mem: ff | Wr_En: 0 | Mux_Sel: 1 | PC_En: 0 | SKZ: 0 | JMP: 0 | state: 0011 | ld_ac: 0 | alu_enable: 0
State OP_ADDR: 0011
Time: 265000 | PC_out: 15 | Opcode: 001 | Operand: 00000 | Accumulator: 0 | ALU_Result: 0 | Instr: 20 | Data_Mem: ff | Wr_En: 0 | Mux_Sel: 0 | PC_En: 0 | SKZ: 0 | JMP: 0 | state: 0100 | ld_ac: 0 | alu_enable: 0
State OP_FETCH: 0100
Time: 267000 | PC_out: 15 | Opcode: 001 | Operand: 00000 | Accumulator: 0 | ALU_Result: 0 | Instr: 20 | Data_Mem: ff | Wr_En: 0 | Mux_Sel: 0 | PC_En: 0 | SKZ: 1 | JMP: 0 | state: 0101 | ld_ac: 0 | alu_enable: 0
State ALU_OP: 0101
Time: 269000 | PC_out: 15 | Opcode: 001 | Operand: 00000 | Accumulator: 0 | ALU_Result: 0 | Instr: 20 | Data_Mem: 00 | Wr_En: 0 | Mux_Sel: 0 | PC_En: 0 | SKZ: 1 | JMP: 0 | state: 0110 | ld_ac: 0 | alu_enable: 0
State STORE: 0110
Time: 271000 | PC_out: 15 | Opcode: 001 | Operand: 00000 | Accumulator: 0 | ALU_Result: 0 | Instr: 20 | Data_Mem: 00 | Wr_En: 0 | Mux_Sel: 1 | PC_En: 1 | SKZ: 1 | JMP: 0 | state: 0111 | ld_ac: 0 | alu_enable: 0
State INST_ADDR: 0111
Time: 273000 | PC_out: 17 | Opcode: 001 | Operand: 00000 | Accumulator: 0 | ALU_Result: 0 | Instr: 20 | Data_Mem: 00 | Wr_En: 0 | Mux_Sel: 1 | PC_En: 0 | SKZ: 0 | JMP: 0 | state: 0000 | ld_ac: 0 | alu_enable: 0
State INST_FETCH: 0000
Time: 275000 | PC_out: 17 | Opcode: 001 | Operand: 00000 | Accumulator: 0 | ALU_Result: 0 | Instr: 20 | Data_Mem: 00 | Wr_En: 0 | Mux_Sel: 1 | PC_En: 0 | SKZ: 0 | JMP: 0 | state: 0001 | ld_ac: 0 | alu_enable: 0
State INST_LOAD: 0001
Time: 277000 | PC_out: 17 | Opcode: 001 | Operand: 00000 | Accumulator: 0 | ALU_Result: 0 | Instr: 00 | Data_Mem: 00 | Wr_En: 0 | Mux_Sel: 1 | PC_En: 0 | SKZ: 0 | JMP: 0 | state: 0010 | ld_ac: 0 | alu_enable: 0
State IDLE: 0010
Time: 279000 | PC_out: 17 | Opcode: 000 | Operand: 00000 | Accumulator: 0 | ALU_Result: 0 | Instr: 00 | Data_Mem: 00 | Wr_En: 0 | Mux_Sel: 1 | PC_En: 0 | SKZ: 0 | JMP: 0 | state: 0011 | ld_ac: 0 | alu_enable: 0
State OP_ADDR: 0011
Time: 281000 | PC_out: 17 | Opcode: 000 | Operand: 00000 | Accumulator: 0 | ALU_Result: 0 | Instr: 00 | Data_Mem: 00 | Wr_En: 0 | Mux_Sel: 0 | PC_En: 0 | SKZ: 0 | JMP: 0 | state: 0100 | ld_ac: 0 | alu_enable: 0
State OP_FETCH: 0100
Time: 283000 | PC_out: 17 | Opcode: 000 | Operand: 00000 | Accumulator: 0 | ALU_Result: 0 | Instr: 00 | Data_Mem: 00 | Wr_En: 0 | Mux_Sel: 0 | PC_En: 0 | SKZ: 0 | JMP: 0 | state: 1000 | ld_ac: 0 | alu_enable: 0
INFO: [USF-XSim-96] XSim completed. Design snapshot 'RISC_CPU_tb_time_synth' loaded.
INFO: [USF-XSim-97] XSim simulation ran for 1000ns
launch_simulation: Time (s): cpu = 00:00:03 ; elapsed = 00:00:07 . Memory (MB): peak = 3015.879 ; gain = 46.074
report_methodology -name ultrafast_methodology_1
Command: report_methodology -name ultrafast_methodology_1
INFO: [Timing 38-35] Done setting XDC timing constraints.
INFO: [DRC 23-133] Running Methodology with 2 threads
report_methodology completed successfully
report_timing_summary -delay_type min_max -report_unconstrained -check_timing_verbose -max_paths 10 -input_pins -routable_nets -name timing_2
INFO: [Timing 38-35] Done setting XDC timing constraints.
INFO: [Timing 38-91] UpdateTimingParams: Speed grade: -1, Delay Type: min_max.
INFO: [Timing 38-191] Multithreading enabled for timing update using a maximum of 2 CPUs
